{"Timestamp":"2023-06-11T19:59:49.6412986+02:00","Level":"Information","MessageTemplate":"Now listening on: {address}","Properties":{"address":"https://localhost:5001","EventId":{"Id":14,"Name":"ListeningOnAddress"},"SourceContext":"Microsoft.Hosting.Lifetime","ApplicationName":"Barn.Api"}}
{"Timestamp":"2023-06-11T19:59:49.6753802+02:00","Level":"Information","MessageTemplate":"Now listening on: {address}","Properties":{"address":"http://localhost:5000","EventId":{"Id":14,"Name":"ListeningOnAddress"},"SourceContext":"Microsoft.Hosting.Lifetime","ApplicationName":"Barn.Api"}}
{"Timestamp":"2023-06-11T19:59:49.6780396+02:00","Level":"Information","MessageTemplate":"Application started. Press Ctrl+C to shut down.","Properties":{"SourceContext":"Microsoft.Hosting.Lifetime","ApplicationName":"Barn.Api"}}
{"Timestamp":"2023-06-11T19:59:49.6783212+02:00","Level":"Information","MessageTemplate":"Hosting environment: {EnvName}","Properties":{"EnvName":"Development","SourceContext":"Microsoft.Hosting.Lifetime","ApplicationName":"Barn.Api"}}
{"Timestamp":"2023-06-11T19:59:49.6784247+02:00","Level":"Information","MessageTemplate":"Content root path: {ContentRoot}","Properties":{"ContentRoot":"C:\\Repos\\Birk.Bestillingsveiviser.Web\\Birk.Client.Bestilling","SourceContext":"Microsoft.Hosting.Lifetime","ApplicationName":"Barn.Api"}}
{"Timestamp":"2023-06-11T19:59:52.3692546+02:00","Level":"Information","MessageTemplate":"Entering {Method}","Properties":{"Method":"InitializeDropdownsAsync","SourceContext":"Birk.Client.Bestilling.Pages.Bestilling","ActionId":"87fa0b75-2efe-4a37-89e6-5eaaa6851a28","ActionName":"/_Host","RequestId":"0HMRAKMJ6OQHH:00000001","RequestPath":"/","ConnectionId":"0HMRAKMJ6OQHH","ApplicationName":"Barn.Api","CorrelationId":"be8b8c62-d19a-47c5-8171-86d9b34147e0"}}
{"Timestamp":"2023-06-11T19:59:52.3724631+02:00","Level":"Information","MessageTemplate":"Entering {Method}","Properties":{"Method":"GetTypes","SourceContext":"Birk.Client.Bestilling.Services.Implementation.KodeverkService","ActionId":"87fa0b75-2efe-4a37-89e6-5eaaa6851a28","ActionName":"/_Host","RequestId":"0HMRAKMJ6OQHH:00000001","RequestPath":"/","ConnectionId":"0HMRAKMJ6OQHH","ApplicationName":"Barn.Api","CorrelationId":"be8b8c62-d19a-47c5-8171-86d9b34147e0"}}
{"Timestamp":"2023-06-11T19:59:56.5268723+02:00","Level":"Information","MessageTemplate":"Exiting {Method}","Properties":{"Method":"InitializeDropdownsAsync","SourceContext":"Birk.Client.Bestilling.Pages.Bestilling","ActionId":"87fa0b75-2efe-4a37-89e6-5eaaa6851a28","ActionName":"/_Host","RequestId":"0HMRAKMJ6OQHH:00000001","RequestPath":"/","ConnectionId":"0HMRAKMJ6OQHH","ApplicationName":"Barn.Api","CorrelationId":"be8b8c62-d19a-47c5-8171-86d9b34147e0"}}
{"Timestamp":"2023-06-11T19:59:57.9371296+02:00","Level":"Information","MessageTemplate":"Entering {Method}","Properties":{"Method":"InitializeDropdownsAsync","SourceContext":"Birk.Client.Bestilling.Pages.Bestilling","TransportConnectionId":"c7scexOzLIHwhXTUuaVsNg","RequestId":"0HMRAKMJ6OQHH:0000003D","RequestPath":"/_blazor","ConnectionId":"0HMRAKMJ6OQHH","ApplicationName":"Barn.Api"}}
{"Timestamp":"2023-06-11T19:59:58.1544404+02:00","Level":"Information","MessageTemplate":"Entering {Method}","Properties":{"Method":"GetTypes","SourceContext":"Birk.Client.Bestilling.Services.Implementation.KodeverkService","TransportConnectionId":"c7scexOzLIHwhXTUuaVsNg","RequestId":"0HMRAKMJ6OQHH:0000003D","RequestPath":"/_blazor","ConnectionId":"0HMRAKMJ6OQHH","ApplicationName":"Barn.Api"}}
{"Timestamp":"2023-06-11T19:59:58.3300349+02:00","Level":"Information","MessageTemplate":"Exiting {Method}","Properties":{"Method":"InitializeDropdownsAsync","SourceContext":"Birk.Client.Bestilling.Pages.Bestilling","TransportConnectionId":"c7scexOzLIHwhXTUuaVsNg","RequestId":"0HMRAKMJ6OQHH:0000003D","RequestPath":"/_blazor","ConnectionId":"0HMRAKMJ6OQHH","ApplicationName":"Barn.Api"}}
