{"Timestamp":"2023-02-26T02:51:20.1925542+01:00","Level":"Information","MessageTemplate":"Received a request for: /bestillingtypes","Properties":{"SourceContext":"RequestAuditor","RequestId":"0HMOMP32D279S:00000001","RequestPath":"/bestillingtypes","ConnectionId":"0HMOMP32D279S","ApplicationName":"Barn.Api","CorrelationId":"1e3b1a42-b632-4ee9-81db-01e2bf25967a"}}
{"Timestamp":"2023-02-26T02:51:20.3147647+01:00","Level":"Information","MessageTemplate":"Method reached: {Method}","Properties":{"Method":"BestillingTypes","SourceContext":"BirkKodeverkAPI.Api.Data.IApiRepository","RequestId":"0HMOMP32D279S:00000001","RequestPath":"/bestillingtypes","ConnectionId":"0HMOMP32D279S","ApplicationName":"Barn.Api","CorrelationId":"1e3b1a42-b632-4ee9-81db-01e2bf25967a"}}
{"Timestamp":"2023-02-26T02:51:20.4847360+01:00","Level":"Information","MessageTemplate":"Executed DbCommand ({elapsed}ms) [Parameters=[{parameters}], CommandType='{commandType}', CommandTimeout='{commandTimeout}']{newLine}{commandText}","Properties":{"elapsed":"25","parameters":"","commandType":"Text","commandTimeout":30,"newLine":"\r\n","commandText":"SELECT [b].[BestillingTypePk], [b].[Beskrivelse], [b].[EndretAv], [b].[EndretDato], [b].[GyldigFraDato], [b].[GyldigTilDato], [b].[RegAv], [b].[RegDato], [b].[Rekkefølge], [b].[Verdi]\r\nFROM [BestillingType] AS [b]","EventId":{"Id":20101,"Name":"Microsoft.EntityFrameworkCore.Database.Command.CommandExecuted"},"SourceContext":"Microsoft.EntityFrameworkCore.Database.Command","RequestId":"0HMOMP32D279S:00000001","RequestPath":"/bestillingtypes","ConnectionId":"0HMOMP32D279S","ApplicationName":"Barn.Api","CorrelationId":"1e3b1a42-b632-4ee9-81db-01e2bf25967a"}}
{"Timestamp":"2023-02-26T02:51:23.7391016+01:00","Level":"Information","MessageTemplate":"Received a request for: /bestillingtypes","Properties":{"SourceContext":"RequestAuditor","RequestId":"0HMOMP32D279T:00000001","RequestPath":"/bestillingtypes","ConnectionId":"0HMOMP32D279T","ApplicationName":"Barn.Api","CorrelationId":"d0eaae18-81ac-4313-8a11-b8b0e575bf81"}}
{"Timestamp":"2023-02-26T02:51:23.7393271+01:00","Level":"Information","MessageTemplate":"Method reached: {Method}","Properties":{"Method":"BestillingTypes","SourceContext":"BirkKodeverkAPI.Api.Data.IApiRepository","RequestId":"0HMOMP32D279T:00000001","RequestPath":"/bestillingtypes","ConnectionId":"0HMOMP32D279T","ApplicationName":"Barn.Api","CorrelationId":"d0eaae18-81ac-4313-8a11-b8b0e575bf81"}}
{"Timestamp":"2023-02-26T02:51:23.7509375+01:00","Level":"Information","MessageTemplate":"Executed DbCommand ({elapsed}ms) [Parameters=[{parameters}], CommandType='{commandType}', CommandTimeout='{commandTimeout}']{newLine}{commandText}","Properties":{"elapsed":"10","parameters":"","commandType":"Text","commandTimeout":30,"newLine":"\r\n","commandText":"SELECT [b].[BestillingTypePk], [b].[Beskrivelse], [b].[EndretAv], [b].[EndretDato], [b].[GyldigFraDato], [b].[GyldigTilDato], [b].[RegAv], [b].[RegDato], [b].[Rekkefølge], [b].[Verdi]\r\nFROM [BestillingType] AS [b]","EventId":{"Id":20101,"Name":"Microsoft.EntityFrameworkCore.Database.Command.CommandExecuted"},"SourceContext":"Microsoft.EntityFrameworkCore.Database.Command","RequestId":"0HMOMP32D279T:00000001","RequestPath":"/bestillingtypes","ConnectionId":"0HMOMP32D279T","ApplicationName":"Barn.Api","CorrelationId":"d0eaae18-81ac-4313-8a11-b8b0e575bf81"}}
{"Timestamp":"2023-02-26T13:55:29.9303623+01:00","Level":"Information","MessageTemplate":"Received a request for: /bestillingtypes","Properties":{"SourceContext":"RequestAuditor","RequestId":"0HMOMP32D279U:00000001","RequestPath":"/bestillingtypes","ConnectionId":"0HMOMP32D279U","ApplicationName":"Barn.Api","CorrelationId":"7fd334dc-75af-4b01-9f54-89d68a084424"}}
{"Timestamp":"2023-02-26T13:55:29.9311274+01:00","Level":"Information","MessageTemplate":"Method reached: {Method}","Properties":{"Method":"BestillingTypes","SourceContext":"BirkKodeverkAPI.Api.Data.IApiRepository","RequestId":"0HMOMP32D279U:00000001","RequestPath":"/bestillingtypes","ConnectionId":"0HMOMP32D279U","ApplicationName":"Barn.Api","CorrelationId":"7fd334dc-75af-4b01-9f54-89d68a084424"}}
{"Timestamp":"2023-02-26T13:55:30.1825218+01:00","Level":"Information","MessageTemplate":"Executed DbCommand ({elapsed}ms) [Parameters=[{parameters}], CommandType='{commandType}', CommandTimeout='{commandTimeout}']{newLine}{commandText}","Properties":{"elapsed":"22","parameters":"","commandType":"Text","commandTimeout":30,"newLine":"\r\n","commandText":"SELECT [b].[BestillingTypePk], [b].[Beskrivelse], [b].[EndretAv], [b].[EndretDato], [b].[GyldigFraDato], [b].[GyldigTilDato], [b].[RegAv], [b].[RegDato], [b].[Rekkefølge], [b].[Verdi]\r\nFROM [BestillingType] AS [b]","EventId":{"Id":20101,"Name":"Microsoft.EntityFrameworkCore.Database.Command.CommandExecuted"},"SourceContext":"Microsoft.EntityFrameworkCore.Database.Command","RequestId":"0HMOMP32D279U:00000001","RequestPath":"/bestillingtypes","ConnectionId":"0HMOMP32D279U","ApplicationName":"Barn.Api","CorrelationId":"7fd334dc-75af-4b01-9f54-89d68a084424"}}
{"Timestamp":"2023-02-26T13:55:32.7450440+01:00","Level":"Information","MessageTemplate":"Received a request for: /bestillingtypes","Properties":{"SourceContext":"RequestAuditor","RequestId":"0HMOMP32D279V:00000001","RequestPath":"/bestillingtypes","ConnectionId":"0HMOMP32D279V","ApplicationName":"Barn.Api","CorrelationId":"18b457f8-9df1-4c0d-99c8-d5f8a08dc06e"}}
{"Timestamp":"2023-02-26T13:55:32.7453207+01:00","Level":"Information","MessageTemplate":"Method reached: {Method}","Properties":{"Method":"BestillingTypes","SourceContext":"BirkKodeverkAPI.Api.Data.IApiRepository","RequestId":"0HMOMP32D279V:00000001","RequestPath":"/bestillingtypes","ConnectionId":"0HMOMP32D279V","ApplicationName":"Barn.Api","CorrelationId":"18b457f8-9df1-4c0d-99c8-d5f8a08dc06e"}}
{"Timestamp":"2023-02-26T13:55:32.7570477+01:00","Level":"Information","MessageTemplate":"Executed DbCommand ({elapsed}ms) [Parameters=[{parameters}], CommandType='{commandType}', CommandTimeout='{commandTimeout}']{newLine}{commandText}","Properties":{"elapsed":"9","parameters":"","commandType":"Text","commandTimeout":30,"newLine":"\r\n","commandText":"SELECT [b].[BestillingTypePk], [b].[Beskrivelse], [b].[EndretAv], [b].[EndretDato], [b].[GyldigFraDato], [b].[GyldigTilDato], [b].[RegAv], [b].[RegDato], [b].[Rekkefølge], [b].[Verdi]\r\nFROM [BestillingType] AS [b]","EventId":{"Id":20101,"Name":"Microsoft.EntityFrameworkCore.Database.Command.CommandExecuted"},"SourceContext":"Microsoft.EntityFrameworkCore.Database.Command","RequestId":"0HMOMP32D279V:00000001","RequestPath":"/bestillingtypes","ConnectionId":"0HMOMP32D279V","ApplicationName":"Barn.Api","CorrelationId":"18b457f8-9df1-4c0d-99c8-d5f8a08dc06e"}}
{"Timestamp":"2023-02-26T14:08:04.2768142+01:00","Level":"Information","MessageTemplate":"Received a request for: /bestillingtypes","Properties":{"SourceContext":"RequestAuditor","RequestId":"0HMOMP32D27A0:00000001","RequestPath":"/bestillingtypes","ConnectionId":"0HMOMP32D27A0","ApplicationName":"Barn.Api","CorrelationId":"7b3518ae-ce61-4232-895a-5c3f45924edd"}}
{"Timestamp":"2023-02-26T14:08:04.2770919+01:00","Level":"Information","MessageTemplate":"Method reached: {Method}","Properties":{"Method":"BestillingTypes","SourceContext":"BirkKodeverkAPI.Api.Data.IApiRepository","RequestId":"0HMOMP32D27A0:00000001","RequestPath":"/bestillingtypes","ConnectionId":"0HMOMP32D27A0","ApplicationName":"Barn.Api","CorrelationId":"7b3518ae-ce61-4232-895a-5c3f45924edd"}}
{"Timestamp":"2023-02-26T14:08:04.4259833+01:00","Level":"Information","MessageTemplate":"Executed DbCommand ({elapsed}ms) [Parameters=[{parameters}], CommandType='{commandType}', CommandTimeout='{commandTimeout}']{newLine}{commandText}","Properties":{"elapsed":"2","parameters":"","commandType":"Text","commandTimeout":30,"newLine":"\r\n","commandText":"SELECT [b].[BestillingTypePk], [b].[Beskrivelse], [b].[EndretAv], [b].[EndretDato], [b].[GyldigFraDato], [b].[GyldigTilDato], [b].[RegAv], [b].[RegDato], [b].[Rekkefølge], [b].[Verdi]\r\nFROM [BestillingType] AS [b]","EventId":{"Id":20101,"Name":"Microsoft.EntityFrameworkCore.Database.Command.CommandExecuted"},"SourceContext":"Microsoft.EntityFrameworkCore.Database.Command","RequestId":"0HMOMP32D27A0:00000001","RequestPath":"/bestillingtypes","ConnectionId":"0HMOMP32D27A0","ApplicationName":"Barn.Api","CorrelationId":"7b3518ae-ce61-4232-895a-5c3f45924edd"}}
{"Timestamp":"2023-02-26T14:08:08.3260068+01:00","Level":"Information","MessageTemplate":"Received a request for: /bestillingtypes","Properties":{"SourceContext":"RequestAuditor","RequestId":"0HMOMP32D27A1:00000001","RequestPath":"/bestillingtypes","ConnectionId":"0HMOMP32D27A1","ApplicationName":"Barn.Api","CorrelationId":"289f9943-5e2e-43fd-9963-63f4df7290c2"}}
{"Timestamp":"2023-02-26T14:08:08.3262763+01:00","Level":"Information","MessageTemplate":"Method reached: {Method}","Properties":{"Method":"BestillingTypes","SourceContext":"BirkKodeverkAPI.Api.Data.IApiRepository","RequestId":"0HMOMP32D27A1:00000001","RequestPath":"/bestillingtypes","ConnectionId":"0HMOMP32D27A1","ApplicationName":"Barn.Api","CorrelationId":"289f9943-5e2e-43fd-9963-63f4df7290c2"}}
{"Timestamp":"2023-02-26T14:08:08.3509753+01:00","Level":"Information","MessageTemplate":"Executed DbCommand ({elapsed}ms) [Parameters=[{parameters}], CommandType='{commandType}', CommandTimeout='{commandTimeout}']{newLine}{commandText}","Properties":{"elapsed":"24","parameters":"","commandType":"Text","commandTimeout":30,"newLine":"\r\n","commandText":"SELECT [b].[BestillingTypePk], [b].[Beskrivelse], [b].[EndretAv], [b].[EndretDato], [b].[GyldigFraDato], [b].[GyldigTilDato], [b].[RegAv], [b].[RegDato], [b].[Rekkefølge], [b].[Verdi]\r\nFROM [BestillingType] AS [b]","EventId":{"Id":20101,"Name":"Microsoft.EntityFrameworkCore.Database.Command.CommandExecuted"},"SourceContext":"Microsoft.EntityFrameworkCore.Database.Command","RequestId":"0HMOMP32D27A1:00000001","RequestPath":"/bestillingtypes","ConnectionId":"0HMOMP32D27A1","ApplicationName":"Barn.Api","CorrelationId":"289f9943-5e2e-43fd-9963-63f4df7290c2"}}
{"Timestamp":"2023-02-26T22:07:01.0898559+01:00","Level":"Information","MessageTemplate":"Now listening on: {address}","Properties":{"address":"https://localhost:7150","EventId":{"Id":14,"Name":"ListeningOnAddress"},"SourceContext":"Microsoft.Hosting.Lifetime","ApplicationName":"Barn.Api"}}
{"Timestamp":"2023-02-26T22:07:01.1694065+01:00","Level":"Information","MessageTemplate":"Now listening on: {address}","Properties":{"address":"http://localhost:5077","EventId":{"Id":14,"Name":"ListeningOnAddress"},"SourceContext":"Microsoft.Hosting.Lifetime","ApplicationName":"Barn.Api"}}
{"Timestamp":"2023-02-26T22:07:01.1761828+01:00","Level":"Information","MessageTemplate":"Application started. Press Ctrl+C to shut down.","Properties":{"SourceContext":"Microsoft.Hosting.Lifetime","ApplicationName":"Barn.Api"}}
{"Timestamp":"2023-02-26T22:07:01.1766188+01:00","Level":"Information","MessageTemplate":"Hosting environment: {EnvName}","Properties":{"EnvName":"Development","SourceContext":"Microsoft.Hosting.Lifetime","ApplicationName":"Barn.Api"}}
{"Timestamp":"2023-02-26T22:07:01.1768101+01:00","Level":"Information","MessageTemplate":"Content root path: {ContentRoot}","Properties":{"ContentRoot":"C:\\Repos\\Birk.Kodeverk.API\\src\\BirkKodeverkAPI.Api","SourceContext":"Microsoft.Hosting.Lifetime","ApplicationName":"Barn.Api"}}
{"Timestamp":"2023-02-26T22:07:30.6774026+01:00","Level":"Information","MessageTemplate":"Received a request for: /bestillingtypes","Properties":{"SourceContext":"RequestAuditor","RequestId":"0HMOO7LJNR3RN:00000001","RequestPath":"/bestillingtypes","ConnectionId":"0HMOO7LJNR3RN","ApplicationName":"Barn.Api","CorrelationId":"66b4214d-d4fa-4f07-8e1a-981e84c19e37"}}
{"Timestamp":"2023-02-26T22:07:30.6864066+01:00","Level":"Information","MessageTemplate":"Method reached: {Method}","Properties":{"Method":"BestillingTypes","SourceContext":"BirkKodeverkAPI.Api.Data.IApiRepository","RequestId":"0HMOO7LJNR3RN:00000001","RequestPath":"/bestillingtypes","ConnectionId":"0HMOO7LJNR3RN","ApplicationName":"Barn.Api","CorrelationId":"66b4214d-d4fa-4f07-8e1a-981e84c19e37"}}
{"Timestamp":"2023-02-26T22:07:34.2583293+01:00","Level":"Information","MessageTemplate":"Executed DbCommand ({elapsed}ms) [Parameters=[{parameters}], CommandType='{commandType}', CommandTimeout='{commandTimeout}']{newLine}{commandText}","Properties":{"elapsed":"80","parameters":"","commandType":"Text","commandTimeout":30,"newLine":"\r\n","commandText":"SELECT [b].[BestillingTypePk], [b].[Beskrivelse], [b].[EndretAv], [b].[EndretDato], [b].[GyldigFraDato], [b].[GyldigTilDato], [b].[RegAv], [b].[RegDato], [b].[Rekkefølge], [b].[Verdi]\r\nFROM [BestillingType] AS [b]","EventId":{"Id":20101,"Name":"Microsoft.EntityFrameworkCore.Database.Command.CommandExecuted"},"SourceContext":"Microsoft.EntityFrameworkCore.Database.Command","RequestId":"0HMOO7LJNR3RN:00000001","RequestPath":"/bestillingtypes","ConnectionId":"0HMOO7LJNR3RN","ApplicationName":"Barn.Api","CorrelationId":"66b4214d-d4fa-4f07-8e1a-981e84c19e37"}}
{"Timestamp":"2023-02-26T22:07:37.8651449+01:00","Level":"Information","MessageTemplate":"Received a request for: /bestillingtypes","Properties":{"SourceContext":"RequestAuditor","RequestId":"0HMOO7LJNR3RO:00000001","RequestPath":"/bestillingtypes","ConnectionId":"0HMOO7LJNR3RO","ApplicationName":"Barn.Api","CorrelationId":"a798f868-9cd3-48ab-9a1a-134793512570"}}
{"Timestamp":"2023-02-26T22:07:37.8657005+01:00","Level":"Information","MessageTemplate":"Method reached: {Method}","Properties":{"Method":"BestillingTypes","SourceContext":"BirkKodeverkAPI.Api.Data.IApiRepository","RequestId":"0HMOO7LJNR3RO:00000001","RequestPath":"/bestillingtypes","ConnectionId":"0HMOO7LJNR3RO","ApplicationName":"Barn.Api","CorrelationId":"a798f868-9cd3-48ab-9a1a-134793512570"}}
{"Timestamp":"2023-02-26T22:07:38.0539618+01:00","Level":"Information","MessageTemplate":"Executed DbCommand ({elapsed}ms) [Parameters=[{parameters}], CommandType='{commandType}', CommandTimeout='{commandTimeout}']{newLine}{commandText}","Properties":{"elapsed":"107","parameters":"","commandType":"Text","commandTimeout":30,"newLine":"\r\n","commandText":"SELECT [b].[BestillingTypePk], [b].[Beskrivelse], [b].[EndretAv], [b].[EndretDato], [b].[GyldigFraDato], [b].[GyldigTilDato], [b].[RegAv], [b].[RegDato], [b].[Rekkefølge], [b].[Verdi]\r\nFROM [BestillingType] AS [b]","EventId":{"Id":20101,"Name":"Microsoft.EntityFrameworkCore.Database.Command.CommandExecuted"},"SourceContext":"Microsoft.EntityFrameworkCore.Database.Command","RequestId":"0HMOO7LJNR3RO:00000001","RequestPath":"/bestillingtypes","ConnectionId":"0HMOO7LJNR3RO","ApplicationName":"Barn.Api","CorrelationId":"a798f868-9cd3-48ab-9a1a-134793512570"}}
{"Timestamp":"2023-02-26T22:10:28.3206543+01:00","Level":"Information","MessageTemplate":"Received a request for: /bestillingtypes","Properties":{"SourceContext":"RequestAuditor","RequestId":"0HMOO7LJNR3RP:00000001","RequestPath":"/bestillingtypes","ConnectionId":"0HMOO7LJNR3RP","ApplicationName":"Barn.Api","CorrelationId":"d0a154c8-ea39-4fcf-8d02-e62dea6a5910"}}
{"Timestamp":"2023-02-26T22:10:28.3211613+01:00","Level":"Information","MessageTemplate":"Method reached: {Method}","Properties":{"Method":"BestillingTypes","SourceContext":"BirkKodeverkAPI.Api.Data.IApiRepository","RequestId":"0HMOO7LJNR3RP:00000001","RequestPath":"/bestillingtypes","ConnectionId":"0HMOO7LJNR3RP","ApplicationName":"Barn.Api","CorrelationId":"d0a154c8-ea39-4fcf-8d02-e62dea6a5910"}}
{"Timestamp":"2023-02-26T22:10:28.4805790+01:00","Level":"Information","MessageTemplate":"Executed DbCommand ({elapsed}ms) [Parameters=[{parameters}], CommandType='{commandType}', CommandTimeout='{commandTimeout}']{newLine}{commandText}","Properties":{"elapsed":"4","parameters":"","commandType":"Text","commandTimeout":30,"newLine":"\r\n","commandText":"SELECT [b].[BestillingTypePk], [b].[Beskrivelse], [b].[EndretAv], [b].[EndretDato], [b].[GyldigFraDato], [b].[GyldigTilDato], [b].[RegAv], [b].[RegDato], [b].[Rekkefølge], [b].[Verdi]\r\nFROM [BestillingType] AS [b]","EventId":{"Id":20101,"Name":"Microsoft.EntityFrameworkCore.Database.Command.CommandExecuted"},"SourceContext":"Microsoft.EntityFrameworkCore.Database.Command","RequestId":"0HMOO7LJNR3RP:00000001","RequestPath":"/bestillingtypes","ConnectionId":"0HMOO7LJNR3RP","ApplicationName":"Barn.Api","CorrelationId":"d0a154c8-ea39-4fcf-8d02-e62dea6a5910"}}
{"Timestamp":"2023-02-26T22:10:32.3527391+01:00","Level":"Information","MessageTemplate":"Received a request for: /bestillingtypes","Properties":{"SourceContext":"RequestAuditor","RequestId":"0HMOO7LJNR3RQ:00000001","RequestPath":"/bestillingtypes","ConnectionId":"0HMOO7LJNR3RQ","ApplicationName":"Barn.Api","CorrelationId":"413b2a89-b110-42ce-ab1a-705803763856"}}
{"Timestamp":"2023-02-26T22:10:32.3532103+01:00","Level":"Information","MessageTemplate":"Method reached: {Method}","Properties":{"Method":"BestillingTypes","SourceContext":"BirkKodeverkAPI.Api.Data.IApiRepository","RequestId":"0HMOO7LJNR3RQ:00000001","RequestPath":"/bestillingtypes","ConnectionId":"0HMOO7LJNR3RQ","ApplicationName":"Barn.Api","CorrelationId":"413b2a89-b110-42ce-ab1a-705803763856"}}
{"Timestamp":"2023-02-26T22:10:32.3601967+01:00","Level":"Information","MessageTemplate":"Executed DbCommand ({elapsed}ms) [Parameters=[{parameters}], CommandType='{commandType}', CommandTimeout='{commandTimeout}']{newLine}{commandText}","Properties":{"elapsed":"6","parameters":"","commandType":"Text","commandTimeout":30,"newLine":"\r\n","commandText":"SELECT [b].[BestillingTypePk], [b].[Beskrivelse], [b].[EndretAv], [b].[EndretDato], [b].[GyldigFraDato], [b].[GyldigTilDato], [b].[RegAv], [b].[RegDato], [b].[Rekkefølge], [b].[Verdi]\r\nFROM [BestillingType] AS [b]","EventId":{"Id":20101,"Name":"Microsoft.EntityFrameworkCore.Database.Command.CommandExecuted"},"SourceContext":"Microsoft.EntityFrameworkCore.Database.Command","RequestId":"0HMOO7LJNR3RQ:00000001","RequestPath":"/bestillingtypes","ConnectionId":"0HMOO7LJNR3RQ","ApplicationName":"Barn.Api","CorrelationId":"413b2a89-b110-42ce-ab1a-705803763856"}}
{"Timestamp":"2023-02-26T22:11:08.8454945+01:00","Level":"Information","MessageTemplate":"Received a request for: /bestillingtypes","Properties":{"SourceContext":"RequestAuditor","RequestId":"0HMOO7LJNR3RR:00000001","RequestPath":"/bestillingtypes","ConnectionId":"0HMOO7LJNR3RR","ApplicationName":"Barn.Api","CorrelationId":"8cc1e3f5-e283-4895-9132-0be1bb02292d"}}
{"Timestamp":"2023-02-26T22:11:08.8460307+01:00","Level":"Information","MessageTemplate":"Method reached: {Method}","Properties":{"Method":"BestillingTypes","SourceContext":"BirkKodeverkAPI.Api.Data.IApiRepository","RequestId":"0HMOO7LJNR3RR:00000001","RequestPath":"/bestillingtypes","ConnectionId":"0HMOO7LJNR3RR","ApplicationName":"Barn.Api","CorrelationId":"8cc1e3f5-e283-4895-9132-0be1bb02292d"}}
{"Timestamp":"2023-02-26T22:11:08.8533409+01:00","Level":"Information","MessageTemplate":"Executed DbCommand ({elapsed}ms) [Parameters=[{parameters}], CommandType='{commandType}', CommandTimeout='{commandTimeout}']{newLine}{commandText}","Properties":{"elapsed":"6","parameters":"","commandType":"Text","commandTimeout":30,"newLine":"\r\n","commandText":"SELECT [b].[BestillingTypePk], [b].[Beskrivelse], [b].[EndretAv], [b].[EndretDato], [b].[GyldigFraDato], [b].[GyldigTilDato], [b].[RegAv], [b].[RegDato], [b].[Rekkefølge], [b].[Verdi]\r\nFROM [BestillingType] AS [b]","EventId":{"Id":20101,"Name":"Microsoft.EntityFrameworkCore.Database.Command.CommandExecuted"},"SourceContext":"Microsoft.EntityFrameworkCore.Database.Command","RequestId":"0HMOO7LJNR3RR:00000001","RequestPath":"/bestillingtypes","ConnectionId":"0HMOO7LJNR3RR","ApplicationName":"Barn.Api","CorrelationId":"8cc1e3f5-e283-4895-9132-0be1bb02292d"}}
{"Timestamp":"2023-02-26T22:11:11.7042657+01:00","Level":"Information","MessageTemplate":"Received a request for: /bestillingtypes","Properties":{"SourceContext":"RequestAuditor","RequestId":"0HMOO7LJNR3RS:00000001","RequestPath":"/bestillingtypes","ConnectionId":"0HMOO7LJNR3RS","ApplicationName":"Barn.Api","CorrelationId":"66344884-6c45-47f3-919d-698105f6c2cb"}}
{"Timestamp":"2023-02-26T22:11:11.7048070+01:00","Level":"Information","MessageTemplate":"Method reached: {Method}","Properties":{"Method":"BestillingTypes","SourceContext":"BirkKodeverkAPI.Api.Data.IApiRepository","RequestId":"0HMOO7LJNR3RS:00000001","RequestPath":"/bestillingtypes","ConnectionId":"0HMOO7LJNR3RS","ApplicationName":"Barn.Api","CorrelationId":"66344884-6c45-47f3-919d-698105f6c2cb"}}
{"Timestamp":"2023-02-26T22:11:11.7281389+01:00","Level":"Information","MessageTemplate":"Executed DbCommand ({elapsed}ms) [Parameters=[{parameters}], CommandType='{commandType}', CommandTimeout='{commandTimeout}']{newLine}{commandText}","Properties":{"elapsed":"22","parameters":"","commandType":"Text","commandTimeout":30,"newLine":"\r\n","commandText":"SELECT [b].[BestillingTypePk], [b].[Beskrivelse], [b].[EndretAv], [b].[EndretDato], [b].[GyldigFraDato], [b].[GyldigTilDato], [b].[RegAv], [b].[RegDato], [b].[Rekkefølge], [b].[Verdi]\r\nFROM [BestillingType] AS [b]","EventId":{"Id":20101,"Name":"Microsoft.EntityFrameworkCore.Database.Command.CommandExecuted"},"SourceContext":"Microsoft.EntityFrameworkCore.Database.Command","RequestId":"0HMOO7LJNR3RS:00000001","RequestPath":"/bestillingtypes","ConnectionId":"0HMOO7LJNR3RS","ApplicationName":"Barn.Api","CorrelationId":"66344884-6c45-47f3-919d-698105f6c2cb"}}
{"Timestamp":"2023-02-26T22:12:32.5833287+01:00","Level":"Information","MessageTemplate":"Received a request for: /bestillingtypes","Properties":{"SourceContext":"RequestAuditor","RequestId":"0HMOO7LJNR3RT:00000001","RequestPath":"/bestillingtypes","ConnectionId":"0HMOO7LJNR3RT","ApplicationName":"Barn.Api","CorrelationId":"be1ba19f-a6d1-43f2-a2d4-4f9b3b731515"}}
{"Timestamp":"2023-02-26T22:12:32.5836680+01:00","Level":"Information","MessageTemplate":"Method reached: {Method}","Properties":{"Method":"BestillingTypes","SourceContext":"BirkKodeverkAPI.Api.Data.IApiRepository","RequestId":"0HMOO7LJNR3RT:00000001","RequestPath":"/bestillingtypes","ConnectionId":"0HMOO7LJNR3RT","ApplicationName":"Barn.Api","CorrelationId":"be1ba19f-a6d1-43f2-a2d4-4f9b3b731515"}}
{"Timestamp":"2023-02-26T22:12:32.6017792+01:00","Level":"Information","MessageTemplate":"Executed DbCommand ({elapsed}ms) [Parameters=[{parameters}], CommandType='{commandType}', CommandTimeout='{commandTimeout}']{newLine}{commandText}","Properties":{"elapsed":"16","parameters":"","commandType":"Text","commandTimeout":30,"newLine":"\r\n","commandText":"SELECT [b].[BestillingTypePk], [b].[Beskrivelse], [b].[EndretAv], [b].[EndretDato], [b].[GyldigFraDato], [b].[GyldigTilDato], [b].[RegAv], [b].[RegDato], [b].[Rekkefølge], [b].[Verdi]\r\nFROM [BestillingType] AS [b]","EventId":{"Id":20101,"Name":"Microsoft.EntityFrameworkCore.Database.Command.CommandExecuted"},"SourceContext":"Microsoft.EntityFrameworkCore.Database.Command","RequestId":"0HMOO7LJNR3RT:00000001","RequestPath":"/bestillingtypes","ConnectionId":"0HMOO7LJNR3RT","ApplicationName":"Barn.Api","CorrelationId":"be1ba19f-a6d1-43f2-a2d4-4f9b3b731515"}}
{"Timestamp":"2023-02-26T22:12:36.1692933+01:00","Level":"Information","MessageTemplate":"Received a request for: /bestillingtypes","Properties":{"SourceContext":"RequestAuditor","RequestId":"0HMOO7LJNR3RU:00000001","RequestPath":"/bestillingtypes","ConnectionId":"0HMOO7LJNR3RU","ApplicationName":"Barn.Api","CorrelationId":"c1c56960-f1fc-4cc4-98bb-b67b616ea4ee"}}
{"Timestamp":"2023-02-26T22:12:36.1695701+01:00","Level":"Information","MessageTemplate":"Method reached: {Method}","Properties":{"Method":"BestillingTypes","SourceContext":"BirkKodeverkAPI.Api.Data.IApiRepository","RequestId":"0HMOO7LJNR3RU:00000001","RequestPath":"/bestillingtypes","ConnectionId":"0HMOO7LJNR3RU","ApplicationName":"Barn.Api","CorrelationId":"c1c56960-f1fc-4cc4-98bb-b67b616ea4ee"}}
{"Timestamp":"2023-02-26T22:12:36.2009996+01:00","Level":"Information","MessageTemplate":"Executed DbCommand ({elapsed}ms) [Parameters=[{parameters}], CommandType='{commandType}', CommandTimeout='{commandTimeout}']{newLine}{commandText}","Properties":{"elapsed":"30","parameters":"","commandType":"Text","commandTimeout":30,"newLine":"\r\n","commandText":"SELECT [b].[BestillingTypePk], [b].[Beskrivelse], [b].[EndretAv], [b].[EndretDato], [b].[GyldigFraDato], [b].[GyldigTilDato], [b].[RegAv], [b].[RegDato], [b].[Rekkefølge], [b].[Verdi]\r\nFROM [BestillingType] AS [b]","EventId":{"Id":20101,"Name":"Microsoft.EntityFrameworkCore.Database.Command.CommandExecuted"},"SourceContext":"Microsoft.EntityFrameworkCore.Database.Command","RequestId":"0HMOO7LJNR3RU:00000001","RequestPath":"/bestillingtypes","ConnectionId":"0HMOO7LJNR3RU","ApplicationName":"Barn.Api","CorrelationId":"c1c56960-f1fc-4cc4-98bb-b67b616ea4ee"}}
{"Timestamp":"2023-02-26T22:21:20.4730814+01:00","Level":"Information","MessageTemplate":"Received a request for: /bestillingtypes","Properties":{"SourceContext":"RequestAuditor","RequestId":"0HMOO7LJNR3RV:00000001","RequestPath":"/bestillingtypes","ConnectionId":"0HMOO7LJNR3RV","ApplicationName":"Barn.Api","CorrelationId":"95a37a16-0277-495b-815e-854bbdb3a827"}}
{"Timestamp":"2023-02-26T22:21:20.4734749+01:00","Level":"Information","MessageTemplate":"Method reached: {Method}","Properties":{"Method":"BestillingTypes","SourceContext":"BirkKodeverkAPI.Api.Data.IApiRepository","RequestId":"0HMOO7LJNR3RV:00000001","RequestPath":"/bestillingtypes","ConnectionId":"0HMOO7LJNR3RV","ApplicationName":"Barn.Api","CorrelationId":"95a37a16-0277-495b-815e-854bbdb3a827"}}
{"Timestamp":"2023-02-26T22:21:20.5105933+01:00","Level":"Information","MessageTemplate":"Executed DbCommand ({elapsed}ms) [Parameters=[{parameters}], CommandType='{commandType}', CommandTimeout='{commandTimeout}']{newLine}{commandText}","Properties":{"elapsed":"5","parameters":"","commandType":"Text","commandTimeout":30,"newLine":"\r\n","commandText":"SELECT [b].[BestillingTypePk], [b].[Beskrivelse], [b].[EndretAv], [b].[EndretDato], [b].[GyldigFraDato], [b].[GyldigTilDato], [b].[RegAv], [b].[RegDato], [b].[Rekkefølge], [b].[Verdi]\r\nFROM [BestillingType] AS [b]","EventId":{"Id":20101,"Name":"Microsoft.EntityFrameworkCore.Database.Command.CommandExecuted"},"SourceContext":"Microsoft.EntityFrameworkCore.Database.Command","RequestId":"0HMOO7LJNR3RV:00000001","RequestPath":"/bestillingtypes","ConnectionId":"0HMOO7LJNR3RV","ApplicationName":"Barn.Api","CorrelationId":"95a37a16-0277-495b-815e-854bbdb3a827"}}
{"Timestamp":"2023-02-26T22:21:23.9967293+01:00","Level":"Information","MessageTemplate":"Received a request for: /bestillingtypes","Properties":{"SourceContext":"RequestAuditor","RequestId":"0HMOO7LJNR3S0:00000001","RequestPath":"/bestillingtypes","ConnectionId":"0HMOO7LJNR3S0","ApplicationName":"Barn.Api","CorrelationId":"bd1935fc-822c-4f83-8be5-2ffa7a73fd99"}}
{"Timestamp":"2023-02-26T22:21:23.9969983+01:00","Level":"Information","MessageTemplate":"Method reached: {Method}","Properties":{"Method":"BestillingTypes","SourceContext":"BirkKodeverkAPI.Api.Data.IApiRepository","RequestId":"0HMOO7LJNR3S0:00000001","RequestPath":"/bestillingtypes","ConnectionId":"0HMOO7LJNR3S0","ApplicationName":"Barn.Api","CorrelationId":"bd1935fc-822c-4f83-8be5-2ffa7a73fd99"}}
{"Timestamp":"2023-02-26T22:21:24.0082090+01:00","Level":"Information","MessageTemplate":"Executed DbCommand ({elapsed}ms) [Parameters=[{parameters}], CommandType='{commandType}', CommandTimeout='{commandTimeout}']{newLine}{commandText}","Properties":{"elapsed":"10","parameters":"","commandType":"Text","commandTimeout":30,"newLine":"\r\n","commandText":"SELECT [b].[BestillingTypePk], [b].[Beskrivelse], [b].[EndretAv], [b].[EndretDato], [b].[GyldigFraDato], [b].[GyldigTilDato], [b].[RegAv], [b].[RegDato], [b].[Rekkefølge], [b].[Verdi]\r\nFROM [BestillingType] AS [b]","EventId":{"Id":20101,"Name":"Microsoft.EntityFrameworkCore.Database.Command.CommandExecuted"},"SourceContext":"Microsoft.EntityFrameworkCore.Database.Command","RequestId":"0HMOO7LJNR3S0:00000001","RequestPath":"/bestillingtypes","ConnectionId":"0HMOO7LJNR3S0","ApplicationName":"Barn.Api","CorrelationId":"bd1935fc-822c-4f83-8be5-2ffa7a73fd99"}}
