{"Timestamp":"2023-02-25T01:39:35.3943177+01:00","Level":"Information","MessageTemplate":"Now listening on: {address}","Properties":{"address":"https://localhost:7150","EventId":{"Id":14,"Name":"ListeningOnAddress"},"SourceContext":"Microsoft.Hosting.Lifetime","ApplicationName":"Barn.Api"}}
{"Timestamp":"2023-02-25T01:39:35.7186708+01:00","Level":"Information","MessageTemplate":"Now listening on: {address}","Properties":{"address":"http://localhost:5077","EventId":{"Id":14,"Name":"ListeningOnAddress"},"SourceContext":"Microsoft.Hosting.Lifetime","ApplicationName":"Barn.Api"}}
{"Timestamp":"2023-02-25T01:39:36.5476328+01:00","Level":"Information","MessageTemplate":"Application started. Press Ctrl+C to shut down.","Properties":{"SourceContext":"Microsoft.Hosting.Lifetime","ApplicationName":"Barn.Api"}}
{"Timestamp":"2023-02-25T01:39:36.5483538+01:00","Level":"Information","MessageTemplate":"Hosting environment: {EnvName}","Properties":{"EnvName":"Development","SourceContext":"Microsoft.Hosting.Lifetime","ApplicationName":"Barn.Api"}}
{"Timestamp":"2023-02-25T01:39:36.5486029+01:00","Level":"Information","MessageTemplate":"Content root path: {ContentRoot}","Properties":{"ContentRoot":"C:\\Repos\\Birk.Kodeverk.API\\src\\BirkKodeverkAPI.Api","SourceContext":"Microsoft.Hosting.Lifetime","ApplicationName":"Barn.Api"}}
{"Timestamp":"2023-02-25T01:39:42.3975660+01:00","Level":"Information","MessageTemplate":"Received a request for: /bestillingtypes","Properties":{"SourceContext":"RequestAuditor","RequestId":"0HMOMP32D2796:00000001","RequestPath":"/bestillingtypes","ConnectionId":"0HMOMP32D2796","ApplicationName":"Barn.Api","CorrelationId":"4cacd32c-db49-497f-bfc2-c612c6d2da52"}}
{"Timestamp":"2023-02-25T01:39:42.4101690+01:00","Level":"Information","MessageTemplate":"Method reached: {Method}","Properties":{"Method":"BestillingTypes","SourceContext":"BirkKodeverkAPI.Api.Data.IApiRepository","RequestId":"0HMOMP32D2796:00000001","RequestPath":"/bestillingtypes","ConnectionId":"0HMOMP32D2796","ApplicationName":"Barn.Api","CorrelationId":"4cacd32c-db49-497f-bfc2-c612c6d2da52"}}
{"Timestamp":"2023-02-25T01:39:44.7183818+01:00","Level":"Information","MessageTemplate":"Received a request for: /bestillingtypes","Properties":{"SourceContext":"RequestAuditor","RequestId":"0HMOMP32D2798:00000001","RequestPath":"/bestillingtypes","ConnectionId":"0HMOMP32D2798","ApplicationName":"Barn.Api","CorrelationId":"34cfb99f-ca2f-4cc2-be06-2e0429f5d239"}}
{"Timestamp":"2023-02-25T01:39:44.7191410+01:00","Level":"Information","MessageTemplate":"Method reached: {Method}","Properties":{"Method":"BestillingTypes","SourceContext":"BirkKodeverkAPI.Api.Data.IApiRepository","RequestId":"0HMOMP32D2798:00000001","RequestPath":"/bestillingtypes","ConnectionId":"0HMOMP32D2798","ApplicationName":"Barn.Api","CorrelationId":"34cfb99f-ca2f-4cc2-be06-2e0429f5d239"}}
{"Timestamp":"2023-02-25T01:39:47.0636767+01:00","Level":"Information","MessageTemplate":"Executed DbCommand ({elapsed}ms) [Parameters=[{parameters}], CommandType='{commandType}', CommandTimeout='{commandTimeout}']{newLine}{commandText}","Properties":{"elapsed":"65","parameters":"","commandType":"Text","commandTimeout":30,"newLine":"\r\n","commandText":"SELECT [b].[BestillingTypePk], [b].[Beskrivelse], [b].[EndretAv], [b].[EndretDato], [b].[GyldigFraDato], [b].[GyldigTilDato], [b].[RegAv], [b].[RegDato], [b].[Rekkefølge], [b].[Verdi]\r\nFROM [BestillingType] AS [b]","EventId":{"Id":20101,"Name":"Microsoft.EntityFrameworkCore.Database.Command.CommandExecuted"},"SourceContext":"Microsoft.EntityFrameworkCore.Database.Command","RequestId":"0HMOMP32D2796:00000001","RequestPath":"/bestillingtypes","ConnectionId":"0HMOMP32D2796","ApplicationName":"Barn.Api","CorrelationId":"4cacd32c-db49-497f-bfc2-c612c6d2da52"}}
{"Timestamp":"2023-02-25T01:39:47.0649699+01:00","Level":"Information","MessageTemplate":"Executed DbCommand ({elapsed}ms) [Parameters=[{parameters}], CommandType='{commandType}', CommandTimeout='{commandTimeout}']{newLine}{commandText}","Properties":{"elapsed":"65","parameters":"","commandType":"Text","commandTimeout":30,"newLine":"\r\n","commandText":"SELECT [b].[BestillingTypePk], [b].[Beskrivelse], [b].[EndretAv], [b].[EndretDato], [b].[GyldigFraDato], [b].[GyldigTilDato], [b].[RegAv], [b].[RegDato], [b].[Rekkefølge], [b].[Verdi]\r\nFROM [BestillingType] AS [b]","EventId":{"Id":20101,"Name":"Microsoft.EntityFrameworkCore.Database.Command.CommandExecuted"},"SourceContext":"Microsoft.EntityFrameworkCore.Database.Command","RequestId":"0HMOMP32D2798:00000001","RequestPath":"/bestillingtypes","ConnectionId":"0HMOMP32D2798","ApplicationName":"Barn.Api","CorrelationId":"34cfb99f-ca2f-4cc2-be06-2e0429f5d239"}}
{"Timestamp":"2023-02-25T01:39:49.6322268+01:00","Level":"Information","MessageTemplate":"Received a request for: /bestillingtypes","Properties":{"SourceContext":"RequestAuditor","RequestId":"0HMOMP32D2799:00000001","RequestPath":"/bestillingtypes","ConnectionId":"0HMOMP32D2799","ApplicationName":"Barn.Api","CorrelationId":"b367d73b-76cc-4f3e-abca-b78de0f97c12"}}
{"Timestamp":"2023-02-25T01:39:49.6330256+01:00","Level":"Information","MessageTemplate":"Method reached: {Method}","Properties":{"Method":"BestillingTypes","SourceContext":"BirkKodeverkAPI.Api.Data.IApiRepository","RequestId":"0HMOMP32D2799:00000001","RequestPath":"/bestillingtypes","ConnectionId":"0HMOMP32D2799","ApplicationName":"Barn.Api","CorrelationId":"b367d73b-76cc-4f3e-abca-b78de0f97c12"}}
{"Timestamp":"2023-02-25T01:39:49.7681285+01:00","Level":"Information","MessageTemplate":"Executed DbCommand ({elapsed}ms) [Parameters=[{parameters}], CommandType='{commandType}', CommandTimeout='{commandTimeout}']{newLine}{commandText}","Properties":{"elapsed":"9","parameters":"","commandType":"Text","commandTimeout":30,"newLine":"\r\n","commandText":"SELECT [b].[BestillingTypePk], [b].[Beskrivelse], [b].[EndretAv], [b].[EndretDato], [b].[GyldigFraDato], [b].[GyldigTilDato], [b].[RegAv], [b].[RegDato], [b].[Rekkefølge], [b].[Verdi]\r\nFROM [BestillingType] AS [b]","EventId":{"Id":20101,"Name":"Microsoft.EntityFrameworkCore.Database.Command.CommandExecuted"},"SourceContext":"Microsoft.EntityFrameworkCore.Database.Command","RequestId":"0HMOMP32D2799:00000001","RequestPath":"/bestillingtypes","ConnectionId":"0HMOMP32D2799","ApplicationName":"Barn.Api","CorrelationId":"b367d73b-76cc-4f3e-abca-b78de0f97c12"}}
{"Timestamp":"2023-02-25T01:47:54.0590981+01:00","Level":"Information","MessageTemplate":"Received a request for: /bestillingtypes","Properties":{"SourceContext":"RequestAuditor","RequestId":"0HMOMP32D279A:00000001","RequestPath":"/bestillingtypes","ConnectionId":"0HMOMP32D279A","ApplicationName":"Barn.Api","CorrelationId":"d8fc6539-ab77-4873-b74f-e7868d02f23f"}}
{"Timestamp":"2023-02-25T01:47:54.0597768+01:00","Level":"Information","MessageTemplate":"Method reached: {Method}","Properties":{"Method":"BestillingTypes","SourceContext":"BirkKodeverkAPI.Api.Data.IApiRepository","RequestId":"0HMOMP32D279A:00000001","RequestPath":"/bestillingtypes","ConnectionId":"0HMOMP32D279A","ApplicationName":"Barn.Api","CorrelationId":"d8fc6539-ab77-4873-b74f-e7868d02f23f"}}
{"Timestamp":"2023-02-25T01:47:54.0985374+01:00","Level":"Information","MessageTemplate":"Executed DbCommand ({elapsed}ms) [Parameters=[{parameters}], CommandType='{commandType}', CommandTimeout='{commandTimeout}']{newLine}{commandText}","Properties":{"elapsed":"6","parameters":"","commandType":"Text","commandTimeout":30,"newLine":"\r\n","commandText":"SELECT [b].[BestillingTypePk], [b].[Beskrivelse], [b].[EndretAv], [b].[EndretDato], [b].[GyldigFraDato], [b].[GyldigTilDato], [b].[RegAv], [b].[RegDato], [b].[Rekkefølge], [b].[Verdi]\r\nFROM [BestillingType] AS [b]","EventId":{"Id":20101,"Name":"Microsoft.EntityFrameworkCore.Database.Command.CommandExecuted"},"SourceContext":"Microsoft.EntityFrameworkCore.Database.Command","RequestId":"0HMOMP32D279A:00000001","RequestPath":"/bestillingtypes","ConnectionId":"0HMOMP32D279A","ApplicationName":"Barn.Api","CorrelationId":"d8fc6539-ab77-4873-b74f-e7868d02f23f"}}
{"Timestamp":"2023-02-25T01:47:59.3018207+01:00","Level":"Information","MessageTemplate":"Received a request for: /bestillingtypes","Properties":{"SourceContext":"RequestAuditor","RequestId":"0HMOMP32D279B:00000001","RequestPath":"/bestillingtypes","ConnectionId":"0HMOMP32D279B","ApplicationName":"Barn.Api","CorrelationId":"a9851c89-e04f-4c5b-b758-a5ae19655b27"}}
{"Timestamp":"2023-02-25T01:47:59.3024890+01:00","Level":"Information","MessageTemplate":"Method reached: {Method}","Properties":{"Method":"BestillingTypes","SourceContext":"BirkKodeverkAPI.Api.Data.IApiRepository","RequestId":"0HMOMP32D279B:00000001","RequestPath":"/bestillingtypes","ConnectionId":"0HMOMP32D279B","ApplicationName":"Barn.Api","CorrelationId":"a9851c89-e04f-4c5b-b758-a5ae19655b27"}}
{"Timestamp":"2023-02-25T01:47:59.3107241+01:00","Level":"Information","MessageTemplate":"Executed DbCommand ({elapsed}ms) [Parameters=[{parameters}], CommandType='{commandType}', CommandTimeout='{commandTimeout}']{newLine}{commandText}","Properties":{"elapsed":"7","parameters":"","commandType":"Text","commandTimeout":30,"newLine":"\r\n","commandText":"SELECT [b].[BestillingTypePk], [b].[Beskrivelse], [b].[EndretAv], [b].[EndretDato], [b].[GyldigFraDato], [b].[GyldigTilDato], [b].[RegAv], [b].[RegDato], [b].[Rekkefølge], [b].[Verdi]\r\nFROM [BestillingType] AS [b]","EventId":{"Id":20101,"Name":"Microsoft.EntityFrameworkCore.Database.Command.CommandExecuted"},"SourceContext":"Microsoft.EntityFrameworkCore.Database.Command","RequestId":"0HMOMP32D279B:00000001","RequestPath":"/bestillingtypes","ConnectionId":"0HMOMP32D279B","ApplicationName":"Barn.Api","CorrelationId":"a9851c89-e04f-4c5b-b758-a5ae19655b27"}}
{"Timestamp":"2023-02-25T01:51:38.2729446+01:00","Level":"Information","MessageTemplate":"Received a request for: /bestillingtypes","Properties":{"SourceContext":"RequestAuditor","RequestId":"0HMOMP32D279C:00000001","RequestPath":"/bestillingtypes","ConnectionId":"0HMOMP32D279C","ApplicationName":"Barn.Api","CorrelationId":"800"}}
{"Timestamp":"2023-02-25T01:51:38.2734250+01:00","Level":"Information","MessageTemplate":"Method reached: {Method}","Properties":{"Method":"BestillingTypes","SourceContext":"BirkKodeverkAPI.Api.Data.IApiRepository","RequestId":"0HMOMP32D279C:00000001","RequestPath":"/bestillingtypes","ConnectionId":"0HMOMP32D279C","ApplicationName":"Barn.Api","CorrelationId":"800"}}
{"Timestamp":"2023-02-25T01:51:38.2931404+01:00","Level":"Information","MessageTemplate":"Executed DbCommand ({elapsed}ms) [Parameters=[{parameters}], CommandType='{commandType}', CommandTimeout='{commandTimeout}']{newLine}{commandText}","Properties":{"elapsed":"17","parameters":"","commandType":"Text","commandTimeout":30,"newLine":"\r\n","commandText":"SELECT [b].[BestillingTypePk], [b].[Beskrivelse], [b].[EndretAv], [b].[EndretDato], [b].[GyldigFraDato], [b].[GyldigTilDato], [b].[RegAv], [b].[RegDato], [b].[Rekkefølge], [b].[Verdi]\r\nFROM [BestillingType] AS [b]","EventId":{"Id":20101,"Name":"Microsoft.EntityFrameworkCore.Database.Command.CommandExecuted"},"SourceContext":"Microsoft.EntityFrameworkCore.Database.Command","RequestId":"0HMOMP32D279C:00000001","RequestPath":"/bestillingtypes","ConnectionId":"0HMOMP32D279C","ApplicationName":"Barn.Api","CorrelationId":"800"}}
{"Timestamp":"2023-02-25T01:51:40.7289207+01:00","Level":"Information","MessageTemplate":"Received a request for: /bestillingtypes","Properties":{"SourceContext":"RequestAuditor","RequestId":"0HMOMP32D279D:00000001","RequestPath":"/bestillingtypes","ConnectionId":"0HMOMP32D279D","ApplicationName":"Barn.Api","CorrelationId":"800"}}
{"Timestamp":"2023-02-25T01:51:40.7291828+01:00","Level":"Information","MessageTemplate":"Method reached: {Method}","Properties":{"Method":"BestillingTypes","SourceContext":"BirkKodeverkAPI.Api.Data.IApiRepository","RequestId":"0HMOMP32D279D:00000001","RequestPath":"/bestillingtypes","ConnectionId":"0HMOMP32D279D","ApplicationName":"Barn.Api","CorrelationId":"800"}}
{"Timestamp":"2023-02-25T01:51:40.7490916+01:00","Level":"Information","MessageTemplate":"Executed DbCommand ({elapsed}ms) [Parameters=[{parameters}], CommandType='{commandType}', CommandTimeout='{commandTimeout}']{newLine}{commandText}","Properties":{"elapsed":"17","parameters":"","commandType":"Text","commandTimeout":30,"newLine":"\r\n","commandText":"SELECT [b].[BestillingTypePk], [b].[Beskrivelse], [b].[EndretAv], [b].[EndretDato], [b].[GyldigFraDato], [b].[GyldigTilDato], [b].[RegAv], [b].[RegDato], [b].[Rekkefølge], [b].[Verdi]\r\nFROM [BestillingType] AS [b]","EventId":{"Id":20101,"Name":"Microsoft.EntityFrameworkCore.Database.Command.CommandExecuted"},"SourceContext":"Microsoft.EntityFrameworkCore.Database.Command","RequestId":"0HMOMP32D279D:00000001","RequestPath":"/bestillingtypes","ConnectionId":"0HMOMP32D279D","ApplicationName":"Barn.Api","CorrelationId":"800"}}
{"Timestamp":"2023-02-25T01:57:23.4580812+01:00","Level":"Information","MessageTemplate":"Received a request for: /bestillingtypes","Properties":{"SourceContext":"RequestAuditor","RequestId":"0HMOMP32D279E:00000001","RequestPath":"/bestillingtypes","ConnectionId":"0HMOMP32D279E","ApplicationName":"Barn.Api","CorrelationId":"74a2cb7f-3f98-4bc6-b2c5-801dd6c2be38"}}
{"Timestamp":"2023-02-25T01:57:23.4586292+01:00","Level":"Information","MessageTemplate":"Method reached: {Method}","Properties":{"Method":"BestillingTypes","SourceContext":"BirkKodeverkAPI.Api.Data.IApiRepository","RequestId":"0HMOMP32D279E:00000001","RequestPath":"/bestillingtypes","ConnectionId":"0HMOMP32D279E","ApplicationName":"Barn.Api","CorrelationId":"74a2cb7f-3f98-4bc6-b2c5-801dd6c2be38"}}
{"Timestamp":"2023-02-25T01:57:23.4838949+01:00","Level":"Information","MessageTemplate":"Executed DbCommand ({elapsed}ms) [Parameters=[{parameters}], CommandType='{commandType}', CommandTimeout='{commandTimeout}']{newLine}{commandText}","Properties":{"elapsed":"24","parameters":"","commandType":"Text","commandTimeout":30,"newLine":"\r\n","commandText":"SELECT [b].[BestillingTypePk], [b].[Beskrivelse], [b].[EndretAv], [b].[EndretDato], [b].[GyldigFraDato], [b].[GyldigTilDato], [b].[RegAv], [b].[RegDato], [b].[Rekkefølge], [b].[Verdi]\r\nFROM [BestillingType] AS [b]","EventId":{"Id":20101,"Name":"Microsoft.EntityFrameworkCore.Database.Command.CommandExecuted"},"SourceContext":"Microsoft.EntityFrameworkCore.Database.Command","RequestId":"0HMOMP32D279E:00000001","RequestPath":"/bestillingtypes","ConnectionId":"0HMOMP32D279E","ApplicationName":"Barn.Api","CorrelationId":"74a2cb7f-3f98-4bc6-b2c5-801dd6c2be38"}}
{"Timestamp":"2023-02-25T01:57:26.3062245+01:00","Level":"Information","MessageTemplate":"Received a request for: /bestillingtypes","Properties":{"SourceContext":"RequestAuditor","RequestId":"0HMOMP32D279F:00000001","RequestPath":"/bestillingtypes","ConnectionId":"0HMOMP32D279F","ApplicationName":"Barn.Api","CorrelationId":"cd2476d6-e72e-4f9d-9381-a65c76ce6f93"}}
{"Timestamp":"2023-02-25T01:57:26.3064815+01:00","Level":"Information","MessageTemplate":"Method reached: {Method}","Properties":{"Method":"BestillingTypes","SourceContext":"BirkKodeverkAPI.Api.Data.IApiRepository","RequestId":"0HMOMP32D279F:00000001","RequestPath":"/bestillingtypes","ConnectionId":"0HMOMP32D279F","ApplicationName":"Barn.Api","CorrelationId":"cd2476d6-e72e-4f9d-9381-a65c76ce6f93"}}
{"Timestamp":"2023-02-25T01:57:26.3378443+01:00","Level":"Information","MessageTemplate":"Executed DbCommand ({elapsed}ms) [Parameters=[{parameters}], CommandType='{commandType}', CommandTimeout='{commandTimeout}']{newLine}{commandText}","Properties":{"elapsed":"30","parameters":"","commandType":"Text","commandTimeout":30,"newLine":"\r\n","commandText":"SELECT [b].[BestillingTypePk], [b].[Beskrivelse], [b].[EndretAv], [b].[EndretDato], [b].[GyldigFraDato], [b].[GyldigTilDato], [b].[RegAv], [b].[RegDato], [b].[Rekkefølge], [b].[Verdi]\r\nFROM [BestillingType] AS [b]","EventId":{"Id":20101,"Name":"Microsoft.EntityFrameworkCore.Database.Command.CommandExecuted"},"SourceContext":"Microsoft.EntityFrameworkCore.Database.Command","RequestId":"0HMOMP32D279F:00000001","RequestPath":"/bestillingtypes","ConnectionId":"0HMOMP32D279F","ApplicationName":"Barn.Api","CorrelationId":"cd2476d6-e72e-4f9d-9381-a65c76ce6f93"}}
{"Timestamp":"2023-02-25T02:16:03.2183762+01:00","Level":"Information","MessageTemplate":"Received a request for: /bestillingtypes","Properties":{"SourceContext":"RequestAuditor","RequestId":"0HMOMP32D279G:00000001","RequestPath":"/bestillingtypes","ConnectionId":"0HMOMP32D279G","ApplicationName":"Barn.Api","CorrelationId":"a6b8f17e-c00a-4a37-99f4-dfb412d1e99a"}}
{"Timestamp":"2023-02-25T02:16:03.2190983+01:00","Level":"Information","MessageTemplate":"Method reached: {Method}","Properties":{"Method":"BestillingTypes","SourceContext":"BirkKodeverkAPI.Api.Data.IApiRepository","RequestId":"0HMOMP32D279G:00000001","RequestPath":"/bestillingtypes","ConnectionId":"0HMOMP32D279G","ApplicationName":"Barn.Api","CorrelationId":"a6b8f17e-c00a-4a37-99f4-dfb412d1e99a"}}
{"Timestamp":"2023-02-25T02:16:03.3147550+01:00","Level":"Information","MessageTemplate":"Executed DbCommand ({elapsed}ms) [Parameters=[{parameters}], CommandType='{commandType}', CommandTimeout='{commandTimeout}']{newLine}{commandText}","Properties":{"elapsed":"14","parameters":"","commandType":"Text","commandTimeout":30,"newLine":"\r\n","commandText":"SELECT [b].[BestillingTypePk], [b].[Beskrivelse], [b].[EndretAv], [b].[EndretDato], [b].[GyldigFraDato], [b].[GyldigTilDato], [b].[RegAv], [b].[RegDato], [b].[Rekkefølge], [b].[Verdi]\r\nFROM [BestillingType] AS [b]","EventId":{"Id":20101,"Name":"Microsoft.EntityFrameworkCore.Database.Command.CommandExecuted"},"SourceContext":"Microsoft.EntityFrameworkCore.Database.Command","RequestId":"0HMOMP32D279G:00000001","RequestPath":"/bestillingtypes","ConnectionId":"0HMOMP32D279G","ApplicationName":"Barn.Api","CorrelationId":"a6b8f17e-c00a-4a37-99f4-dfb412d1e99a"}}
{"Timestamp":"2023-02-25T02:16:05.4947221+01:00","Level":"Information","MessageTemplate":"Received a request for: /bestillingtypes","Properties":{"SourceContext":"RequestAuditor","RequestId":"0HMOMP32D279H:00000001","RequestPath":"/bestillingtypes","ConnectionId":"0HMOMP32D279H","ApplicationName":"Barn.Api","CorrelationId":"d03f0713-0044-42ee-85d3-2698d3a02296"}}
{"Timestamp":"2023-02-25T02:16:05.4949307+01:00","Level":"Information","MessageTemplate":"Method reached: {Method}","Properties":{"Method":"BestillingTypes","SourceContext":"BirkKodeverkAPI.Api.Data.IApiRepository","RequestId":"0HMOMP32D279H:00000001","RequestPath":"/bestillingtypes","ConnectionId":"0HMOMP32D279H","ApplicationName":"Barn.Api","CorrelationId":"d03f0713-0044-42ee-85d3-2698d3a02296"}}
{"Timestamp":"2023-02-25T02:16:05.5162713+01:00","Level":"Information","MessageTemplate":"Executed DbCommand ({elapsed}ms) [Parameters=[{parameters}], CommandType='{commandType}', CommandTimeout='{commandTimeout}']{newLine}{commandText}","Properties":{"elapsed":"20","parameters":"","commandType":"Text","commandTimeout":30,"newLine":"\r\n","commandText":"SELECT [b].[BestillingTypePk], [b].[Beskrivelse], [b].[EndretAv], [b].[EndretDato], [b].[GyldigFraDato], [b].[GyldigTilDato], [b].[RegAv], [b].[RegDato], [b].[Rekkefølge], [b].[Verdi]\r\nFROM [BestillingType] AS [b]","EventId":{"Id":20101,"Name":"Microsoft.EntityFrameworkCore.Database.Command.CommandExecuted"},"SourceContext":"Microsoft.EntityFrameworkCore.Database.Command","RequestId":"0HMOMP32D279H:00000001","RequestPath":"/bestillingtypes","ConnectionId":"0HMOMP32D279H","ApplicationName":"Barn.Api","CorrelationId":"d03f0713-0044-42ee-85d3-2698d3a02296"}}
{"Timestamp":"2023-02-25T14:33:17.0201889+01:00","Level":"Information","MessageTemplate":"Received a request for: /bestillingtypes","Properties":{"SourceContext":"RequestAuditor","RequestId":"0HMOMP32D279I:00000001","RequestPath":"/bestillingtypes","ConnectionId":"0HMOMP32D279I","ApplicationName":"Barn.Api","CorrelationId":"56bf33f0-a0bd-4f28-a9c3-0f0ab6f7c5f1"}}
{"Timestamp":"2023-02-25T14:33:17.0206531+01:00","Level":"Information","MessageTemplate":"Method reached: {Method}","Properties":{"Method":"BestillingTypes","SourceContext":"BirkKodeverkAPI.Api.Data.IApiRepository","RequestId":"0HMOMP32D279I:00000001","RequestPath":"/bestillingtypes","ConnectionId":"0HMOMP32D279I","ApplicationName":"Barn.Api","CorrelationId":"56bf33f0-a0bd-4f28-a9c3-0f0ab6f7c5f1"}}
{"Timestamp":"2023-02-25T14:33:17.1049223+01:00","Level":"Information","MessageTemplate":"Executed DbCommand ({elapsed}ms) [Parameters=[{parameters}], CommandType='{commandType}', CommandTimeout='{commandTimeout}']{newLine}{commandText}","Properties":{"elapsed":"8","parameters":"","commandType":"Text","commandTimeout":30,"newLine":"\r\n","commandText":"SELECT [b].[BestillingTypePk], [b].[Beskrivelse], [b].[EndretAv], [b].[EndretDato], [b].[GyldigFraDato], [b].[GyldigTilDato], [b].[RegAv], [b].[RegDato], [b].[Rekkefølge], [b].[Verdi]\r\nFROM [BestillingType] AS [b]","EventId":{"Id":20101,"Name":"Microsoft.EntityFrameworkCore.Database.Command.CommandExecuted"},"SourceContext":"Microsoft.EntityFrameworkCore.Database.Command","RequestId":"0HMOMP32D279I:00000001","RequestPath":"/bestillingtypes","ConnectionId":"0HMOMP32D279I","ApplicationName":"Barn.Api","CorrelationId":"56bf33f0-a0bd-4f28-a9c3-0f0ab6f7c5f1"}}
{"Timestamp":"2023-02-25T14:33:19.8686009+01:00","Level":"Information","MessageTemplate":"Received a request for: /bestillingtypes","Properties":{"SourceContext":"RequestAuditor","RequestId":"0HMOMP32D279J:00000001","RequestPath":"/bestillingtypes","ConnectionId":"0HMOMP32D279J","ApplicationName":"Barn.Api","CorrelationId":"d1c59b92-6cc0-41c1-9cae-1cec62dd807c"}}
{"Timestamp":"2023-02-25T14:33:19.8688263+01:00","Level":"Information","MessageTemplate":"Method reached: {Method}","Properties":{"Method":"BestillingTypes","SourceContext":"BirkKodeverkAPI.Api.Data.IApiRepository","RequestId":"0HMOMP32D279J:00000001","RequestPath":"/bestillingtypes","ConnectionId":"0HMOMP32D279J","ApplicationName":"Barn.Api","CorrelationId":"d1c59b92-6cc0-41c1-9cae-1cec62dd807c"}}
{"Timestamp":"2023-02-25T14:33:19.8866975+01:00","Level":"Information","MessageTemplate":"Executed DbCommand ({elapsed}ms) [Parameters=[{parameters}], CommandType='{commandType}', CommandTimeout='{commandTimeout}']{newLine}{commandText}","Properties":{"elapsed":"17","parameters":"","commandType":"Text","commandTimeout":30,"newLine":"\r\n","commandText":"SELECT [b].[BestillingTypePk], [b].[Beskrivelse], [b].[EndretAv], [b].[EndretDato], [b].[GyldigFraDato], [b].[GyldigTilDato], [b].[RegAv], [b].[RegDato], [b].[Rekkefølge], [b].[Verdi]\r\nFROM [BestillingType] AS [b]","EventId":{"Id":20101,"Name":"Microsoft.EntityFrameworkCore.Database.Command.CommandExecuted"},"SourceContext":"Microsoft.EntityFrameworkCore.Database.Command","RequestId":"0HMOMP32D279J:00000001","RequestPath":"/bestillingtypes","ConnectionId":"0HMOMP32D279J","ApplicationName":"Barn.Api","CorrelationId":"d1c59b92-6cc0-41c1-9cae-1cec62dd807c"}}
{"Timestamp":"2023-02-25T14:55:47.6455945+01:00","Level":"Information","MessageTemplate":"Received a request for: /bestillingtypes","Properties":{"SourceContext":"RequestAuditor","RequestId":"0HMOMP32D279K:00000001","RequestPath":"/bestillingtypes","ConnectionId":"0HMOMP32D279K","ApplicationName":"Barn.Api","CorrelationId":"f5e574cb-2d03-4c8c-b964-61b518d98ba8"}}
{"Timestamp":"2023-02-25T14:55:47.6464227+01:00","Level":"Information","MessageTemplate":"Method reached: {Method}","Properties":{"Method":"BestillingTypes","SourceContext":"BirkKodeverkAPI.Api.Data.IApiRepository","RequestId":"0HMOMP32D279K:00000001","RequestPath":"/bestillingtypes","ConnectionId":"0HMOMP32D279K","ApplicationName":"Barn.Api","CorrelationId":"f5e574cb-2d03-4c8c-b964-61b518d98ba8"}}
{"Timestamp":"2023-02-25T14:55:47.7392920+01:00","Level":"Information","MessageTemplate":"Executed DbCommand ({elapsed}ms) [Parameters=[{parameters}], CommandType='{commandType}', CommandTimeout='{commandTimeout}']{newLine}{commandText}","Properties":{"elapsed":"17","parameters":"","commandType":"Text","commandTimeout":30,"newLine":"\r\n","commandText":"SELECT [b].[BestillingTypePk], [b].[Beskrivelse], [b].[EndretAv], [b].[EndretDato], [b].[GyldigFraDato], [b].[GyldigTilDato], [b].[RegAv], [b].[RegDato], [b].[Rekkefølge], [b].[Verdi]\r\nFROM [BestillingType] AS [b]","EventId":{"Id":20101,"Name":"Microsoft.EntityFrameworkCore.Database.Command.CommandExecuted"},"SourceContext":"Microsoft.EntityFrameworkCore.Database.Command","RequestId":"0HMOMP32D279K:00000001","RequestPath":"/bestillingtypes","ConnectionId":"0HMOMP32D279K","ApplicationName":"Barn.Api","CorrelationId":"f5e574cb-2d03-4c8c-b964-61b518d98ba8"}}
{"Timestamp":"2023-02-25T14:55:50.7476541+01:00","Level":"Information","MessageTemplate":"Received a request for: /bestillingtypes","Properties":{"SourceContext":"RequestAuditor","RequestId":"0HMOMP32D279L:00000001","RequestPath":"/bestillingtypes","ConnectionId":"0HMOMP32D279L","ApplicationName":"Barn.Api","CorrelationId":"787d5bdf-474c-487e-b8ad-183151bcf2a2"}}
{"Timestamp":"2023-02-25T14:55:50.7478581+01:00","Level":"Information","MessageTemplate":"Method reached: {Method}","Properties":{"Method":"BestillingTypes","SourceContext":"BirkKodeverkAPI.Api.Data.IApiRepository","RequestId":"0HMOMP32D279L:00000001","RequestPath":"/bestillingtypes","ConnectionId":"0HMOMP32D279L","ApplicationName":"Barn.Api","CorrelationId":"787d5bdf-474c-487e-b8ad-183151bcf2a2"}}
{"Timestamp":"2023-02-25T14:55:50.7688230+01:00","Level":"Information","MessageTemplate":"Executed DbCommand ({elapsed}ms) [Parameters=[{parameters}], CommandType='{commandType}', CommandTimeout='{commandTimeout}']{newLine}{commandText}","Properties":{"elapsed":"20","parameters":"","commandType":"Text","commandTimeout":30,"newLine":"\r\n","commandText":"SELECT [b].[BestillingTypePk], [b].[Beskrivelse], [b].[EndretAv], [b].[EndretDato], [b].[GyldigFraDato], [b].[GyldigTilDato], [b].[RegAv], [b].[RegDato], [b].[Rekkefølge], [b].[Verdi]\r\nFROM [BestillingType] AS [b]","EventId":{"Id":20101,"Name":"Microsoft.EntityFrameworkCore.Database.Command.CommandExecuted"},"SourceContext":"Microsoft.EntityFrameworkCore.Database.Command","RequestId":"0HMOMP32D279L:00000001","RequestPath":"/bestillingtypes","ConnectionId":"0HMOMP32D279L","ApplicationName":"Barn.Api","CorrelationId":"787d5bdf-474c-487e-b8ad-183151bcf2a2"}}
{"Timestamp":"2023-02-25T15:14:49.6096161+01:00","Level":"Information","MessageTemplate":"Received a request for: /bestillingtypes","Properties":{"SourceContext":"RequestAuditor","RequestId":"0HMOMP32D279M:00000001","RequestPath":"/bestillingtypes","ConnectionId":"0HMOMP32D279M","ApplicationName":"Barn.Api","CorrelationId":"af94acb0-bbb3-4aca-b8dc-9cb5839981df"}}
{"Timestamp":"2023-02-25T15:14:49.6100802+01:00","Level":"Information","MessageTemplate":"Method reached: {Method}","Properties":{"Method":"BestillingTypes","SourceContext":"BirkKodeverkAPI.Api.Data.IApiRepository","RequestId":"0HMOMP32D279M:00000001","RequestPath":"/bestillingtypes","ConnectionId":"0HMOMP32D279M","ApplicationName":"Barn.Api","CorrelationId":"af94acb0-bbb3-4aca-b8dc-9cb5839981df"}}
{"Timestamp":"2023-02-25T15:14:49.9630780+01:00","Level":"Information","MessageTemplate":"Executed DbCommand ({elapsed}ms) [Parameters=[{parameters}], CommandType='{commandType}', CommandTimeout='{commandTimeout}']{newLine}{commandText}","Properties":{"elapsed":"109","parameters":"","commandType":"Text","commandTimeout":30,"newLine":"\r\n","commandText":"SELECT [b].[BestillingTypePk], [b].[Beskrivelse], [b].[EndretAv], [b].[EndretDato], [b].[GyldigFraDato], [b].[GyldigTilDato], [b].[RegAv], [b].[RegDato], [b].[Rekkefølge], [b].[Verdi]\r\nFROM [BestillingType] AS [b]","EventId":{"Id":20101,"Name":"Microsoft.EntityFrameworkCore.Database.Command.CommandExecuted"},"SourceContext":"Microsoft.EntityFrameworkCore.Database.Command","RequestId":"0HMOMP32D279M:00000001","RequestPath":"/bestillingtypes","ConnectionId":"0HMOMP32D279M","ApplicationName":"Barn.Api","CorrelationId":"af94acb0-bbb3-4aca-b8dc-9cb5839981df"}}
{"Timestamp":"2023-02-25T15:14:52.6537753+01:00","Level":"Information","MessageTemplate":"Received a request for: /bestillingtypes","Properties":{"SourceContext":"RequestAuditor","RequestId":"0HMOMP32D279N:00000001","RequestPath":"/bestillingtypes","ConnectionId":"0HMOMP32D279N","ApplicationName":"Barn.Api","CorrelationId":"1d866970-7917-4ffa-a343-68f02982b1c1"}}
{"Timestamp":"2023-02-25T15:14:52.6539862+01:00","Level":"Information","MessageTemplate":"Method reached: {Method}","Properties":{"Method":"BestillingTypes","SourceContext":"BirkKodeverkAPI.Api.Data.IApiRepository","RequestId":"0HMOMP32D279N:00000001","RequestPath":"/bestillingtypes","ConnectionId":"0HMOMP32D279N","ApplicationName":"Barn.Api","CorrelationId":"1d866970-7917-4ffa-a343-68f02982b1c1"}}
{"Timestamp":"2023-02-25T15:14:52.6683760+01:00","Level":"Information","MessageTemplate":"Executed DbCommand ({elapsed}ms) [Parameters=[{parameters}], CommandType='{commandType}', CommandTimeout='{commandTimeout}']{newLine}{commandText}","Properties":{"elapsed":"13","parameters":"","commandType":"Text","commandTimeout":30,"newLine":"\r\n","commandText":"SELECT [b].[BestillingTypePk], [b].[Beskrivelse], [b].[EndretAv], [b].[EndretDato], [b].[GyldigFraDato], [b].[GyldigTilDato], [b].[RegAv], [b].[RegDato], [b].[Rekkefølge], [b].[Verdi]\r\nFROM [BestillingType] AS [b]","EventId":{"Id":20101,"Name":"Microsoft.EntityFrameworkCore.Database.Command.CommandExecuted"},"SourceContext":"Microsoft.EntityFrameworkCore.Database.Command","RequestId":"0HMOMP32D279N:00000001","RequestPath":"/bestillingtypes","ConnectionId":"0HMOMP32D279N","ApplicationName":"Barn.Api","CorrelationId":"1d866970-7917-4ffa-a343-68f02982b1c1"}}
{"Timestamp":"2023-02-25T22:33:48.5795245+01:00","Level":"Information","MessageTemplate":"Received a request for: /bestillingtypes","Properties":{"SourceContext":"RequestAuditor","RequestId":"0HMOMP32D279O:00000001","RequestPath":"/bestillingtypes","ConnectionId":"0HMOMP32D279O","ApplicationName":"Barn.Api","CorrelationId":"ff96b8a4-a5c8-46b7-9f55-627495466c76"}}
{"Timestamp":"2023-02-25T22:33:48.5816939+01:00","Level":"Information","MessageTemplate":"Method reached: {Method}","Properties":{"Method":"BestillingTypes","SourceContext":"BirkKodeverkAPI.Api.Data.IApiRepository","RequestId":"0HMOMP32D279O:00000001","RequestPath":"/bestillingtypes","ConnectionId":"0HMOMP32D279O","ApplicationName":"Barn.Api","CorrelationId":"ff96b8a4-a5c8-46b7-9f55-627495466c76"}}
{"Timestamp":"2023-02-25T22:33:48.8785007+01:00","Level":"Information","MessageTemplate":"Executed DbCommand ({elapsed}ms) [Parameters=[{parameters}], CommandType='{commandType}', CommandTimeout='{commandTimeout}']{newLine}{commandText}","Properties":{"elapsed":"63","parameters":"","commandType":"Text","commandTimeout":30,"newLine":"\r\n","commandText":"SELECT [b].[BestillingTypePk], [b].[Beskrivelse], [b].[EndretAv], [b].[EndretDato], [b].[GyldigFraDato], [b].[GyldigTilDato], [b].[RegAv], [b].[RegDato], [b].[Rekkefølge], [b].[Verdi]\r\nFROM [BestillingType] AS [b]","EventId":{"Id":20101,"Name":"Microsoft.EntityFrameworkCore.Database.Command.CommandExecuted"},"SourceContext":"Microsoft.EntityFrameworkCore.Database.Command","RequestId":"0HMOMP32D279O:00000001","RequestPath":"/bestillingtypes","ConnectionId":"0HMOMP32D279O","ApplicationName":"Barn.Api","CorrelationId":"ff96b8a4-a5c8-46b7-9f55-627495466c76"}}
{"Timestamp":"2023-02-25T22:33:52.7518700+01:00","Level":"Information","MessageTemplate":"Received a request for: /bestillingtypes","Properties":{"SourceContext":"RequestAuditor","RequestId":"0HMOMP32D279P:00000001","RequestPath":"/bestillingtypes","ConnectionId":"0HMOMP32D279P","ApplicationName":"Barn.Api","CorrelationId":"291ac55c-584c-404b-989a-b0c445297be9"}}
{"Timestamp":"2023-02-25T22:33:52.7521365+01:00","Level":"Information","MessageTemplate":"Method reached: {Method}","Properties":{"Method":"BestillingTypes","SourceContext":"BirkKodeverkAPI.Api.Data.IApiRepository","RequestId":"0HMOMP32D279P:00000001","RequestPath":"/bestillingtypes","ConnectionId":"0HMOMP32D279P","ApplicationName":"Barn.Api","CorrelationId":"291ac55c-584c-404b-989a-b0c445297be9"}}
{"Timestamp":"2023-02-25T22:33:52.7626019+01:00","Level":"Information","MessageTemplate":"Executed DbCommand ({elapsed}ms) [Parameters=[{parameters}], CommandType='{commandType}', CommandTimeout='{commandTimeout}']{newLine}{commandText}","Properties":{"elapsed":"9","parameters":"","commandType":"Text","commandTimeout":30,"newLine":"\r\n","commandText":"SELECT [b].[BestillingTypePk], [b].[Beskrivelse], [b].[EndretAv], [b].[EndretDato], [b].[GyldigFraDato], [b].[GyldigTilDato], [b].[RegAv], [b].[RegDato], [b].[Rekkefølge], [b].[Verdi]\r\nFROM [BestillingType] AS [b]","EventId":{"Id":20101,"Name":"Microsoft.EntityFrameworkCore.Database.Command.CommandExecuted"},"SourceContext":"Microsoft.EntityFrameworkCore.Database.Command","RequestId":"0HMOMP32D279P:00000001","RequestPath":"/bestillingtypes","ConnectionId":"0HMOMP32D279P","ApplicationName":"Barn.Api","CorrelationId":"291ac55c-584c-404b-989a-b0c445297be9"}}
{"Timestamp":"2023-02-25T22:51:12.6531704+01:00","Level":"Information","MessageTemplate":"Received a request for: /bestillingtypes","Properties":{"SourceContext":"RequestAuditor","RequestId":"0HMOMP32D279Q:00000001","RequestPath":"/bestillingtypes","ConnectionId":"0HMOMP32D279Q","ApplicationName":"Barn.Api","CorrelationId":"61d97fad-9042-46ff-9ca2-e266424bd566"}}
{"Timestamp":"2023-02-25T22:51:12.6534734+01:00","Level":"Information","MessageTemplate":"Method reached: {Method}","Properties":{"Method":"BestillingTypes","SourceContext":"BirkKodeverkAPI.Api.Data.IApiRepository","RequestId":"0HMOMP32D279Q:00000001","RequestPath":"/bestillingtypes","ConnectionId":"0HMOMP32D279Q","ApplicationName":"Barn.Api","CorrelationId":"61d97fad-9042-46ff-9ca2-e266424bd566"}}
{"Timestamp":"2023-02-25T22:51:12.8246608+01:00","Level":"Information","MessageTemplate":"Executed DbCommand ({elapsed}ms) [Parameters=[{parameters}], CommandType='{commandType}', CommandTimeout='{commandTimeout}']{newLine}{commandText}","Properties":{"elapsed":"23","parameters":"","commandType":"Text","commandTimeout":30,"newLine":"\r\n","commandText":"SELECT [b].[BestillingTypePk], [b].[Beskrivelse], [b].[EndretAv], [b].[EndretDato], [b].[GyldigFraDato], [b].[GyldigTilDato], [b].[RegAv], [b].[RegDato], [b].[Rekkefølge], [b].[Verdi]\r\nFROM [BestillingType] AS [b]","EventId":{"Id":20101,"Name":"Microsoft.EntityFrameworkCore.Database.Command.CommandExecuted"},"SourceContext":"Microsoft.EntityFrameworkCore.Database.Command","RequestId":"0HMOMP32D279Q:00000001","RequestPath":"/bestillingtypes","ConnectionId":"0HMOMP32D279Q","ApplicationName":"Barn.Api","CorrelationId":"61d97fad-9042-46ff-9ca2-e266424bd566"}}
{"Timestamp":"2023-02-25T22:51:15.3467798+01:00","Level":"Information","MessageTemplate":"Received a request for: /bestillingtypes","Properties":{"SourceContext":"RequestAuditor","RequestId":"0HMOMP32D279R:00000001","RequestPath":"/bestillingtypes","ConnectionId":"0HMOMP32D279R","ApplicationName":"Barn.Api","CorrelationId":"c82986c9-2705-474b-9ed2-710f1390ad1f"}}
{"Timestamp":"2023-02-25T22:51:15.3469814+01:00","Level":"Information","MessageTemplate":"Method reached: {Method}","Properties":{"Method":"BestillingTypes","SourceContext":"BirkKodeverkAPI.Api.Data.IApiRepository","RequestId":"0HMOMP32D279R:00000001","RequestPath":"/bestillingtypes","ConnectionId":"0HMOMP32D279R","ApplicationName":"Barn.Api","CorrelationId":"c82986c9-2705-474b-9ed2-710f1390ad1f"}}
{"Timestamp":"2023-02-25T22:51:15.3596480+01:00","Level":"Information","MessageTemplate":"Executed DbCommand ({elapsed}ms) [Parameters=[{parameters}], CommandType='{commandType}', CommandTimeout='{commandTimeout}']{newLine}{commandText}","Properties":{"elapsed":"9","parameters":"","commandType":"Text","commandTimeout":30,"newLine":"\r\n","commandText":"SELECT [b].[BestillingTypePk], [b].[Beskrivelse], [b].[EndretAv], [b].[EndretDato], [b].[GyldigFraDato], [b].[GyldigTilDato], [b].[RegAv], [b].[RegDato], [b].[Rekkefølge], [b].[Verdi]\r\nFROM [BestillingType] AS [b]","EventId":{"Id":20101,"Name":"Microsoft.EntityFrameworkCore.Database.Command.CommandExecuted"},"SourceContext":"Microsoft.EntityFrameworkCore.Database.Command","RequestId":"0HMOMP32D279R:00000001","RequestPath":"/bestillingtypes","ConnectionId":"0HMOMP32D279R","ApplicationName":"Barn.Api","CorrelationId":"c82986c9-2705-474b-9ed2-710f1390ad1f"}}
