{"Timestamp":"2023-02-24T15:25:55.3799144+01:00","Level":"Information","MessageTemplate":"Now listening on: {address}","Properties":{"address":"https://localhost:7150","EventId":{"Id":14,"Name":"ListeningOnAddress"},"SourceContext":"Microsoft.Hosting.Lifetime","ApplicationName":"Barn.Api"}}
{"Timestamp":"2023-02-24T15:25:55.4506469+01:00","Level":"Information","MessageTemplate":"Now listening on: {address}","Properties":{"address":"http://localhost:5077","EventId":{"Id":14,"Name":"ListeningOnAddress"},"SourceContext":"Microsoft.Hosting.Lifetime","ApplicationName":"Barn.Api"}}
{"Timestamp":"2023-02-24T15:25:55.4579276+01:00","Level":"Information","MessageTemplate":"Application started. Press Ctrl+C to shut down.","Properties":{"SourceContext":"Microsoft.Hosting.Lifetime","ApplicationName":"Barn.Api"}}
{"Timestamp":"2023-02-24T15:25:55.4583689+01:00","Level":"Information","MessageTemplate":"Hosting environment: {EnvName}","Properties":{"EnvName":"Development","SourceContext":"Microsoft.Hosting.Lifetime","ApplicationName":"Barn.Api"}}
{"Timestamp":"2023-02-24T15:25:55.4585074+01:00","Level":"Information","MessageTemplate":"Content root path: {ContentRoot}","Properties":{"ContentRoot":"C:\\Repos\\Birk.Kodeverk.API\\src\\BirkKodeverkAPI.Api","SourceContext":"Microsoft.Hosting.Lifetime","ApplicationName":"Barn.Api"}}
{"Timestamp":"2023-02-24T15:27:00.4537166+01:00","Level":"Information","MessageTemplate":"Received a request for: /bestillingtypes","Properties":{"SourceContext":"RequestAuditor","RequestId":"0HMOMEC58ELVI:00000001","RequestPath":"/bestillingtypes","ConnectionId":"0HMOMEC58ELVI","ApplicationName":"Barn.Api","CorrelationId":"be9d403b-89da-4d49-afe5-5b030ab8e526"}}
{"Timestamp":"2023-02-24T15:27:00.4679095+01:00","Level":"Information","MessageTemplate":"Entering {Method}","Properties":{"Method":"BestillingTypes","SourceContext":"BirkKodeverkAPI.Api.Data.IApiRepository","RequestId":"0HMOMEC58ELVI:00000001","RequestPath":"/bestillingtypes","ConnectionId":"0HMOMEC58ELVI","ApplicationName":"Barn.Api","CorrelationId":"be9d403b-89da-4d49-afe5-5b030ab8e526"}}
{"Timestamp":"2023-02-24T15:27:02.5764085+01:00","Level":"Information","MessageTemplate":"Received a request for: /bestillingtypes","Properties":{"SourceContext":"RequestAuditor","RequestId":"0HMOMEC58ELVJ:00000001","RequestPath":"/bestillingtypes","ConnectionId":"0HMOMEC58ELVJ","ApplicationName":"Barn.Api","CorrelationId":"7e95b2e6-2205-4995-9a6f-fdee2582a917"}}
{"Timestamp":"2023-02-24T15:27:02.5770635+01:00","Level":"Information","MessageTemplate":"Entering {Method}","Properties":{"Method":"BestillingTypes","SourceContext":"BirkKodeverkAPI.Api.Data.IApiRepository","RequestId":"0HMOMEC58ELVJ:00000001","RequestPath":"/bestillingtypes","ConnectionId":"0HMOMEC58ELVJ","ApplicationName":"Barn.Api","CorrelationId":"7e95b2e6-2205-4995-9a6f-fdee2582a917"}}
{"Timestamp":"2023-02-24T15:27:04.4482503+01:00","Level":"Information","MessageTemplate":"Executed DbCommand ({elapsed}ms) [Parameters=[{parameters}], CommandType='{commandType}', CommandTimeout='{commandTimeout}']{newLine}{commandText}","Properties":{"elapsed":"63","parameters":"","commandType":"Text","commandTimeout":30,"newLine":"\r\n","commandText":"SELECT [b].[BestillingTypePk], [b].[Beskrivelse], [b].[EndretAv], [b].[EndretDato], [b].[GyldigFraDato], [b].[GyldigTilDato], [b].[RegAv], [b].[RegDato], [b].[Rekkefølge], [b].[Verdi]\r\nFROM [BestillingType] AS [b]","EventId":{"Id":20101,"Name":"Microsoft.EntityFrameworkCore.Database.Command.CommandExecuted"},"SourceContext":"Microsoft.EntityFrameworkCore.Database.Command","RequestId":"0HMOMEC58ELVJ:00000001","RequestPath":"/bestillingtypes","ConnectionId":"0HMOMEC58ELVJ","ApplicationName":"Barn.Api","CorrelationId":"7e95b2e6-2205-4995-9a6f-fdee2582a917"}}
{"Timestamp":"2023-02-24T15:27:04.4482071+01:00","Level":"Information","MessageTemplate":"Executed DbCommand ({elapsed}ms) [Parameters=[{parameters}], CommandType='{commandType}', CommandTimeout='{commandTimeout}']{newLine}{commandText}","Properties":{"elapsed":"77","parameters":"","commandType":"Text","commandTimeout":30,"newLine":"\r\n","commandText":"SELECT [b].[BestillingTypePk], [b].[Beskrivelse], [b].[EndretAv], [b].[EndretDato], [b].[GyldigFraDato], [b].[GyldigTilDato], [b].[RegAv], [b].[RegDato], [b].[Rekkefølge], [b].[Verdi]\r\nFROM [BestillingType] AS [b]","EventId":{"Id":20101,"Name":"Microsoft.EntityFrameworkCore.Database.Command.CommandExecuted"},"SourceContext":"Microsoft.EntityFrameworkCore.Database.Command","RequestId":"0HMOMEC58ELVI:00000001","RequestPath":"/bestillingtypes","ConnectionId":"0HMOMEC58ELVI","ApplicationName":"Barn.Api","CorrelationId":"be9d403b-89da-4d49-afe5-5b030ab8e526"}}
{"Timestamp":"2023-02-24T15:39:17.6466118+01:00","Level":"Information","MessageTemplate":"Received a request for: /bestillingtypes","Properties":{"SourceContext":"RequestAuditor","RequestId":"0HMOMEC58ELVK:00000001","RequestPath":"/bestillingtypes","ConnectionId":"0HMOMEC58ELVK","ApplicationName":"Barn.Api","CorrelationId":"c633c38d-f827-432f-af0b-5e1fed589aa8"}}
{"Timestamp":"2023-02-24T15:39:34.2356607+01:00","Level":"Information","MessageTemplate":"Entering {Method}","Properties":{"Method":"BestillingTypes","SourceContext":"BirkKodeverkAPI.Api.Data.IApiRepository","RequestId":"0HMOMEC58ELVK:00000001","RequestPath":"/bestillingtypes","ConnectionId":"0HMOMEC58ELVK","ApplicationName":"Barn.Api","CorrelationId":"c633c38d-f827-432f-af0b-5e1fed589aa8"}}
{"Timestamp":"2023-02-24T15:39:34.2547136+01:00","Level":"Information","MessageTemplate":"Received a request for: /bestillingtypes","Properties":{"SourceContext":"RequestAuditor","RequestId":"0HMOMEC58ELVL:00000001","RequestPath":"/bestillingtypes","ConnectionId":"0HMOMEC58ELVL","ApplicationName":"Barn.Api","CorrelationId":"193d72e5-ef71-4aff-bb89-1bf60085f694"}}
{"Timestamp":"2023-02-24T15:39:38.8958401+01:00","Level":"Information","MessageTemplate":"Entering {Method}","Properties":{"Method":"BestillingTypes","SourceContext":"BirkKodeverkAPI.Api.Data.IApiRepository","RequestId":"0HMOMEC58ELVL:00000001","RequestPath":"/bestillingtypes","ConnectionId":"0HMOMEC58ELVL","ApplicationName":"Barn.Api","CorrelationId":"193d72e5-ef71-4aff-bb89-1bf60085f694"}}
{"Timestamp":"2023-02-24T15:39:39.0204985+01:00","Level":"Information","MessageTemplate":"Executed DbCommand ({elapsed}ms) [Parameters=[{parameters}], CommandType='{commandType}', CommandTimeout='{commandTimeout}']{newLine}{commandText}","Properties":{"elapsed":"3","parameters":"","commandType":"Text","commandTimeout":30,"newLine":"\r\n","commandText":"SELECT [b].[BestillingTypePk], [b].[Beskrivelse], [b].[EndretAv], [b].[EndretDato], [b].[GyldigFraDato], [b].[GyldigTilDato], [b].[RegAv], [b].[RegDato], [b].[Rekkefølge], [b].[Verdi]\r\nFROM [BestillingType] AS [b]","EventId":{"Id":20101,"Name":"Microsoft.EntityFrameworkCore.Database.Command.CommandExecuted"},"SourceContext":"Microsoft.EntityFrameworkCore.Database.Command","RequestId":"0HMOMEC58ELVK:00000001","RequestPath":"/bestillingtypes","ConnectionId":"0HMOMEC58ELVK","ApplicationName":"Barn.Api","CorrelationId":"c633c38d-f827-432f-af0b-5e1fed589aa8"}}
{"Timestamp":"2023-02-24T15:39:39.0295471+01:00","Level":"Information","MessageTemplate":"Executed DbCommand ({elapsed}ms) [Parameters=[{parameters}], CommandType='{commandType}', CommandTimeout='{commandTimeout}']{newLine}{commandText}","Properties":{"elapsed":"4","parameters":"","commandType":"Text","commandTimeout":30,"newLine":"\r\n","commandText":"SELECT [b].[BestillingTypePk], [b].[Beskrivelse], [b].[EndretAv], [b].[EndretDato], [b].[GyldigFraDato], [b].[GyldigTilDato], [b].[RegAv], [b].[RegDato], [b].[Rekkefølge], [b].[Verdi]\r\nFROM [BestillingType] AS [b]","EventId":{"Id":20101,"Name":"Microsoft.EntityFrameworkCore.Database.Command.CommandExecuted"},"SourceContext":"Microsoft.EntityFrameworkCore.Database.Command","RequestId":"0HMOMEC58ELVL:00000001","RequestPath":"/bestillingtypes","ConnectionId":"0HMOMEC58ELVL","ApplicationName":"Barn.Api","CorrelationId":"193d72e5-ef71-4aff-bb89-1bf60085f694"}}
{"Timestamp":"2023-02-24T15:56:48.0405656+01:00","Level":"Information","MessageTemplate":"Now listening on: {address}","Properties":{"address":"https://localhost:7150","EventId":{"Id":14,"Name":"ListeningOnAddress"},"SourceContext":"Microsoft.Hosting.Lifetime","ApplicationName":"Barn.Api"}}
{"Timestamp":"2023-02-24T15:56:48.1012904+01:00","Level":"Information","MessageTemplate":"Now listening on: {address}","Properties":{"address":"http://localhost:5077","EventId":{"Id":14,"Name":"ListeningOnAddress"},"SourceContext":"Microsoft.Hosting.Lifetime","ApplicationName":"Barn.Api"}}
{"Timestamp":"2023-02-24T15:56:48.1040224+01:00","Level":"Information","MessageTemplate":"Application started. Press Ctrl+C to shut down.","Properties":{"SourceContext":"Microsoft.Hosting.Lifetime","ApplicationName":"Barn.Api"}}
{"Timestamp":"2023-02-24T15:56:48.1043431+01:00","Level":"Information","MessageTemplate":"Hosting environment: {EnvName}","Properties":{"EnvName":"Development","SourceContext":"Microsoft.Hosting.Lifetime","ApplicationName":"Barn.Api"}}
{"Timestamp":"2023-02-24T15:56:48.1044942+01:00","Level":"Information","MessageTemplate":"Content root path: {ContentRoot}","Properties":{"ContentRoot":"C:\\Repos\\Birk.Kodeverk.API\\src\\BirkKodeverkAPI.Api","SourceContext":"Microsoft.Hosting.Lifetime","ApplicationName":"Barn.Api"}}
{"Timestamp":"2023-02-24T15:57:21.0099493+01:00","Level":"Information","MessageTemplate":"Received a request for: /bestillingtypes","Properties":{"SourceContext":"RequestAuditor","RequestId":"0HMOMETDGSKDI:00000009","RequestPath":"/bestillingtypes","ConnectionId":"0HMOMETDGSKDI","ApplicationName":"Barn.Api","CorrelationId":"69200bad-598c-4258-a065-8bea1fd7214e"}}
{"Timestamp":"2023-02-24T15:57:21.0161807+01:00","Level":"Information","MessageTemplate":"Entering {Method}","Properties":{"Method":"BestillingTypes","SourceContext":"BirkKodeverkAPI.Api.Data.IApiRepository","RequestId":"0HMOMETDGSKDI:00000009","RequestPath":"/bestillingtypes","ConnectionId":"0HMOMETDGSKDI","ApplicationName":"Barn.Api","CorrelationId":"69200bad-598c-4258-a065-8bea1fd7214e"}}
{"Timestamp":"2023-02-24T15:57:24.3745444+01:00","Level":"Information","MessageTemplate":"Executed DbCommand ({elapsed}ms) [Parameters=[{parameters}], CommandType='{commandType}', CommandTimeout='{commandTimeout}']{newLine}{commandText}","Properties":{"elapsed":"65","parameters":"","commandType":"Text","commandTimeout":30,"newLine":"\r\n","commandText":"SELECT [b].[BestillingTypePk], [b].[Beskrivelse], [b].[EndretAv], [b].[EndretDato], [b].[GyldigFraDato], [b].[GyldigTilDato], [b].[RegAv], [b].[RegDato], [b].[Rekkefølge], [b].[Verdi]\r\nFROM [BestillingType] AS [b]","EventId":{"Id":20101,"Name":"Microsoft.EntityFrameworkCore.Database.Command.CommandExecuted"},"SourceContext":"Microsoft.EntityFrameworkCore.Database.Command","RequestId":"0HMOMETDGSKDI:00000009","RequestPath":"/bestillingtypes","ConnectionId":"0HMOMETDGSKDI","ApplicationName":"Barn.Api","CorrelationId":"69200bad-598c-4258-a065-8bea1fd7214e"}}
{"Timestamp":"2023-02-24T16:00:16.2536972+01:00","Level":"Information","MessageTemplate":"Now listening on: {address}","Properties":{"address":"https://localhost:7150","EventId":{"Id":14,"Name":"ListeningOnAddress"},"SourceContext":"Microsoft.Hosting.Lifetime","ApplicationName":"Barn.Api"}}
{"Timestamp":"2023-02-24T16:00:16.3730335+01:00","Level":"Information","MessageTemplate":"Now listening on: {address}","Properties":{"address":"http://localhost:5077","EventId":{"Id":14,"Name":"ListeningOnAddress"},"SourceContext":"Microsoft.Hosting.Lifetime","ApplicationName":"Barn.Api"}}
{"Timestamp":"2023-02-24T16:00:16.3758321+01:00","Level":"Information","MessageTemplate":"Application started. Press Ctrl+C to shut down.","Properties":{"SourceContext":"Microsoft.Hosting.Lifetime","ApplicationName":"Barn.Api"}}
{"Timestamp":"2023-02-24T16:00:16.3761573+01:00","Level":"Information","MessageTemplate":"Hosting environment: {EnvName}","Properties":{"EnvName":"Development","SourceContext":"Microsoft.Hosting.Lifetime","ApplicationName":"Barn.Api"}}
{"Timestamp":"2023-02-24T16:00:16.3763048+01:00","Level":"Information","MessageTemplate":"Content root path: {ContentRoot}","Properties":{"ContentRoot":"C:\\Repos\\Birk.Kodeverk.API\\src\\BirkKodeverkAPI.Api","SourceContext":"Microsoft.Hosting.Lifetime","ApplicationName":"Barn.Api"}}
{"Timestamp":"2023-02-24T16:05:14.1317909+01:00","Level":"Information","MessageTemplate":"Entering {Method}","Properties":{"Method":"BestillingTypes","SourceContext":"BirkKodeverkAPI.Api.Data.IApiRepository","RequestId":"0HMOMEVBBR4S7:00000009","RequestPath":"/bestillingtypes","ConnectionId":"0HMOMEVBBR4S7","ApplicationName":"Barn.Api","CorrelationId":"d876261e-356b-4067-b896-419f3435cc48"}}
{"Timestamp":"2023-02-24T16:05:17.5555784+01:00","Level":"Information","MessageTemplate":"Executed DbCommand ({elapsed}ms) [Parameters=[{parameters}], CommandType='{commandType}', CommandTimeout='{commandTimeout}']{newLine}{commandText}","Properties":{"elapsed":"71","parameters":"","commandType":"Text","commandTimeout":30,"newLine":"\r\n","commandText":"SELECT [b].[BestillingTypePk], [b].[Beskrivelse], [b].[EndretAv], [b].[EndretDato], [b].[GyldigFraDato], [b].[GyldigTilDato], [b].[RegAv], [b].[RegDato], [b].[Rekkefølge], [b].[Verdi]\r\nFROM [BestillingType] AS [b]","EventId":{"Id":20101,"Name":"Microsoft.EntityFrameworkCore.Database.Command.CommandExecuted"},"SourceContext":"Microsoft.EntityFrameworkCore.Database.Command","RequestId":"0HMOMEVBBR4S7:00000009","RequestPath":"/bestillingtypes","ConnectionId":"0HMOMEVBBR4S7","ApplicationName":"Barn.Api","CorrelationId":"d876261e-356b-4067-b896-419f3435cc48"}}
{"Timestamp":"2023-02-24T16:05:19.8679278+01:00","Level":"Information","MessageTemplate":"Entering {Method}","Properties":{"Method":"BestillingTypes","SourceContext":"BirkKodeverkAPI.Api.Data.IApiRepository","RequestId":"0HMOMEVBBR4S7:0000000B","RequestPath":"/bestillingtypes","ConnectionId":"0HMOMEVBBR4S7","ApplicationName":"Barn.Api","CorrelationId":"8eb5676f-f476-41d1-ae44-ebc599f346f7"}}
{"Timestamp":"2023-02-24T16:05:19.9077839+01:00","Level":"Information","MessageTemplate":"Executed DbCommand ({elapsed}ms) [Parameters=[{parameters}], CommandType='{commandType}', CommandTimeout='{commandTimeout}']{newLine}{commandText}","Properties":{"elapsed":"6","parameters":"","commandType":"Text","commandTimeout":30,"newLine":"\r\n","commandText":"SELECT [b].[BestillingTypePk], [b].[Beskrivelse], [b].[EndretAv], [b].[EndretDato], [b].[GyldigFraDato], [b].[GyldigTilDato], [b].[RegAv], [b].[RegDato], [b].[Rekkefølge], [b].[Verdi]\r\nFROM [BestillingType] AS [b]","EventId":{"Id":20101,"Name":"Microsoft.EntityFrameworkCore.Database.Command.CommandExecuted"},"SourceContext":"Microsoft.EntityFrameworkCore.Database.Command","RequestId":"0HMOMEVBBR4S7:0000000B","RequestPath":"/bestillingtypes","ConnectionId":"0HMOMEVBBR4S7","ApplicationName":"Barn.Api","CorrelationId":"8eb5676f-f476-41d1-ae44-ebc599f346f7"}}
{"Timestamp":"2023-02-24T16:13:18.7607125+01:00","Level":"Information","MessageTemplate":"Entering {Method}","Properties":{"Method":"BestillingTypes","SourceContext":"BirkKodeverkAPI.Api.Data.IApiRepository","RequestId":"0HMOMEVBBR4S7:0000000D","RequestPath":"/bestillingtypes","ConnectionId":"0HMOMEVBBR4S7","ApplicationName":"Barn.Api","CorrelationId":"effadd4d-15a4-4a3e-ab77-363513d65816"}}
{"Timestamp":"2023-02-24T16:13:18.9386884+01:00","Level":"Information","MessageTemplate":"Executed DbCommand ({elapsed}ms) [Parameters=[{parameters}], CommandType='{commandType}', CommandTimeout='{commandTimeout}']{newLine}{commandText}","Properties":{"elapsed":"5","parameters":"","commandType":"Text","commandTimeout":30,"newLine":"\r\n","commandText":"SELECT [b].[BestillingTypePk], [b].[Beskrivelse], [b].[EndretAv], [b].[EndretDato], [b].[GyldigFraDato], [b].[GyldigTilDato], [b].[RegAv], [b].[RegDato], [b].[Rekkefølge], [b].[Verdi]\r\nFROM [BestillingType] AS [b]","EventId":{"Id":20101,"Name":"Microsoft.EntityFrameworkCore.Database.Command.CommandExecuted"},"SourceContext":"Microsoft.EntityFrameworkCore.Database.Command","RequestId":"0HMOMEVBBR4S7:0000000D","RequestPath":"/bestillingtypes","ConnectionId":"0HMOMEVBBR4S7","ApplicationName":"Barn.Api","CorrelationId":"effadd4d-15a4-4a3e-ab77-363513d65816"}}
{"Timestamp":"2023-02-24T16:13:21.8021365+01:00","Level":"Information","MessageTemplate":"Entering {Method}","Properties":{"Method":"BestillingTypes","SourceContext":"BirkKodeverkAPI.Api.Data.IApiRepository","RequestId":"0HMOMEVBBR4S7:0000000F","RequestPath":"/bestillingtypes","ConnectionId":"0HMOMEVBBR4S7","ApplicationName":"Barn.Api","CorrelationId":"59913b6d-5b0d-49cb-8fdf-0ed017d33861"}}
{"Timestamp":"2023-02-24T16:13:21.8084342+01:00","Level":"Information","MessageTemplate":"Executed DbCommand ({elapsed}ms) [Parameters=[{parameters}], CommandType='{commandType}', CommandTimeout='{commandTimeout}']{newLine}{commandText}","Properties":{"elapsed":"5","parameters":"","commandType":"Text","commandTimeout":30,"newLine":"\r\n","commandText":"SELECT [b].[BestillingTypePk], [b].[Beskrivelse], [b].[EndretAv], [b].[EndretDato], [b].[GyldigFraDato], [b].[GyldigTilDato], [b].[RegAv], [b].[RegDato], [b].[Rekkefølge], [b].[Verdi]\r\nFROM [BestillingType] AS [b]","EventId":{"Id":20101,"Name":"Microsoft.EntityFrameworkCore.Database.Command.CommandExecuted"},"SourceContext":"Microsoft.EntityFrameworkCore.Database.Command","RequestId":"0HMOMEVBBR4S7:0000000F","RequestPath":"/bestillingtypes","ConnectionId":"0HMOMEVBBR4S7","ApplicationName":"Barn.Api","CorrelationId":"59913b6d-5b0d-49cb-8fdf-0ed017d33861"}}
{"Timestamp":"2023-02-24T16:30:36.6607303+01:00","Level":"Fatal","MessageTemplate":"Application startup exception","Exception":"System.InvalidOperationException: Unable to resolve service for type 'Serilog.Extensions.Hosting.DiagnosticContext' while attempting to activate 'Serilog.AspNetCore.RequestLoggingMiddleware'.\r\n   at Microsoft.Extensions.Internal.ActivatorUtilities.ConstructorMatcher.CreateInstance(IServiceProvider provider)\r\n   at Microsoft.Extensions.Internal.ActivatorUtilities.CreateInstance(IServiceProvider provider, Type instanceType, Object[] parameters)\r\n   at Microsoft.AspNetCore.Builder.UseMiddlewareExtensions.<>c__DisplayClass5_0.<UseMiddleware>b__0(RequestDelegate next)\r\n   at Microsoft.AspNetCore.Builder.ApplicationBuilder.Build()\r\n   at Microsoft.AspNetCore.Builder.ApplicationBuilder.Build()\r\n   at Microsoft.AspNetCore.Hosting.GenericWebHostService.StartAsync(CancellationToken cancellationToken)","Properties":{"EventId":{"Id":6},"SourceContext":"Microsoft.AspNetCore.Hosting.Diagnostics","ApplicationName":"Barn.Api"}}
{"Timestamp":"2023-02-24T16:33:09.8395272+01:00","Level":"Fatal","MessageTemplate":"Application startup exception","Exception":"System.InvalidOperationException: Unable to resolve service for type 'Serilog.Extensions.Hosting.DiagnosticContext' while attempting to activate 'Serilog.AspNetCore.RequestLoggingMiddleware'.\r\n   at Microsoft.Extensions.Internal.ActivatorUtilities.ConstructorMatcher.CreateInstance(IServiceProvider provider)\r\n   at Microsoft.Extensions.Internal.ActivatorUtilities.CreateInstance(IServiceProvider provider, Type instanceType, Object[] parameters)\r\n   at Microsoft.AspNetCore.Builder.UseMiddlewareExtensions.<>c__DisplayClass5_0.<UseMiddleware>b__0(RequestDelegate next)\r\n   at Microsoft.AspNetCore.Builder.ApplicationBuilder.Build()\r\n   at Microsoft.AspNetCore.Builder.ApplicationBuilder.Build()\r\n   at Microsoft.AspNetCore.Hosting.GenericWebHostService.StartAsync(CancellationToken cancellationToken)","Properties":{"EventId":{"Id":6},"SourceContext":"Microsoft.AspNetCore.Hosting.Diagnostics","ApplicationName":"Barn.Api"}}
{"Timestamp":"2023-02-24T16:33:55.0870648+01:00","Level":"Fatal","MessageTemplate":"Application startup exception","Exception":"System.InvalidOperationException: Unable to resolve service for type 'Serilog.Extensions.Hosting.DiagnosticContext' while attempting to activate 'Serilog.AspNetCore.RequestLoggingMiddleware'.\r\n   at Microsoft.Extensions.Internal.ActivatorUtilities.ConstructorMatcher.CreateInstance(IServiceProvider provider)\r\n   at Microsoft.Extensions.Internal.ActivatorUtilities.CreateInstance(IServiceProvider provider, Type instanceType, Object[] parameters)\r\n   at Microsoft.AspNetCore.Builder.UseMiddlewareExtensions.<>c__DisplayClass5_0.<UseMiddleware>b__0(RequestDelegate next)\r\n   at Microsoft.AspNetCore.Builder.ApplicationBuilder.Build()\r\n   at Microsoft.AspNetCore.Builder.ApplicationBuilder.Build()\r\n   at Microsoft.AspNetCore.Hosting.GenericWebHostService.StartAsync(CancellationToken cancellationToken)","Properties":{"EventId":{"Id":6},"SourceContext":"Microsoft.AspNetCore.Hosting.Diagnostics","ApplicationName":"Barn.Api"}}
{"Timestamp":"2023-02-24T16:45:16.8859097+01:00","Level":"Fatal","MessageTemplate":"Application startup exception","Exception":"System.InvalidOperationException: Unable to resolve service for type 'Serilog.Extensions.Hosting.DiagnosticContext' while attempting to activate 'Serilog.AspNetCore.RequestLoggingMiddleware'.\r\n   at Microsoft.Extensions.Internal.ActivatorUtilities.ConstructorMatcher.CreateInstance(IServiceProvider provider)\r\n   at Microsoft.Extensions.Internal.ActivatorUtilities.CreateInstance(IServiceProvider provider, Type instanceType, Object[] parameters)\r\n   at Microsoft.AspNetCore.Builder.UseMiddlewareExtensions.<>c__DisplayClass5_0.<UseMiddleware>b__0(RequestDelegate next)\r\n   at Microsoft.AspNetCore.Builder.ApplicationBuilder.Build()\r\n   at Microsoft.AspNetCore.Builder.ApplicationBuilder.Build()\r\n   at Microsoft.AspNetCore.Hosting.GenericWebHostService.StartAsync(CancellationToken cancellationToken)","Properties":{"EventId":{"Id":6},"SourceContext":"Microsoft.AspNetCore.Hosting.Diagnostics","ApplicationName":"Barn.Api"}}
{"Timestamp":"2023-02-24T16:48:09.9734082+01:00","Level":"Fatal","MessageTemplate":"Application startup exception","Exception":"System.InvalidOperationException: Unable to resolve service for type 'Serilog.Extensions.Hosting.DiagnosticContext' while attempting to activate 'Serilog.AspNetCore.RequestLoggingMiddleware'.\r\n   at Microsoft.Extensions.Internal.ActivatorUtilities.ConstructorMatcher.CreateInstance(IServiceProvider provider)\r\n   at Microsoft.Extensions.Internal.ActivatorUtilities.CreateInstance(IServiceProvider provider, Type instanceType, Object[] parameters)\r\n   at Microsoft.AspNetCore.Builder.UseMiddlewareExtensions.<>c__DisplayClass5_0.<UseMiddleware>b__0(RequestDelegate next)\r\n   at Microsoft.AspNetCore.Builder.ApplicationBuilder.Build()\r\n   at Microsoft.AspNetCore.Builder.ApplicationBuilder.Build()\r\n   at Microsoft.AspNetCore.Hosting.GenericWebHostService.StartAsync(CancellationToken cancellationToken)","Properties":{"EventId":{"Id":6},"SourceContext":"Microsoft.AspNetCore.Hosting.Diagnostics","ApplicationName":"Barn.Api"}}
{"Timestamp":"2023-02-24T20:48:08.0633718+01:00","Level":"Information","MessageTemplate":"The application started","Properties":{"SourceContext":"BirkKodeverkAPI.Api","ApplicationName":"Barn.Api"}}
{"Timestamp":"2023-02-24T20:48:09.2376835+01:00","Level":"Information","MessageTemplate":"Now listening on: {address}","Properties":{"address":"https://localhost:7150","EventId":{"Id":14,"Name":"ListeningOnAddress"},"SourceContext":"Microsoft.Hosting.Lifetime","ApplicationName":"Barn.Api"}}
{"Timestamp":"2023-02-24T20:48:09.2418569+01:00","Level":"Information","MessageTemplate":"Now listening on: {address}","Properties":{"address":"http://localhost:5077","EventId":{"Id":14,"Name":"ListeningOnAddress"},"SourceContext":"Microsoft.Hosting.Lifetime","ApplicationName":"Barn.Api"}}
{"Timestamp":"2023-02-24T20:48:09.2425007+01:00","Level":"Information","MessageTemplate":"Application started. Press Ctrl+C to shut down.","Properties":{"SourceContext":"Microsoft.Hosting.Lifetime","ApplicationName":"Barn.Api"}}
{"Timestamp":"2023-02-24T20:48:09.2427287+01:00","Level":"Information","MessageTemplate":"Hosting environment: {EnvName}","Properties":{"EnvName":"Development","SourceContext":"Microsoft.Hosting.Lifetime","ApplicationName":"Barn.Api"}}
{"Timestamp":"2023-02-24T20:48:09.2428793+01:00","Level":"Information","MessageTemplate":"Content root path: {ContentRoot}","Properties":{"ContentRoot":"C:\\Repos\\Birk.Kodeverk.API\\src\\BirkKodeverkAPI.Api","SourceContext":"Microsoft.Hosting.Lifetime","ApplicationName":"Barn.Api"}}
{"Timestamp":"2023-02-24T20:48:44.1767762+01:00","Level":"Information","MessageTemplate":"Received a request for: /bestillingtypes","Properties":{"SourceContext":"RequestAuditor","RequestId":"0HMOMK074OVLK:00000009","RequestPath":"/bestillingtypes","ConnectionId":"0HMOMK074OVLK","ApplicationName":"Barn.Api","CorrelationId":"35bcce74-7aeb-442b-915b-e6ce2f1010c5"}}
{"Timestamp":"2023-02-24T20:48:44.1838311+01:00","Level":"Information","MessageTemplate":"Entering {Method}","Properties":{"Method":"BestillingTypes","SourceContext":"BirkKodeverkAPI.Api.Data.IApiRepository","RequestId":"0HMOMK074OVLK:00000009","RequestPath":"/bestillingtypes","ConnectionId":"0HMOMK074OVLK","ApplicationName":"Barn.Api","CorrelationId":"35bcce74-7aeb-442b-915b-e6ce2f1010c5"}}
{"Timestamp":"2023-02-24T20:48:47.4468042+01:00","Level":"Information","MessageTemplate":"Executed DbCommand ({elapsed}ms) [Parameters=[{parameters}], CommandType='{commandType}', CommandTimeout='{commandTimeout}']{newLine}{commandText}","Properties":{"elapsed":"68","parameters":"","commandType":"Text","commandTimeout":30,"newLine":"\r\n","commandText":"SELECT [b].[BestillingTypePk], [b].[Beskrivelse], [b].[EndretAv], [b].[EndretDato], [b].[GyldigFraDato], [b].[GyldigTilDato], [b].[RegAv], [b].[RegDato], [b].[Rekkefølge], [b].[Verdi]\r\nFROM [BestillingType] AS [b]","EventId":{"Id":20101,"Name":"Microsoft.EntityFrameworkCore.Database.Command.CommandExecuted"},"SourceContext":"Microsoft.EntityFrameworkCore.Database.Command","RequestId":"0HMOMK074OVLK:00000009","RequestPath":"/bestillingtypes","ConnectionId":"0HMOMK074OVLK","ApplicationName":"Barn.Api","CorrelationId":"35bcce74-7aeb-442b-915b-e6ce2f1010c5"}}
{"Timestamp":"2023-02-24T20:56:33.7492313+01:00","Level":"Information","MessageTemplate":"Now listening on: {address}","Properties":{"address":"https://localhost:7150","EventId":{"Id":14,"Name":"ListeningOnAddress"},"SourceContext":"Microsoft.Hosting.Lifetime","ApplicationName":"Barn.Api"}}
{"Timestamp":"2023-02-24T20:56:34.5120354+01:00","Level":"Information","MessageTemplate":"Now listening on: {address}","Properties":{"address":"http://localhost:5077","EventId":{"Id":14,"Name":"ListeningOnAddress"},"SourceContext":"Microsoft.Hosting.Lifetime","ApplicationName":"Barn.Api"}}
{"Timestamp":"2023-02-24T20:56:34.5154544+01:00","Level":"Information","MessageTemplate":"Application started. Press Ctrl+C to shut down.","Properties":{"SourceContext":"Microsoft.Hosting.Lifetime","ApplicationName":"Barn.Api"}}
{"Timestamp":"2023-02-24T20:56:34.5174288+01:00","Level":"Information","MessageTemplate":"Hosting environment: {EnvName}","Properties":{"EnvName":"Development","SourceContext":"Microsoft.Hosting.Lifetime","ApplicationName":"Barn.Api"}}
{"Timestamp":"2023-02-24T20:56:34.5175984+01:00","Level":"Information","MessageTemplate":"Content root path: {ContentRoot}","Properties":{"ContentRoot":"C:\\Repos\\Birk.Kodeverk.API\\src\\BirkKodeverkAPI.Api","SourceContext":"Microsoft.Hosting.Lifetime","ApplicationName":"Barn.Api"}}
{"Timestamp":"2023-02-24T20:59:24.2669928+01:00","Level":"Information","MessageTemplate":"Now listening on: {address}","Properties":{"address":"https://localhost:7150","EventId":{"Id":14,"Name":"ListeningOnAddress"},"SourceContext":"Microsoft.Hosting.Lifetime","ApplicationName":"Barn.Api"}}
{"Timestamp":"2023-02-24T20:59:24.3356315+01:00","Level":"Information","MessageTemplate":"Now listening on: {address}","Properties":{"address":"http://localhost:5077","EventId":{"Id":14,"Name":"ListeningOnAddress"},"SourceContext":"Microsoft.Hosting.Lifetime","ApplicationName":"Barn.Api"}}
{"Timestamp":"2023-02-24T20:59:24.3385940+01:00","Level":"Information","MessageTemplate":"Application started. Press Ctrl+C to shut down.","Properties":{"SourceContext":"Microsoft.Hosting.Lifetime","ApplicationName":"Barn.Api"}}
{"Timestamp":"2023-02-24T20:59:24.3389057+01:00","Level":"Information","MessageTemplate":"Hosting environment: {EnvName}","Properties":{"EnvName":"Development","SourceContext":"Microsoft.Hosting.Lifetime","ApplicationName":"Barn.Api"}}
{"Timestamp":"2023-02-24T20:59:24.3390443+01:00","Level":"Information","MessageTemplate":"Content root path: {ContentRoot}","Properties":{"ContentRoot":"C:\\Repos\\Birk.Kodeverk.API\\src\\BirkKodeverkAPI.Api","SourceContext":"Microsoft.Hosting.Lifetime","ApplicationName":"Barn.Api"}}
{"Timestamp":"2023-02-24T20:59:54.9604626+01:00","Level":"Information","MessageTemplate":"Received a request for: /bestillingtypes","Properties":{"SourceContext":"BirkKodeverkAPI.Api","RequestId":"0HMOMK6GAO3TJ:00000009","RequestPath":"/bestillingtypes","ConnectionId":"0HMOMK6GAO3TJ","ApplicationName":"Barn.Api","CorrelationId":"b32bd143-e936-4d4c-9f9d-97c32b72d9a1"}}
{"Timestamp":"2023-02-24T20:59:54.9735122+01:00","Level":"Information","MessageTemplate":"Entering {Method}","Properties":{"Method":"BestillingTypes","SourceContext":"BirkKodeverkAPI.Api.Data.IApiRepository","RequestId":"0HMOMK6GAO3TJ:00000009","RequestPath":"/bestillingtypes","ConnectionId":"0HMOMK6GAO3TJ","ApplicationName":"Barn.Api","CorrelationId":"b32bd143-e936-4d4c-9f9d-97c32b72d9a1"}}
{"Timestamp":"2023-02-24T20:59:59.2124583+01:00","Level":"Information","MessageTemplate":"Executed DbCommand ({elapsed}ms) [Parameters=[{parameters}], CommandType='{commandType}', CommandTimeout='{commandTimeout}']{newLine}{commandText}","Properties":{"elapsed":"78","parameters":"","commandType":"Text","commandTimeout":30,"newLine":"\r\n","commandText":"SELECT [b].[BestillingTypePk], [b].[Beskrivelse], [b].[EndretAv], [b].[EndretDato], [b].[GyldigFraDato], [b].[GyldigTilDato], [b].[RegAv], [b].[RegDato], [b].[Rekkefølge], [b].[Verdi]\r\nFROM [BestillingType] AS [b]","EventId":{"Id":20101,"Name":"Microsoft.EntityFrameworkCore.Database.Command.CommandExecuted"},"SourceContext":"Microsoft.EntityFrameworkCore.Database.Command","RequestId":"0HMOMK6GAO3TJ:00000009","RequestPath":"/bestillingtypes","ConnectionId":"0HMOMK6GAO3TJ","ApplicationName":"Barn.Api","CorrelationId":"b32bd143-e936-4d4c-9f9d-97c32b72d9a1"}}
{"Timestamp":"2023-02-24T21:03:03.6476701+01:00","Level":"Information","MessageTemplate":"Now listening on: {address}","Properties":{"address":"https://localhost:7150","EventId":{"Id":14,"Name":"ListeningOnAddress"},"SourceContext":"Microsoft.Hosting.Lifetime","ApplicationName":"Barn.Api"}}
{"Timestamp":"2023-02-24T21:03:03.7212819+01:00","Level":"Information","MessageTemplate":"Now listening on: {address}","Properties":{"address":"http://localhost:5077","EventId":{"Id":14,"Name":"ListeningOnAddress"},"SourceContext":"Microsoft.Hosting.Lifetime","ApplicationName":"Barn.Api"}}
{"Timestamp":"2023-02-24T21:03:03.7238271+01:00","Level":"Information","MessageTemplate":"Application started. Press Ctrl+C to shut down.","Properties":{"SourceContext":"Microsoft.Hosting.Lifetime","ApplicationName":"Barn.Api"}}
{"Timestamp":"2023-02-24T21:03:03.7241396+01:00","Level":"Information","MessageTemplate":"Hosting environment: {EnvName}","Properties":{"EnvName":"Development","SourceContext":"Microsoft.Hosting.Lifetime","ApplicationName":"Barn.Api"}}
{"Timestamp":"2023-02-24T21:03:03.7244580+01:00","Level":"Information","MessageTemplate":"Content root path: {ContentRoot}","Properties":{"ContentRoot":"C:\\Repos\\Birk.Kodeverk.API\\src\\BirkKodeverkAPI.Api","SourceContext":"Microsoft.Hosting.Lifetime","ApplicationName":"Barn.Api"}}
{"Timestamp":"2023-02-24T21:03:38.2194453+01:00","Level":"Information","MessageTemplate":"Received a request for: /bestillingtypes","Properties":{"SourceContext":"BirkKodeverkAPI.Api","RequestId":"0HMOMK8HMQMRK:00000009","RequestPath":"/bestillingtypes","ConnectionId":"0HMOMK8HMQMRK","ApplicationName":"Barn.Api","CorrelationId":"105a0adc-5356-4e58-b69a-cce5ff50a67e"}}
{"Timestamp":"2023-02-24T21:03:38.2280374+01:00","Level":"Information","MessageTemplate":"Entering {Method}","Properties":{"Method":"BestillingTypes","SourceContext":"BirkKodeverkAPI.Api.Data.IApiRepository","RequestId":"0HMOMK8HMQMRK:00000009","RequestPath":"/bestillingtypes","ConnectionId":"0HMOMK8HMQMRK","ApplicationName":"Barn.Api","CorrelationId":"105a0adc-5356-4e58-b69a-cce5ff50a67e"}}
{"Timestamp":"2023-02-24T21:03:43.5228100+01:00","Level":"Information","MessageTemplate":"Executed DbCommand ({elapsed}ms) [Parameters=[{parameters}], CommandType='{commandType}', CommandTimeout='{commandTimeout}']{newLine}{commandText}","Properties":{"elapsed":"77","parameters":"","commandType":"Text","commandTimeout":30,"newLine":"\r\n","commandText":"SELECT [b].[BestillingTypePk], [b].[Beskrivelse], [b].[EndretAv], [b].[EndretDato], [b].[GyldigFraDato], [b].[GyldigTilDato], [b].[RegAv], [b].[RegDato], [b].[Rekkefølge], [b].[Verdi]\r\nFROM [BestillingType] AS [b]","EventId":{"Id":20101,"Name":"Microsoft.EntityFrameworkCore.Database.Command.CommandExecuted"},"SourceContext":"Microsoft.EntityFrameworkCore.Database.Command","RequestId":"0HMOMK8HMQMRK:00000009","RequestPath":"/bestillingtypes","ConnectionId":"0HMOMK8HMQMRK","ApplicationName":"Barn.Api","CorrelationId":"105a0adc-5356-4e58-b69a-cce5ff50a67e"}}
{"Timestamp":"2023-02-24T21:40:17.7591705+01:00","Level":"Information","MessageTemplate":"Now listening on: {address}","Properties":{"address":"https://localhost:7150","EventId":{"Id":14,"Name":"ListeningOnAddress"},"SourceContext":"Microsoft.Hosting.Lifetime","ApplicationName":"Barn.Api"}}
{"Timestamp":"2023-02-24T21:40:17.8175527+01:00","Level":"Information","MessageTemplate":"Now listening on: {address}","Properties":{"address":"http://localhost:5077","EventId":{"Id":14,"Name":"ListeningOnAddress"},"SourceContext":"Microsoft.Hosting.Lifetime","ApplicationName":"Barn.Api"}}
{"Timestamp":"2023-02-24T21:40:17.8200220+01:00","Level":"Information","MessageTemplate":"Application started. Press Ctrl+C to shut down.","Properties":{"SourceContext":"Microsoft.Hosting.Lifetime","ApplicationName":"Barn.Api"}}
{"Timestamp":"2023-02-24T21:40:17.8203343+01:00","Level":"Information","MessageTemplate":"Hosting environment: {EnvName}","Properties":{"EnvName":"Development","SourceContext":"Microsoft.Hosting.Lifetime","ApplicationName":"Barn.Api"}}
{"Timestamp":"2023-02-24T21:40:17.8204778+01:00","Level":"Information","MessageTemplate":"Content root path: {ContentRoot}","Properties":{"ContentRoot":"C:\\Repos\\Birk.Kodeverk.API\\src\\BirkKodeverkAPI.Api","SourceContext":"Microsoft.Hosting.Lifetime","ApplicationName":"Barn.Api"}}
{"Timestamp":"2023-02-24T21:43:46.7915270+01:00","Level":"Information","MessageTemplate":"Received a request for: /bestillingtypes","Properties":{"SourceContext":"RequestAuditor","RequestId":"0HMOMKTBHM5TU:00000001","RequestPath":"/bestillingtypes","ConnectionId":"0HMOMKTBHM5TU","ApplicationName":"Barn.Api"}}
{"Timestamp":"2023-02-24T21:43:46.8010465+01:00","Level":"Information","MessageTemplate":"Method reached: {Method}","Properties":{"Method":"BestillingTypes","SourceContext":"BirkKodeverkAPI.Api.Data.IApiRepository","RequestId":"0HMOMKTBHM5TU:00000001","RequestPath":"/bestillingtypes","ConnectionId":"0HMOMKTBHM5TU","ApplicationName":"Barn.Api"}}
{"Timestamp":"2023-02-24T21:43:51.0362204+01:00","Level":"Information","MessageTemplate":"Executed DbCommand ({elapsed}ms) [Parameters=[{parameters}], CommandType='{commandType}', CommandTimeout='{commandTimeout}']{newLine}{commandText}","Properties":{"elapsed":"92","parameters":"","commandType":"Text","commandTimeout":30,"newLine":"\r\n","commandText":"SELECT [b].[BestillingTypePk], [b].[Beskrivelse], [b].[EndretAv], [b].[EndretDato], [b].[GyldigFraDato], [b].[GyldigTilDato], [b].[RegAv], [b].[RegDato], [b].[Rekkefølge], [b].[Verdi]\r\nFROM [BestillingType] AS [b]","EventId":{"Id":20101,"Name":"Microsoft.EntityFrameworkCore.Database.Command.CommandExecuted"},"SourceContext":"Microsoft.EntityFrameworkCore.Database.Command","RequestId":"0HMOMKTBHM5TU:00000001","RequestPath":"/bestillingtypes","ConnectionId":"0HMOMKTBHM5TU","ApplicationName":"Barn.Api"}}
{"Timestamp":"2023-02-24T21:54:54.1764780+01:00","Level":"Information","MessageTemplate":"Received a request for: /bestillingtypes","Properties":{"SourceContext":"RequestAuditor","RequestId":"0HMOMKTBHM5U0:00000002","RequestPath":"/bestillingtypes","ConnectionId":"0HMOMKTBHM5U0","ApplicationName":"Barn.Api"}}
{"Timestamp":"2023-02-24T21:54:54.1772321+01:00","Level":"Information","MessageTemplate":"Method reached: {Method}","Properties":{"Method":"BestillingTypes","SourceContext":"BirkKodeverkAPI.Api.Data.IApiRepository","RequestId":"0HMOMKTBHM5U0:00000002","RequestPath":"/bestillingtypes","ConnectionId":"0HMOMKTBHM5U0","ApplicationName":"Barn.Api"}}
{"Timestamp":"2023-02-24T21:54:54.2441418+01:00","Level":"Information","MessageTemplate":"Executed DbCommand ({elapsed}ms) [Parameters=[{parameters}], CommandType='{commandType}', CommandTimeout='{commandTimeout}']{newLine}{commandText}","Properties":{"elapsed":"3","parameters":"","commandType":"Text","commandTimeout":30,"newLine":"\r\n","commandText":"SELECT [b].[BestillingTypePk], [b].[Beskrivelse], [b].[EndretAv], [b].[EndretDato], [b].[GyldigFraDato], [b].[GyldigTilDato], [b].[RegAv], [b].[RegDato], [b].[Rekkefølge], [b].[Verdi]\r\nFROM [BestillingType] AS [b]","EventId":{"Id":20101,"Name":"Microsoft.EntityFrameworkCore.Database.Command.CommandExecuted"},"SourceContext":"Microsoft.EntityFrameworkCore.Database.Command","RequestId":"0HMOMKTBHM5U0:00000002","RequestPath":"/bestillingtypes","ConnectionId":"0HMOMKTBHM5U0","ApplicationName":"Barn.Api"}}
{"Timestamp":"2023-02-24T21:55:32.6428495+01:00","Level":"Information","MessageTemplate":"Received a request for: /bestillingtypes","Properties":{"SourceContext":"RequestAuditor","RequestId":"0HMOMKTBHM5U0:00000003","RequestPath":"/bestillingtypes","ConnectionId":"0HMOMKTBHM5U0","ApplicationName":"Barn.Api"}}
{"Timestamp":"2023-02-24T21:55:32.6432244+01:00","Level":"Information","MessageTemplate":"Method reached: {Method}","Properties":{"Method":"BestillingTypes","SourceContext":"BirkKodeverkAPI.Api.Data.IApiRepository","RequestId":"0HMOMKTBHM5U0:00000003","RequestPath":"/bestillingtypes","ConnectionId":"0HMOMKTBHM5U0","ApplicationName":"Barn.Api"}}
{"Timestamp":"2023-02-24T21:55:32.7867530+01:00","Level":"Information","MessageTemplate":"Executed DbCommand ({elapsed}ms) [Parameters=[{parameters}], CommandType='{commandType}', CommandTimeout='{commandTimeout}']{newLine}{commandText}","Properties":{"elapsed":"32","parameters":"","commandType":"Text","commandTimeout":30,"newLine":"\r\n","commandText":"SELECT [b].[BestillingTypePk], [b].[Beskrivelse], [b].[EndretAv], [b].[EndretDato], [b].[GyldigFraDato], [b].[GyldigTilDato], [b].[RegAv], [b].[RegDato], [b].[Rekkefølge], [b].[Verdi]\r\nFROM [BestillingType] AS [b]","EventId":{"Id":20101,"Name":"Microsoft.EntityFrameworkCore.Database.Command.CommandExecuted"},"SourceContext":"Microsoft.EntityFrameworkCore.Database.Command","RequestId":"0HMOMKTBHM5U0:00000003","RequestPath":"/bestillingtypes","ConnectionId":"0HMOMKTBHM5U0","ApplicationName":"Barn.Api"}}
{"Timestamp":"2023-02-24T21:55:58.6008873+01:00","Level":"Information","MessageTemplate":"Received a request for: /bestillingtypes","Properties":{"SourceContext":"RequestAuditor","RequestId":"0HMOMKTBHM5U0:00000004","RequestPath":"/bestillingtypes","ConnectionId":"0HMOMKTBHM5U0","ApplicationName":"Barn.Api"}}
{"Timestamp":"2023-02-24T21:55:58.6012815+01:00","Level":"Information","MessageTemplate":"Method reached: {Method}","Properties":{"Method":"BestillingTypes","SourceContext":"BirkKodeverkAPI.Api.Data.IApiRepository","RequestId":"0HMOMKTBHM5U0:00000004","RequestPath":"/bestillingtypes","ConnectionId":"0HMOMKTBHM5U0","ApplicationName":"Barn.Api"}}
{"Timestamp":"2023-02-24T21:55:58.6058684+01:00","Level":"Information","MessageTemplate":"Executed DbCommand ({elapsed}ms) [Parameters=[{parameters}], CommandType='{commandType}', CommandTimeout='{commandTimeout}']{newLine}{commandText}","Properties":{"elapsed":"3","parameters":"","commandType":"Text","commandTimeout":30,"newLine":"\r\n","commandText":"SELECT [b].[BestillingTypePk], [b].[Beskrivelse], [b].[EndretAv], [b].[EndretDato], [b].[GyldigFraDato], [b].[GyldigTilDato], [b].[RegAv], [b].[RegDato], [b].[Rekkefølge], [b].[Verdi]\r\nFROM [BestillingType] AS [b]","EventId":{"Id":20101,"Name":"Microsoft.EntityFrameworkCore.Database.Command.CommandExecuted"},"SourceContext":"Microsoft.EntityFrameworkCore.Database.Command","RequestId":"0HMOMKTBHM5U0:00000004","RequestPath":"/bestillingtypes","ConnectionId":"0HMOMKTBHM5U0","ApplicationName":"Barn.Api"}}
{"Timestamp":"2023-02-24T21:56:42.8841146+01:00","Level":"Information","MessageTemplate":"Received a request for: /bestillingtypes","Properties":{"SourceContext":"RequestAuditor","RequestId":"0HMOMKTBHM5U0:00000005","RequestPath":"/bestillingtypes","ConnectionId":"0HMOMKTBHM5U0","ApplicationName":"Barn.Api"}}
{"Timestamp":"2023-02-24T21:56:42.8846291+01:00","Level":"Information","MessageTemplate":"Method reached: {Method}","Properties":{"Method":"BestillingTypes","SourceContext":"BirkKodeverkAPI.Api.Data.IApiRepository","RequestId":"0HMOMKTBHM5U0:00000005","RequestPath":"/bestillingtypes","ConnectionId":"0HMOMKTBHM5U0","ApplicationName":"Barn.Api"}}
{"Timestamp":"2023-02-24T21:56:42.8931817+01:00","Level":"Information","MessageTemplate":"Executed DbCommand ({elapsed}ms) [Parameters=[{parameters}], CommandType='{commandType}', CommandTimeout='{commandTimeout}']{newLine}{commandText}","Properties":{"elapsed":"4","parameters":"","commandType":"Text","commandTimeout":30,"newLine":"\r\n","commandText":"SELECT [b].[BestillingTypePk], [b].[Beskrivelse], [b].[EndretAv], [b].[EndretDato], [b].[GyldigFraDato], [b].[GyldigTilDato], [b].[RegAv], [b].[RegDato], [b].[Rekkefølge], [b].[Verdi]\r\nFROM [BestillingType] AS [b]","EventId":{"Id":20101,"Name":"Microsoft.EntityFrameworkCore.Database.Command.CommandExecuted"},"SourceContext":"Microsoft.EntityFrameworkCore.Database.Command","RequestId":"0HMOMKTBHM5U0:00000005","RequestPath":"/bestillingtypes","ConnectionId":"0HMOMKTBHM5U0","ApplicationName":"Barn.Api"}}
{"Timestamp":"2023-02-24T21:58:16.5493446+01:00","Level":"Information","MessageTemplate":"Received a request for: /bestillingtypes","Properties":{"SourceContext":"RequestAuditor","RequestId":"0HMOMKTBHM5U0:00000006","RequestPath":"/bestillingtypes","ConnectionId":"0HMOMKTBHM5U0","ApplicationName":"Barn.Api"}}
{"Timestamp":"2023-02-24T21:58:16.5501251+01:00","Level":"Information","MessageTemplate":"Method reached: {Method}","Properties":{"Method":"BestillingTypes","SourceContext":"BirkKodeverkAPI.Api.Data.IApiRepository","RequestId":"0HMOMKTBHM5U0:00000006","RequestPath":"/bestillingtypes","ConnectionId":"0HMOMKTBHM5U0","ApplicationName":"Barn.Api"}}
{"Timestamp":"2023-02-24T21:58:16.5586147+01:00","Level":"Information","MessageTemplate":"Executed DbCommand ({elapsed}ms) [Parameters=[{parameters}], CommandType='{commandType}', CommandTimeout='{commandTimeout}']{newLine}{commandText}","Properties":{"elapsed":"5","parameters":"","commandType":"Text","commandTimeout":30,"newLine":"\r\n","commandText":"SELECT [b].[BestillingTypePk], [b].[Beskrivelse], [b].[EndretAv], [b].[EndretDato], [b].[GyldigFraDato], [b].[GyldigTilDato], [b].[RegAv], [b].[RegDato], [b].[Rekkefølge], [b].[Verdi]\r\nFROM [BestillingType] AS [b]","EventId":{"Id":20101,"Name":"Microsoft.EntityFrameworkCore.Database.Command.CommandExecuted"},"SourceContext":"Microsoft.EntityFrameworkCore.Database.Command","RequestId":"0HMOMKTBHM5U0:00000006","RequestPath":"/bestillingtypes","ConnectionId":"0HMOMKTBHM5U0","ApplicationName":"Barn.Api"}}
{"Timestamp":"2023-02-24T22:00:11.6888273+01:00","Level":"Information","MessageTemplate":"Now listening on: {address}","Properties":{"address":"https://localhost:7150","EventId":{"Id":14,"Name":"ListeningOnAddress"},"SourceContext":"Microsoft.Hosting.Lifetime","ApplicationName":"Barn.Api"}}
{"Timestamp":"2023-02-24T22:00:11.7490319+01:00","Level":"Information","MessageTemplate":"Now listening on: {address}","Properties":{"address":"http://localhost:5077","EventId":{"Id":14,"Name":"ListeningOnAddress"},"SourceContext":"Microsoft.Hosting.Lifetime","ApplicationName":"Barn.Api"}}
{"Timestamp":"2023-02-24T22:00:11.7522783+01:00","Level":"Information","MessageTemplate":"Application started. Press Ctrl+C to shut down.","Properties":{"SourceContext":"Microsoft.Hosting.Lifetime","ApplicationName":"Barn.Api"}}
{"Timestamp":"2023-02-24T22:00:11.7525924+01:00","Level":"Information","MessageTemplate":"Hosting environment: {EnvName}","Properties":{"EnvName":"Development","SourceContext":"Microsoft.Hosting.Lifetime","ApplicationName":"Barn.Api"}}
{"Timestamp":"2023-02-24T22:00:11.7528096+01:00","Level":"Information","MessageTemplate":"Content root path: {ContentRoot}","Properties":{"ContentRoot":"C:\\Repos\\Birk.Kodeverk.API\\src\\BirkKodeverkAPI.Api","SourceContext":"Microsoft.Hosting.Lifetime","ApplicationName":"Barn.Api"}}
{"Timestamp":"2023-02-24T22:00:42.8216993+01:00","Level":"Information","MessageTemplate":"Received a request for: /bestillingtypes","Properties":{"SourceContext":"RequestAuditor","RequestId":"0HMOML8FCFUGS:00000009","RequestPath":"/bestillingtypes","ConnectionId":"0HMOML8FCFUGS","ApplicationName":"Barn.Api","CorrelationId":"b00a6adb-0c93-448b-8245-9072974c5891"}}
{"Timestamp":"2023-02-24T22:00:42.8301743+01:00","Level":"Information","MessageTemplate":"Method reached: {Method}","Properties":{"Method":"BestillingTypes","SourceContext":"BirkKodeverkAPI.Api.Data.IApiRepository","RequestId":"0HMOML8FCFUGS:00000009","RequestPath":"/bestillingtypes","ConnectionId":"0HMOML8FCFUGS","ApplicationName":"Barn.Api","CorrelationId":"b00a6adb-0c93-448b-8245-9072974c5891"}}
{"Timestamp":"2023-02-24T22:00:46.8203964+01:00","Level":"Information","MessageTemplate":"Executed DbCommand ({elapsed}ms) [Parameters=[{parameters}], CommandType='{commandType}', CommandTimeout='{commandTimeout}']{newLine}{commandText}","Properties":{"elapsed":"89","parameters":"","commandType":"Text","commandTimeout":30,"newLine":"\r\n","commandText":"SELECT [b].[BestillingTypePk], [b].[Beskrivelse], [b].[EndretAv], [b].[EndretDato], [b].[GyldigFraDato], [b].[GyldigTilDato], [b].[RegAv], [b].[RegDato], [b].[Rekkefølge], [b].[Verdi]\r\nFROM [BestillingType] AS [b]","EventId":{"Id":20101,"Name":"Microsoft.EntityFrameworkCore.Database.Command.CommandExecuted"},"SourceContext":"Microsoft.EntityFrameworkCore.Database.Command","RequestId":"0HMOML8FCFUGS:00000009","RequestPath":"/bestillingtypes","ConnectionId":"0HMOML8FCFUGS","ApplicationName":"Barn.Api","CorrelationId":"b00a6adb-0c93-448b-8245-9072974c5891"}}
{"Timestamp":"2023-02-24T22:01:20.0069409+01:00","Level":"Information","MessageTemplate":"Received a request for: /bestillingtypes","Properties":{"SourceContext":"RequestAuditor","RequestId":"0HMOML8FCFUGU:00000001","RequestPath":"/bestillingtypes","ConnectionId":"0HMOML8FCFUGU","ApplicationName":"Barn.Api","CorrelationId":"a6aceb82-8542-4896-ab1f-3c7d19835ec3"}}
{"Timestamp":"2023-02-24T22:01:20.0080818+01:00","Level":"Information","MessageTemplate":"Method reached: {Method}","Properties":{"Method":"BestillingTypes","SourceContext":"BirkKodeverkAPI.Api.Data.IApiRepository","RequestId":"0HMOML8FCFUGU:00000001","RequestPath":"/bestillingtypes","ConnectionId":"0HMOML8FCFUGU","ApplicationName":"Barn.Api","CorrelationId":"a6aceb82-8542-4896-ab1f-3c7d19835ec3"}}
{"Timestamp":"2023-02-24T22:01:20.0458853+01:00","Level":"Information","MessageTemplate":"Executed DbCommand ({elapsed}ms) [Parameters=[{parameters}], CommandType='{commandType}', CommandTimeout='{commandTimeout}']{newLine}{commandText}","Properties":{"elapsed":"7","parameters":"","commandType":"Text","commandTimeout":30,"newLine":"\r\n","commandText":"SELECT [b].[BestillingTypePk], [b].[Beskrivelse], [b].[EndretAv], [b].[EndretDato], [b].[GyldigFraDato], [b].[GyldigTilDato], [b].[RegAv], [b].[RegDato], [b].[Rekkefølge], [b].[Verdi]\r\nFROM [BestillingType] AS [b]","EventId":{"Id":20101,"Name":"Microsoft.EntityFrameworkCore.Database.Command.CommandExecuted"},"SourceContext":"Microsoft.EntityFrameworkCore.Database.Command","RequestId":"0HMOML8FCFUGU:00000001","RequestPath":"/bestillingtypes","ConnectionId":"0HMOML8FCFUGU","ApplicationName":"Barn.Api","CorrelationId":"a6aceb82-8542-4896-ab1f-3c7d19835ec3"}}
{"Timestamp":"2023-02-24T22:02:37.8402483+01:00","Level":"Information","MessageTemplate":"Received a request for: /bestillingtypes","Properties":{"SourceContext":"RequestAuditor","RequestId":"0HMOML8FCFUGU:00000002","RequestPath":"/bestillingtypes","ConnectionId":"0HMOML8FCFUGU","ApplicationName":"Barn.Api","CorrelationId":"7f8fd7c7-a0d8-4e33-a78e-24b4bd951f59"}}
{"Timestamp":"2023-02-24T22:02:37.8409084+01:00","Level":"Information","MessageTemplate":"Method reached: {Method}","Properties":{"Method":"BestillingTypes","SourceContext":"BirkKodeverkAPI.Api.Data.IApiRepository","RequestId":"0HMOML8FCFUGU:00000002","RequestPath":"/bestillingtypes","ConnectionId":"0HMOML8FCFUGU","ApplicationName":"Barn.Api","CorrelationId":"7f8fd7c7-a0d8-4e33-a78e-24b4bd951f59"}}
{"Timestamp":"2023-02-24T22:02:37.9538427+01:00","Level":"Information","MessageTemplate":"Executed DbCommand ({elapsed}ms) [Parameters=[{parameters}], CommandType='{commandType}', CommandTimeout='{commandTimeout}']{newLine}{commandText}","Properties":{"elapsed":"3","parameters":"","commandType":"Text","commandTimeout":30,"newLine":"\r\n","commandText":"SELECT [b].[BestillingTypePk], [b].[Beskrivelse], [b].[EndretAv], [b].[EndretDato], [b].[GyldigFraDato], [b].[GyldigTilDato], [b].[RegAv], [b].[RegDato], [b].[Rekkefølge], [b].[Verdi]\r\nFROM [BestillingType] AS [b]","EventId":{"Id":20101,"Name":"Microsoft.EntityFrameworkCore.Database.Command.CommandExecuted"},"SourceContext":"Microsoft.EntityFrameworkCore.Database.Command","RequestId":"0HMOML8FCFUGU:00000002","RequestPath":"/bestillingtypes","ConnectionId":"0HMOML8FCFUGU","ApplicationName":"Barn.Api","CorrelationId":"7f8fd7c7-a0d8-4e33-a78e-24b4bd951f59"}}
{"Timestamp":"2023-02-24T22:34:48.5160102+01:00","Level":"Information","MessageTemplate":"Now listening on: {address}","Properties":{"address":"https://localhost:7150","EventId":{"Id":14,"Name":"ListeningOnAddress"},"SourceContext":"Microsoft.Hosting.Lifetime","ApplicationName":"Barn.Api"}}
{"Timestamp":"2023-02-24T22:34:48.5879481+01:00","Level":"Information","MessageTemplate":"Now listening on: {address}","Properties":{"address":"http://localhost:5077","EventId":{"Id":14,"Name":"ListeningOnAddress"},"SourceContext":"Microsoft.Hosting.Lifetime","ApplicationName":"Barn.Api"}}
{"Timestamp":"2023-02-24T22:34:48.5921447+01:00","Level":"Information","MessageTemplate":"Application started. Press Ctrl+C to shut down.","Properties":{"SourceContext":"Microsoft.Hosting.Lifetime","ApplicationName":"Barn.Api"}}
{"Timestamp":"2023-02-24T22:34:48.5924595+01:00","Level":"Information","MessageTemplate":"Hosting environment: {EnvName}","Properties":{"EnvName":"Development","SourceContext":"Microsoft.Hosting.Lifetime","ApplicationName":"Barn.Api"}}
{"Timestamp":"2023-02-24T22:34:48.5926120+01:00","Level":"Information","MessageTemplate":"Content root path: {ContentRoot}","Properties":{"ContentRoot":"C:\\Repos\\Birk.Kodeverk.API\\src\\BirkKodeverkAPI.Api","SourceContext":"Microsoft.Hosting.Lifetime","ApplicationName":"Barn.Api"}}
{"Timestamp":"2023-02-24T22:35:11.7848158+01:00","Level":"Information","MessageTemplate":"Received a request for: /bestillingtypes","Properties":{"SourceContext":"RequestAuditor","RequestId":"0HMOMLRQAODBV:00000001","RequestPath":"/bestillingtypes","ConnectionId":"0HMOMLRQAODBV","ApplicationName":"Barn.Api","CorrelationId":"f1b4ca6c-8575-4ef6-8d4a-874854a7cee4"}}
{"Timestamp":"2023-02-24T22:35:11.7933655+01:00","Level":"Information","MessageTemplate":"Method reached: {Method}","Properties":{"Method":"BestillingTypes","SourceContext":"BirkKodeverkAPI.Api.Data.IApiRepository","RequestId":"0HMOMLRQAODBV:00000001","RequestPath":"/bestillingtypes","ConnectionId":"0HMOMLRQAODBV","ApplicationName":"Barn.Api","CorrelationId":"f1b4ca6c-8575-4ef6-8d4a-874854a7cee4"}}
{"Timestamp":"2023-02-24T22:35:14.9974956+01:00","Level":"Information","MessageTemplate":"Executed DbCommand ({elapsed}ms) [Parameters=[{parameters}], CommandType='{commandType}', CommandTimeout='{commandTimeout}']{newLine}{commandText}","Properties":{"elapsed":"67","parameters":"","commandType":"Text","commandTimeout":30,"newLine":"\r\n","commandText":"SELECT [b].[BestillingTypePk], [b].[Beskrivelse], [b].[EndretAv], [b].[EndretDato], [b].[GyldigFraDato], [b].[GyldigTilDato], [b].[RegAv], [b].[RegDato], [b].[Rekkefølge], [b].[Verdi]\r\nFROM [BestillingType] AS [b]","EventId":{"Id":20101,"Name":"Microsoft.EntityFrameworkCore.Database.Command.CommandExecuted"},"SourceContext":"Microsoft.EntityFrameworkCore.Database.Command","RequestId":"0HMOMLRQAODBV:00000001","RequestPath":"/bestillingtypes","ConnectionId":"0HMOMLRQAODBV","ApplicationName":"Barn.Api","CorrelationId":"f1b4ca6c-8575-4ef6-8d4a-874854a7cee4"}}
