{"Timestamp":"2023-03-31T09:29:45.6409162+02:00","Level":"Information","MessageTemplate":"Now listening on: {address}","Properties":{"address":"https://localhost:7150","EventId":{"Id":14,"Name":"ListeningOnAddress"},"SourceContext":"Microsoft.Hosting.Lifetime","ApplicationName":"Barn.Api"}}
{"Timestamp":"2023-03-31T09:29:45.6715902+02:00","Level":"Information","MessageTemplate":"Now listening on: {address}","Properties":{"address":"http://localhost:5077","EventId":{"Id":14,"Name":"ListeningOnAddress"},"SourceContext":"Microsoft.Hosting.Lifetime","ApplicationName":"Barn.Api"}}
{"Timestamp":"2023-03-31T09:29:45.6732749+02:00","Level":"Information","MessageTemplate":"Application started. Press Ctrl+C to shut down.","Properties":{"SourceContext":"Microsoft.Hosting.Lifetime","ApplicationName":"Barn.Api"}}
{"Timestamp":"2023-03-31T09:29:45.6734555+02:00","Level":"Information","MessageTemplate":"Hosting environment: {EnvName}","Properties":{"EnvName":"Development","SourceContext":"Microsoft.Hosting.Lifetime","ApplicationName":"Barn.Api"}}
{"Timestamp":"2023-03-31T09:29:45.6735310+02:00","Level":"Information","MessageTemplate":"Content root path: {ContentRoot}","Properties":{"ContentRoot":"C:\\Repos\\Birk.Kodeverk.API\\src\\BirkKodeverkAPI.Api","SourceContext":"Microsoft.Hosting.Lifetime","ApplicationName":"Barn.Api"}}
{"Timestamp":"2023-03-31T09:30:46.2441277+02:00","Level":"Information","MessageTemplate":"Received a request for: /barntypes","Properties":{"SourceContext":"RequestAuditor","RequestId":"0HMPHN6PRMVBO:00000013","RequestPath":"/barntypes","ConnectionId":"0HMPHN6PRMVBO","ApplicationName":"Barn.Api","CorrelationId":"4fb5cc51-bbd7-4259-bb06-3918ebe24189"}}
{"Timestamp":"2023-03-31T09:30:46.2478983+02:00","Level":"Information","MessageTemplate":"Method reached: {Method}","Properties":{"Method":"BarnTypes","SourceContext":"BirkKodeverkAPI.Api.Data.IApiRepository","RequestId":"0HMPHN6PRMVBO:00000013","RequestPath":"/barntypes","ConnectionId":"0HMPHN6PRMVBO","ApplicationName":"Barn.Api","CorrelationId":"4fb5cc51-bbd7-4259-bb06-3918ebe24189"}}
{"Timestamp":"2023-03-31T09:30:48.0817259+02:00","Level":"Information","MessageTemplate":"Executed DbCommand ({elapsed}ms) [Parameters=[{parameters}], CommandType='{commandType}', CommandTimeout='{commandTimeout}']{newLine}{commandText}","Properties":{"elapsed":"42","parameters":"","commandType":"Text","commandTimeout":30,"newLine":"\r\n","commandText":"SELECT [b].[BarnTypePk], [b].[Beskrivelse], [b].[EndretAv], [b].[EndretDato], [b].[GyldigFraDato], [b].[GyldigTilDato], [b].[RegAv], [b].[RegDato], [b].[Rekkefølge], [b].[Verdi]\r\nFROM [BarnType] AS [b]","EventId":{"Id":20101,"Name":"Microsoft.EntityFrameworkCore.Database.Command.CommandExecuted"},"SourceContext":"Microsoft.EntityFrameworkCore.Database.Command","RequestId":"0HMPHN6PRMVBO:00000013","RequestPath":"/barntypes","ConnectionId":"0HMPHN6PRMVBO","ApplicationName":"Barn.Api","CorrelationId":"4fb5cc51-bbd7-4259-bb06-3918ebe24189"}}
