{"Timestamp":"2023-02-27T00:15:17.5467808+01:00","Level":"Information","MessageTemplate":"Received a request for: /bestillingtypes","Properties":{"SourceContext":"RequestAuditor","RequestId":"0HMOO7LJNR3S1:00000001","RequestPath":"/bestillingtypes","ConnectionId":"0HMOO7LJNR3S1","ApplicationName":"Barn.Api","CorrelationId":"3752c092-9b02-48e7-82eb-dae92f9aea22"}}
{"Timestamp":"2023-02-27T00:15:17.5679398+01:00","Level":"Information","MessageTemplate":"Method reached: {Method}","Properties":{"Method":"BestillingTypes","SourceContext":"BirkKodeverkAPI.Api.Data.IApiRepository","RequestId":"0HMOO7LJNR3S1:00000001","RequestPath":"/bestillingtypes","ConnectionId":"0HMOO7LJNR3S1","ApplicationName":"Barn.Api","CorrelationId":"3752c092-9b02-48e7-82eb-dae92f9aea22"}}
{"Timestamp":"2023-02-27T00:15:17.6946100+01:00","Level":"Information","MessageTemplate":"Executed DbCommand ({elapsed}ms) [Parameters=[{parameters}], CommandType='{commandType}', CommandTimeout='{commandTimeout}']{newLine}{commandText}","Properties":{"elapsed":"12","parameters":"","commandType":"Text","commandTimeout":30,"newLine":"\r\n","commandText":"SELECT [b].[BestillingTypePk], [b].[Beskrivelse], [b].[EndretAv], [b].[EndretDato], [b].[GyldigFraDato], [b].[GyldigTilDato], [b].[RegAv], [b].[RegDato], [b].[Rekkefølge], [b].[Verdi]\r\nFROM [BestillingType] AS [b]","EventId":{"Id":20101,"Name":"Microsoft.EntityFrameworkCore.Database.Command.CommandExecuted"},"SourceContext":"Microsoft.EntityFrameworkCore.Database.Command","RequestId":"0HMOO7LJNR3S1:00000001","RequestPath":"/bestillingtypes","ConnectionId":"0HMOO7LJNR3S1","ApplicationName":"Barn.Api","CorrelationId":"3752c092-9b02-48e7-82eb-dae92f9aea22"}}
{"Timestamp":"2023-02-27T00:15:23.1570267+01:00","Level":"Information","MessageTemplate":"Received a request for: /bestillingtypes","Properties":{"SourceContext":"RequestAuditor","RequestId":"0HMOO7LJNR3S2:00000001","RequestPath":"/bestillingtypes","ConnectionId":"0HMOO7LJNR3S2","ApplicationName":"Barn.Api","CorrelationId":"66c5d854-1213-496a-9c64-005f69ecf2a1"}}
{"Timestamp":"2023-02-27T00:15:23.1572428+01:00","Level":"Information","MessageTemplate":"Method reached: {Method}","Properties":{"Method":"BestillingTypes","SourceContext":"BirkKodeverkAPI.Api.Data.IApiRepository","RequestId":"0HMOO7LJNR3S2:00000001","RequestPath":"/bestillingtypes","ConnectionId":"0HMOO7LJNR3S2","ApplicationName":"Barn.Api","CorrelationId":"66c5d854-1213-496a-9c64-005f69ecf2a1"}}
{"Timestamp":"2023-02-27T00:15:23.1734986+01:00","Level":"Information","MessageTemplate":"Executed DbCommand ({elapsed}ms) [Parameters=[{parameters}], CommandType='{commandType}', CommandTimeout='{commandTimeout}']{newLine}{commandText}","Properties":{"elapsed":"13","parameters":"","commandType":"Text","commandTimeout":30,"newLine":"\r\n","commandText":"SELECT [b].[BestillingTypePk], [b].[Beskrivelse], [b].[EndretAv], [b].[EndretDato], [b].[GyldigFraDato], [b].[GyldigTilDato], [b].[RegAv], [b].[RegDato], [b].[Rekkefølge], [b].[Verdi]\r\nFROM [BestillingType] AS [b]","EventId":{"Id":20101,"Name":"Microsoft.EntityFrameworkCore.Database.Command.CommandExecuted"},"SourceContext":"Microsoft.EntityFrameworkCore.Database.Command","RequestId":"0HMOO7LJNR3S2:00000001","RequestPath":"/bestillingtypes","ConnectionId":"0HMOO7LJNR3S2","ApplicationName":"Barn.Api","CorrelationId":"66c5d854-1213-496a-9c64-005f69ecf2a1"}}
{"Timestamp":"2023-02-27T00:16:51.2114995+01:00","Level":"Information","MessageTemplate":"Received a request for: /bestillingtypes","Properties":{"SourceContext":"RequestAuditor","RequestId":"0HMOO7LJNR3S3:00000001","RequestPath":"/bestillingtypes","ConnectionId":"0HMOO7LJNR3S3","ApplicationName":"Barn.Api","CorrelationId":"c12bd518-c150-4865-a054-0ce217c5a462"}}
{"Timestamp":"2023-02-27T00:16:51.2117925+01:00","Level":"Information","MessageTemplate":"Method reached: {Method}","Properties":{"Method":"BestillingTypes","SourceContext":"BirkKodeverkAPI.Api.Data.IApiRepository","RequestId":"0HMOO7LJNR3S3:00000001","RequestPath":"/bestillingtypes","ConnectionId":"0HMOO7LJNR3S3","ApplicationName":"Barn.Api","CorrelationId":"c12bd518-c150-4865-a054-0ce217c5a462"}}
{"Timestamp":"2023-02-27T00:16:51.2212433+01:00","Level":"Information","MessageTemplate":"Executed DbCommand ({elapsed}ms) [Parameters=[{parameters}], CommandType='{commandType}', CommandTimeout='{commandTimeout}']{newLine}{commandText}","Properties":{"elapsed":"8","parameters":"","commandType":"Text","commandTimeout":30,"newLine":"\r\n","commandText":"SELECT [b].[BestillingTypePk], [b].[Beskrivelse], [b].[EndretAv], [b].[EndretDato], [b].[GyldigFraDato], [b].[GyldigTilDato], [b].[RegAv], [b].[RegDato], [b].[Rekkefølge], [b].[Verdi]\r\nFROM [BestillingType] AS [b]","EventId":{"Id":20101,"Name":"Microsoft.EntityFrameworkCore.Database.Command.CommandExecuted"},"SourceContext":"Microsoft.EntityFrameworkCore.Database.Command","RequestId":"0HMOO7LJNR3S3:00000001","RequestPath":"/bestillingtypes","ConnectionId":"0HMOO7LJNR3S3","ApplicationName":"Barn.Api","CorrelationId":"c12bd518-c150-4865-a054-0ce217c5a462"}}
{"Timestamp":"2023-02-27T00:16:57.3816155+01:00","Level":"Information","MessageTemplate":"Received a request for: /bestillingtypes","Properties":{"SourceContext":"RequestAuditor","RequestId":"0HMOO7LJNR3S4:00000001","RequestPath":"/bestillingtypes","ConnectionId":"0HMOO7LJNR3S4","ApplicationName":"Barn.Api","CorrelationId":"fee9bb94-5cbf-44e8-8991-2212e5a4df72"}}
{"Timestamp":"2023-02-27T00:16:57.3818449+01:00","Level":"Information","MessageTemplate":"Method reached: {Method}","Properties":{"Method":"BestillingTypes","SourceContext":"BirkKodeverkAPI.Api.Data.IApiRepository","RequestId":"0HMOO7LJNR3S4:00000001","RequestPath":"/bestillingtypes","ConnectionId":"0HMOO7LJNR3S4","ApplicationName":"Barn.Api","CorrelationId":"fee9bb94-5cbf-44e8-8991-2212e5a4df72"}}
{"Timestamp":"2023-02-27T00:16:57.3883426+01:00","Level":"Information","MessageTemplate":"Executed DbCommand ({elapsed}ms) [Parameters=[{parameters}], CommandType='{commandType}', CommandTimeout='{commandTimeout}']{newLine}{commandText}","Properties":{"elapsed":"5","parameters":"","commandType":"Text","commandTimeout":30,"newLine":"\r\n","commandText":"SELECT [b].[BestillingTypePk], [b].[Beskrivelse], [b].[EndretAv], [b].[EndretDato], [b].[GyldigFraDato], [b].[GyldigTilDato], [b].[RegAv], [b].[RegDato], [b].[Rekkefølge], [b].[Verdi]\r\nFROM [BestillingType] AS [b]","EventId":{"Id":20101,"Name":"Microsoft.EntityFrameworkCore.Database.Command.CommandExecuted"},"SourceContext":"Microsoft.EntityFrameworkCore.Database.Command","RequestId":"0HMOO7LJNR3S4:00000001","RequestPath":"/bestillingtypes","ConnectionId":"0HMOO7LJNR3S4","ApplicationName":"Barn.Api","CorrelationId":"fee9bb94-5cbf-44e8-8991-2212e5a4df72"}}
{"Timestamp":"2023-02-27T00:18:34.8232685+01:00","Level":"Information","MessageTemplate":"Received a request for: /bestillingtypes","Properties":{"SourceContext":"RequestAuditor","RequestId":"0HMOO7LJNR3S5:00000001","RequestPath":"/bestillingtypes","ConnectionId":"0HMOO7LJNR3S5","ApplicationName":"Barn.Api","CorrelationId":"db058bb1-9ece-428e-bb0a-0a1116674274"}}
{"Timestamp":"2023-02-27T00:18:34.8235715+01:00","Level":"Information","MessageTemplate":"Method reached: {Method}","Properties":{"Method":"BestillingTypes","SourceContext":"BirkKodeverkAPI.Api.Data.IApiRepository","RequestId":"0HMOO7LJNR3S5:00000001","RequestPath":"/bestillingtypes","ConnectionId":"0HMOO7LJNR3S5","ApplicationName":"Barn.Api","CorrelationId":"db058bb1-9ece-428e-bb0a-0a1116674274"}}
{"Timestamp":"2023-02-27T00:18:34.8283762+01:00","Level":"Information","MessageTemplate":"Executed DbCommand ({elapsed}ms) [Parameters=[{parameters}], CommandType='{commandType}', CommandTimeout='{commandTimeout}']{newLine}{commandText}","Properties":{"elapsed":"3","parameters":"","commandType":"Text","commandTimeout":30,"newLine":"\r\n","commandText":"SELECT [b].[BestillingTypePk], [b].[Beskrivelse], [b].[EndretAv], [b].[EndretDato], [b].[GyldigFraDato], [b].[GyldigTilDato], [b].[RegAv], [b].[RegDato], [b].[Rekkefølge], [b].[Verdi]\r\nFROM [BestillingType] AS [b]","EventId":{"Id":20101,"Name":"Microsoft.EntityFrameworkCore.Database.Command.CommandExecuted"},"SourceContext":"Microsoft.EntityFrameworkCore.Database.Command","RequestId":"0HMOO7LJNR3S5:00000001","RequestPath":"/bestillingtypes","ConnectionId":"0HMOO7LJNR3S5","ApplicationName":"Barn.Api","CorrelationId":"db058bb1-9ece-428e-bb0a-0a1116674274"}}
{"Timestamp":"2023-02-27T00:18:42.3843199+01:00","Level":"Information","MessageTemplate":"Received a request for: /bestillingtypes","Properties":{"SourceContext":"RequestAuditor","RequestId":"0HMOO7LJNR3S6:00000001","RequestPath":"/bestillingtypes","ConnectionId":"0HMOO7LJNR3S6","ApplicationName":"Barn.Api","CorrelationId":"68ee7571-3802-4977-ae75-fa4ceb14a45d"}}
{"Timestamp":"2023-02-27T00:18:42.3845333+01:00","Level":"Information","MessageTemplate":"Method reached: {Method}","Properties":{"Method":"BestillingTypes","SourceContext":"BirkKodeverkAPI.Api.Data.IApiRepository","RequestId":"0HMOO7LJNR3S6:00000001","RequestPath":"/bestillingtypes","ConnectionId":"0HMOO7LJNR3S6","ApplicationName":"Barn.Api","CorrelationId":"68ee7571-3802-4977-ae75-fa4ceb14a45d"}}
{"Timestamp":"2023-02-27T00:18:43.6673932+01:00","Level":"Information","MessageTemplate":"Executed DbCommand ({elapsed}ms) [Parameters=[{parameters}], CommandType='{commandType}', CommandTimeout='{commandTimeout}']{newLine}{commandText}","Properties":{"elapsed":"1,282","parameters":"","commandType":"Text","commandTimeout":30,"newLine":"\r\n","commandText":"SELECT [b].[BestillingTypePk], [b].[Beskrivelse], [b].[EndretAv], [b].[EndretDato], [b].[GyldigFraDato], [b].[GyldigTilDato], [b].[RegAv], [b].[RegDato], [b].[Rekkefølge], [b].[Verdi]\r\nFROM [BestillingType] AS [b]","EventId":{"Id":20101,"Name":"Microsoft.EntityFrameworkCore.Database.Command.CommandExecuted"},"SourceContext":"Microsoft.EntityFrameworkCore.Database.Command","RequestId":"0HMOO7LJNR3S6:00000001","RequestPath":"/bestillingtypes","ConnectionId":"0HMOO7LJNR3S6","ApplicationName":"Barn.Api","CorrelationId":"68ee7571-3802-4977-ae75-fa4ceb14a45d"}}
{"Timestamp":"2023-02-27T00:25:20.9938963+01:00","Level":"Information","MessageTemplate":"Received a request for: /bestillingtypes","Properties":{"SourceContext":"RequestAuditor","RequestId":"0HMOO7LJNR3S7:00000001","RequestPath":"/bestillingtypes","ConnectionId":"0HMOO7LJNR3S7","ApplicationName":"Barn.Api","CorrelationId":"adf77308-005b-4982-9c84-3496aa51128c"}}
{"Timestamp":"2023-02-27T00:25:20.9941815+01:00","Level":"Information","MessageTemplate":"Method reached: {Method}","Properties":{"Method":"BestillingTypes","SourceContext":"BirkKodeverkAPI.Api.Data.IApiRepository","RequestId":"0HMOO7LJNR3S7:00000001","RequestPath":"/bestillingtypes","ConnectionId":"0HMOO7LJNR3S7","ApplicationName":"Barn.Api","CorrelationId":"adf77308-005b-4982-9c84-3496aa51128c"}}
{"Timestamp":"2023-02-27T00:25:21.1863231+01:00","Level":"Information","MessageTemplate":"Executed DbCommand ({elapsed}ms) [Parameters=[{parameters}], CommandType='{commandType}', CommandTimeout='{commandTimeout}']{newLine}{commandText}","Properties":{"elapsed":"16","parameters":"","commandType":"Text","commandTimeout":30,"newLine":"\r\n","commandText":"SELECT [b].[BestillingTypePk], [b].[Beskrivelse], [b].[EndretAv], [b].[EndretDato], [b].[GyldigFraDato], [b].[GyldigTilDato], [b].[RegAv], [b].[RegDato], [b].[Rekkefølge], [b].[Verdi]\r\nFROM [BestillingType] AS [b]","EventId":{"Id":20101,"Name":"Microsoft.EntityFrameworkCore.Database.Command.CommandExecuted"},"SourceContext":"Microsoft.EntityFrameworkCore.Database.Command","RequestId":"0HMOO7LJNR3S7:00000001","RequestPath":"/bestillingtypes","ConnectionId":"0HMOO7LJNR3S7","ApplicationName":"Barn.Api","CorrelationId":"adf77308-005b-4982-9c84-3496aa51128c"}}
{"Timestamp":"2023-02-27T00:25:24.6408366+01:00","Level":"Information","MessageTemplate":"Received a request for: /bestillingtypes","Properties":{"SourceContext":"RequestAuditor","RequestId":"0HMOO7LJNR3S8:00000001","RequestPath":"/bestillingtypes","ConnectionId":"0HMOO7LJNR3S8","ApplicationName":"Barn.Api","CorrelationId":"f573a743-c099-4274-b5a9-940b066e0f9b"}}
{"Timestamp":"2023-02-27T00:25:24.6410706+01:00","Level":"Information","MessageTemplate":"Method reached: {Method}","Properties":{"Method":"BestillingTypes","SourceContext":"BirkKodeverkAPI.Api.Data.IApiRepository","RequestId":"0HMOO7LJNR3S8:00000001","RequestPath":"/bestillingtypes","ConnectionId":"0HMOO7LJNR3S8","ApplicationName":"Barn.Api","CorrelationId":"f573a743-c099-4274-b5a9-940b066e0f9b"}}
{"Timestamp":"2023-02-27T00:25:24.6568668+01:00","Level":"Information","MessageTemplate":"Executed DbCommand ({elapsed}ms) [Parameters=[{parameters}], CommandType='{commandType}', CommandTimeout='{commandTimeout}']{newLine}{commandText}","Properties":{"elapsed":"14","parameters":"","commandType":"Text","commandTimeout":30,"newLine":"\r\n","commandText":"SELECT [b].[BestillingTypePk], [b].[Beskrivelse], [b].[EndretAv], [b].[EndretDato], [b].[GyldigFraDato], [b].[GyldigTilDato], [b].[RegAv], [b].[RegDato], [b].[Rekkefølge], [b].[Verdi]\r\nFROM [BestillingType] AS [b]","EventId":{"Id":20101,"Name":"Microsoft.EntityFrameworkCore.Database.Command.CommandExecuted"},"SourceContext":"Microsoft.EntityFrameworkCore.Database.Command","RequestId":"0HMOO7LJNR3S8:00000001","RequestPath":"/bestillingtypes","ConnectionId":"0HMOO7LJNR3S8","ApplicationName":"Barn.Api","CorrelationId":"f573a743-c099-4274-b5a9-940b066e0f9b"}}
{"Timestamp":"2023-02-27T00:34:57.8108180+01:00","Level":"Information","MessageTemplate":"Received a request for: /bestillingtypes","Properties":{"SourceContext":"RequestAuditor","RequestId":"0HMOO7LJNR3S9:00000001","RequestPath":"/bestillingtypes","ConnectionId":"0HMOO7LJNR3S9","ApplicationName":"Barn.Api","CorrelationId":"3d1098f6-391a-411d-893b-485a95496073"}}
{"Timestamp":"2023-02-27T00:34:57.8111934+01:00","Level":"Information","MessageTemplate":"Method reached: {Method}","Properties":{"Method":"BestillingTypes","SourceContext":"BirkKodeverkAPI.Api.Data.IApiRepository","RequestId":"0HMOO7LJNR3S9:00000001","RequestPath":"/bestillingtypes","ConnectionId":"0HMOO7LJNR3S9","ApplicationName":"Barn.Api","CorrelationId":"3d1098f6-391a-411d-893b-485a95496073"}}
{"Timestamp":"2023-02-27T00:34:58.1148707+01:00","Level":"Information","MessageTemplate":"Executed DbCommand ({elapsed}ms) [Parameters=[{parameters}], CommandType='{commandType}', CommandTimeout='{commandTimeout}']{newLine}{commandText}","Properties":{"elapsed":"32","parameters":"","commandType":"Text","commandTimeout":30,"newLine":"\r\n","commandText":"SELECT [b].[BestillingTypePk], [b].[Beskrivelse], [b].[EndretAv], [b].[EndretDato], [b].[GyldigFraDato], [b].[GyldigTilDato], [b].[RegAv], [b].[RegDato], [b].[Rekkefølge], [b].[Verdi]\r\nFROM [BestillingType] AS [b]","EventId":{"Id":20101,"Name":"Microsoft.EntityFrameworkCore.Database.Command.CommandExecuted"},"SourceContext":"Microsoft.EntityFrameworkCore.Database.Command","RequestId":"0HMOO7LJNR3S9:00000001","RequestPath":"/bestillingtypes","ConnectionId":"0HMOO7LJNR3S9","ApplicationName":"Barn.Api","CorrelationId":"3d1098f6-391a-411d-893b-485a95496073"}}
{"Timestamp":"2023-02-27T00:35:01.3412646+01:00","Level":"Information","MessageTemplate":"Received a request for: /bestillingtypes","Properties":{"SourceContext":"RequestAuditor","RequestId":"0HMOO7LJNR3SA:00000001","RequestPath":"/bestillingtypes","ConnectionId":"0HMOO7LJNR3SA","ApplicationName":"Barn.Api","CorrelationId":"c3cc9539-252b-4d0d-9feb-e7de31760d78"}}
{"Timestamp":"2023-02-27T00:35:01.3415431+01:00","Level":"Information","MessageTemplate":"Method reached: {Method}","Properties":{"Method":"BestillingTypes","SourceContext":"BirkKodeverkAPI.Api.Data.IApiRepository","RequestId":"0HMOO7LJNR3SA:00000001","RequestPath":"/bestillingtypes","ConnectionId":"0HMOO7LJNR3SA","ApplicationName":"Barn.Api","CorrelationId":"c3cc9539-252b-4d0d-9feb-e7de31760d78"}}
{"Timestamp":"2023-02-27T00:35:01.3536251+01:00","Level":"Information","MessageTemplate":"Executed DbCommand ({elapsed}ms) [Parameters=[{parameters}], CommandType='{commandType}', CommandTimeout='{commandTimeout}']{newLine}{commandText}","Properties":{"elapsed":"11","parameters":"","commandType":"Text","commandTimeout":30,"newLine":"\r\n","commandText":"SELECT [b].[BestillingTypePk], [b].[Beskrivelse], [b].[EndretAv], [b].[EndretDato], [b].[GyldigFraDato], [b].[GyldigTilDato], [b].[RegAv], [b].[RegDato], [b].[Rekkefølge], [b].[Verdi]\r\nFROM [BestillingType] AS [b]","EventId":{"Id":20101,"Name":"Microsoft.EntityFrameworkCore.Database.Command.CommandExecuted"},"SourceContext":"Microsoft.EntityFrameworkCore.Database.Command","RequestId":"0HMOO7LJNR3SA:00000001","RequestPath":"/bestillingtypes","ConnectionId":"0HMOO7LJNR3SA","ApplicationName":"Barn.Api","CorrelationId":"c3cc9539-252b-4d0d-9feb-e7de31760d78"}}
{"Timestamp":"2023-02-27T00:35:38.0262098+01:00","Level":"Information","MessageTemplate":"Received a request for: /bestillingtypes","Properties":{"SourceContext":"RequestAuditor","RequestId":"0HMOO7LJNR3SB:00000001","RequestPath":"/bestillingtypes","ConnectionId":"0HMOO7LJNR3SB","ApplicationName":"Barn.Api","CorrelationId":"d67f6fd3-2a4c-4a1f-b21d-d75372e71357"}}
{"Timestamp":"2023-02-27T00:35:38.0266085+01:00","Level":"Information","MessageTemplate":"Method reached: {Method}","Properties":{"Method":"BestillingTypes","SourceContext":"BirkKodeverkAPI.Api.Data.IApiRepository","RequestId":"0HMOO7LJNR3SB:00000001","RequestPath":"/bestillingtypes","ConnectionId":"0HMOO7LJNR3SB","ApplicationName":"Barn.Api","CorrelationId":"d67f6fd3-2a4c-4a1f-b21d-d75372e71357"}}
{"Timestamp":"2023-02-27T00:35:38.0478974+01:00","Level":"Information","MessageTemplate":"Executed DbCommand ({elapsed}ms) [Parameters=[{parameters}], CommandType='{commandType}', CommandTimeout='{commandTimeout}']{newLine}{commandText}","Properties":{"elapsed":"20","parameters":"","commandType":"Text","commandTimeout":30,"newLine":"\r\n","commandText":"SELECT [b].[BestillingTypePk], [b].[Beskrivelse], [b].[EndretAv], [b].[EndretDato], [b].[GyldigFraDato], [b].[GyldigTilDato], [b].[RegAv], [b].[RegDato], [b].[Rekkefølge], [b].[Verdi]\r\nFROM [BestillingType] AS [b]","EventId":{"Id":20101,"Name":"Microsoft.EntityFrameworkCore.Database.Command.CommandExecuted"},"SourceContext":"Microsoft.EntityFrameworkCore.Database.Command","RequestId":"0HMOO7LJNR3SB:00000001","RequestPath":"/bestillingtypes","ConnectionId":"0HMOO7LJNR3SB","ApplicationName":"Barn.Api","CorrelationId":"d67f6fd3-2a4c-4a1f-b21d-d75372e71357"}}
{"Timestamp":"2023-02-27T00:49:55.8749474+01:00","Level":"Information","MessageTemplate":"Received a request for: /bestillingtypes","Properties":{"SourceContext":"RequestAuditor","RequestId":"0HMOO7LJNR3SC:00000001","RequestPath":"/bestillingtypes","ConnectionId":"0HMOO7LJNR3SC","ApplicationName":"Barn.Api","CorrelationId":"449252d6-931b-4fde-b326-e0f32a995dae"}}
{"Timestamp":"2023-02-27T00:49:55.8752954+01:00","Level":"Information","MessageTemplate":"Method reached: {Method}","Properties":{"Method":"BestillingTypes","SourceContext":"BirkKodeverkAPI.Api.Data.IApiRepository","RequestId":"0HMOO7LJNR3SC:00000001","RequestPath":"/bestillingtypes","ConnectionId":"0HMOO7LJNR3SC","ApplicationName":"Barn.Api","CorrelationId":"449252d6-931b-4fde-b326-e0f32a995dae"}}
{"Timestamp":"2023-02-27T00:49:55.9675222+01:00","Level":"Information","MessageTemplate":"Executed DbCommand ({elapsed}ms) [Parameters=[{parameters}], CommandType='{commandType}', CommandTimeout='{commandTimeout}']{newLine}{commandText}","Properties":{"elapsed":"12","parameters":"","commandType":"Text","commandTimeout":30,"newLine":"\r\n","commandText":"SELECT [b].[BestillingTypePk], [b].[Beskrivelse], [b].[EndretAv], [b].[EndretDato], [b].[GyldigFraDato], [b].[GyldigTilDato], [b].[RegAv], [b].[RegDato], [b].[Rekkefølge], [b].[Verdi]\r\nFROM [BestillingType] AS [b]","EventId":{"Id":20101,"Name":"Microsoft.EntityFrameworkCore.Database.Command.CommandExecuted"},"SourceContext":"Microsoft.EntityFrameworkCore.Database.Command","RequestId":"0HMOO7LJNR3SC:00000001","RequestPath":"/bestillingtypes","ConnectionId":"0HMOO7LJNR3SC","ApplicationName":"Barn.Api","CorrelationId":"449252d6-931b-4fde-b326-e0f32a995dae"}}
{"Timestamp":"2023-02-27T00:49:59.0634094+01:00","Level":"Information","MessageTemplate":"Received a request for: /bestillingtypes","Properties":{"SourceContext":"RequestAuditor","RequestId":"0HMOO7LJNR3SD:00000001","RequestPath":"/bestillingtypes","ConnectionId":"0HMOO7LJNR3SD","ApplicationName":"Barn.Api","CorrelationId":"ce85b017-598a-40e8-a9c0-57b0640b564b"}}
{"Timestamp":"2023-02-27T00:49:59.0645648+01:00","Level":"Information","MessageTemplate":"Method reached: {Method}","Properties":{"Method":"BestillingTypes","SourceContext":"BirkKodeverkAPI.Api.Data.IApiRepository","RequestId":"0HMOO7LJNR3SD:00000001","RequestPath":"/bestillingtypes","ConnectionId":"0HMOO7LJNR3SD","ApplicationName":"Barn.Api","CorrelationId":"ce85b017-598a-40e8-a9c0-57b0640b564b"}}
{"Timestamp":"2023-02-27T00:49:59.0729273+01:00","Level":"Information","MessageTemplate":"Executed DbCommand ({elapsed}ms) [Parameters=[{parameters}], CommandType='{commandType}', CommandTimeout='{commandTimeout}']{newLine}{commandText}","Properties":{"elapsed":"7","parameters":"","commandType":"Text","commandTimeout":30,"newLine":"\r\n","commandText":"SELECT [b].[BestillingTypePk], [b].[Beskrivelse], [b].[EndretAv], [b].[EndretDato], [b].[GyldigFraDato], [b].[GyldigTilDato], [b].[RegAv], [b].[RegDato], [b].[Rekkefølge], [b].[Verdi]\r\nFROM [BestillingType] AS [b]","EventId":{"Id":20101,"Name":"Microsoft.EntityFrameworkCore.Database.Command.CommandExecuted"},"SourceContext":"Microsoft.EntityFrameworkCore.Database.Command","RequestId":"0HMOO7LJNR3SD:00000001","RequestPath":"/bestillingtypes","ConnectionId":"0HMOO7LJNR3SD","ApplicationName":"Barn.Api","CorrelationId":"ce85b017-598a-40e8-a9c0-57b0640b564b"}}
