{"Timestamp":"2023-05-03T09:22:35.4648075+02:00","Level":"Information","MessageTemplate":"Now listening on: {address}","Properties":{"address":"https://localhost:7150","EventId":{"Id":14,"Name":"ListeningOnAddress"},"SourceContext":"Microsoft.Hosting.Lifetime","ApplicationName":"Barn.Api"}}
{"Timestamp":"2023-05-03T09:22:35.5146789+02:00","Level":"Information","MessageTemplate":"Now listening on: {address}","Properties":{"address":"http://localhost:5077","EventId":{"Id":14,"Name":"ListeningOnAddress"},"SourceContext":"Microsoft.Hosting.Lifetime","ApplicationName":"Barn.Api"}}
{"Timestamp":"2023-05-03T09:22:35.5169204+02:00","Level":"Information","MessageTemplate":"Application started. Press Ctrl+C to shut down.","Properties":{"SourceContext":"Microsoft.Hosting.Lifetime","ApplicationName":"Barn.Api"}}
{"Timestamp":"2023-05-03T09:22:35.5171481+02:00","Level":"Information","MessageTemplate":"Hosting environment: {EnvName}","Properties":{"EnvName":"Development","SourceContext":"Microsoft.Hosting.Lifetime","ApplicationName":"Barn.Api"}}
{"Timestamp":"2023-05-03T09:22:35.5172329+02:00","Level":"Information","MessageTemplate":"Content root path: {ContentRoot}","Properties":{"ContentRoot":"C:\\Repos\\Birk.Kodeverk.API\\src\\BirkKodeverkAPI.Api","SourceContext":"Microsoft.Hosting.Lifetime","ApplicationName":"Barn.Api"}}
