{"Timestamp":"2023-03-01T09:18:33.4876543+01:00","Level":"Information","MessageTemplate":"Now listening on: {address}","Properties":{"address":"https://localhost:7150","EventId":{"Id":14,"Name":"ListeningOnAddress"},"SourceContext":"Microsoft.Hosting.Lifetime","ApplicationName":"Barn.Api"}}
{"Timestamp":"2023-03-01T09:18:33.5187281+01:00","Level":"Information","MessageTemplate":"Now listening on: {address}","Properties":{"address":"http://localhost:5077","EventId":{"Id":14,"Name":"ListeningOnAddress"},"SourceContext":"Microsoft.Hosting.Lifetime","ApplicationName":"Barn.Api"}}
{"Timestamp":"2023-03-01T09:18:33.5204602+01:00","Level":"Information","MessageTemplate":"Application started. Press Ctrl+C to shut down.","Properties":{"SourceContext":"Microsoft.Hosting.Lifetime","ApplicationName":"Barn.Api"}}
{"Timestamp":"2023-03-01T09:18:33.5206823+01:00","Level":"Information","MessageTemplate":"Hosting environment: {EnvName}","Properties":{"EnvName":"Development","SourceContext":"Microsoft.Hosting.Lifetime","ApplicationName":"Barn.Api"}}
{"Timestamp":"2023-03-01T09:18:33.5207724+01:00","Level":"Information","MessageTemplate":"Content root path: {ContentRoot}","Properties":{"ContentRoot":"C:\\Repos\\Birk.Kodeverk.API\\src\\BirkKodeverkAPI.Api","SourceContext":"Microsoft.Hosting.Lifetime","ApplicationName":"Barn.Api"}}
{"Timestamp":"2023-03-01T09:18:42.8213155+01:00","Level":"Information","MessageTemplate":"Received a request for: /barntypes","Properties":{"SourceContext":"RequestAuditor","RequestId":"0HMOQ5M68TPTR:00000009","RequestPath":"/barntypes","ConnectionId":"0HMOQ5M68TPTR","ApplicationName":"Barn.Api","CorrelationId":"8b7dcdb3-b14b-4d61-8cfc-db9ac3e053b3"}}
{"Timestamp":"2023-03-01T09:18:42.8247198+01:00","Level":"Information","MessageTemplate":"Method reached: {Method}","Properties":{"Method":"BarnTypes","SourceContext":"BirkKodeverkAPI.Api.Data.IApiRepository","RequestId":"0HMOQ5M68TPTR:00000009","RequestPath":"/barntypes","ConnectionId":"0HMOQ5M68TPTR","ApplicationName":"Barn.Api","CorrelationId":"8b7dcdb3-b14b-4d61-8cfc-db9ac3e053b3"}}
{"Timestamp":"2023-03-01T09:18:44.3790190+01:00","Level":"Information","MessageTemplate":"Executed DbCommand ({elapsed}ms) [Parameters=[{parameters}], CommandType='{commandType}', CommandTimeout='{commandTimeout}']{newLine}{commandText}","Properties":{"elapsed":"35","parameters":"","commandType":"Text","commandTimeout":30,"newLine":"\r\n","commandText":"SELECT [b].[BarnTypePk], [b].[Beskrivelse], [b].[EndretAv], [b].[EndretDato], [b].[GyldigFraDato], [b].[GyldigTilDato], [b].[RegAv], [b].[RegDato], [b].[Rekkefølge], [b].[Verdi]\r\nFROM [BarnType] AS [b]","EventId":{"Id":20101,"Name":"Microsoft.EntityFrameworkCore.Database.Command.CommandExecuted"},"SourceContext":"Microsoft.EntityFrameworkCore.Database.Command","RequestId":"0HMOQ5M68TPTR:00000009","RequestPath":"/barntypes","ConnectionId":"0HMOQ5M68TPTR","ApplicationName":"Barn.Api","CorrelationId":"8b7dcdb3-b14b-4d61-8cfc-db9ac3e053b3"}}
{"Timestamp":"2023-03-01T09:23:04.8355568+01:00","Level":"Information","MessageTemplate":"Now listening on: {address}","Properties":{"address":"https://localhost:7150","EventId":{"Id":14,"Name":"ListeningOnAddress"},"SourceContext":"Microsoft.Hosting.Lifetime","ApplicationName":"Barn.Api"}}
{"Timestamp":"2023-03-01T09:23:04.8733784+01:00","Level":"Information","MessageTemplate":"Now listening on: {address}","Properties":{"address":"http://localhost:5077","EventId":{"Id":14,"Name":"ListeningOnAddress"},"SourceContext":"Microsoft.Hosting.Lifetime","ApplicationName":"Barn.Api"}}
{"Timestamp":"2023-03-01T09:23:04.8752098+01:00","Level":"Information","MessageTemplate":"Application started. Press Ctrl+C to shut down.","Properties":{"SourceContext":"Microsoft.Hosting.Lifetime","ApplicationName":"Barn.Api"}}
{"Timestamp":"2023-03-01T09:23:04.8754054+01:00","Level":"Information","MessageTemplate":"Hosting environment: {EnvName}","Properties":{"EnvName":"Development","SourceContext":"Microsoft.Hosting.Lifetime","ApplicationName":"Barn.Api"}}
{"Timestamp":"2023-03-01T09:23:04.8754647+01:00","Level":"Information","MessageTemplate":"Content root path: {ContentRoot}","Properties":{"ContentRoot":"C:\\Repos\\Birk.Kodeverk.API\\src\\BirkKodeverkAPI.Api","SourceContext":"Microsoft.Hosting.Lifetime","ApplicationName":"Barn.Api"}}
{"Timestamp":"2023-03-01T09:23:13.2791886+01:00","Level":"Information","MessageTemplate":"Received a request for: /barntypes","Properties":{"SourceContext":"RequestAuditor","RequestId":"0HMOQ5ON36M2B:00000009","RequestPath":"/barntypes","ConnectionId":"0HMOQ5ON36M2B","ApplicationName":"Barn.Api","CorrelationId":"137c6f8f-6382-43c4-b0f6-0a67027cb104"}}
{"Timestamp":"2023-03-01T09:23:13.2840074+01:00","Level":"Information","MessageTemplate":"Method reached: {Method}","Properties":{"Method":"BarnTypes","SourceContext":"BirkKodeverkAPI.Api.Data.IApiRepository","RequestId":"0HMOQ5ON36M2B:00000009","RequestPath":"/barntypes","ConnectionId":"0HMOQ5ON36M2B","ApplicationName":"Barn.Api","CorrelationId":"137c6f8f-6382-43c4-b0f6-0a67027cb104"}}
{"Timestamp":"2023-03-01T09:23:14.6414286+01:00","Level":"Information","MessageTemplate":"Executed DbCommand ({elapsed}ms) [Parameters=[{parameters}], CommandType='{commandType}', CommandTimeout='{commandTimeout}']{newLine}{commandText}","Properties":{"elapsed":"30","parameters":"","commandType":"Text","commandTimeout":30,"newLine":"\r\n","commandText":"SELECT [b].[BarnTypePk], [b].[Beskrivelse], [b].[EndretAv], [b].[EndretDato], [b].[GyldigFraDato], [b].[GyldigTilDato], [b].[RegAv], [b].[RegDato], [b].[Rekkefølge], [b].[Verdi]\r\nFROM [BarnType] AS [b]","EventId":{"Id":20101,"Name":"Microsoft.EntityFrameworkCore.Database.Command.CommandExecuted"},"SourceContext":"Microsoft.EntityFrameworkCore.Database.Command","RequestId":"0HMOQ5ON36M2B:00000009","RequestPath":"/barntypes","ConnectionId":"0HMOQ5ON36M2B","ApplicationName":"Barn.Api","CorrelationId":"137c6f8f-6382-43c4-b0f6-0a67027cb104"}}
{"Timestamp":"2023-03-01T09:23:22.7112909+01:00","Level":"Information","MessageTemplate":"Received a request for: /barneverntjenestes","Properties":{"SourceContext":"RequestAuditor","RequestId":"0HMOQ5ON36M2B:0000000B","RequestPath":"/barneverntjenestes","ConnectionId":"0HMOQ5ON36M2B","ApplicationName":"Barn.Api","CorrelationId":"9e36bba7-d8f0-4a50-ae47-9cdf47402728"}}
{"Timestamp":"2023-03-01T09:23:22.7126726+01:00","Level":"Information","MessageTemplate":"Method reached: {Method}","Properties":{"Method":"Barneverntjenestes","SourceContext":"BirkKodeverkAPI.Api.Data.IApiRepository","RequestId":"0HMOQ5ON36M2B:0000000B","RequestPath":"/barneverntjenestes","ConnectionId":"0HMOQ5ON36M2B","ApplicationName":"Barn.Api","CorrelationId":"9e36bba7-d8f0-4a50-ae47-9cdf47402728"}}
{"Timestamp":"2023-03-01T09:23:23.0028091+01:00","Level":"Information","MessageTemplate":"Executed DbCommand ({elapsed}ms) [Parameters=[{parameters}], CommandType='{commandType}', CommandTimeout='{commandTimeout}']{newLine}{commandText}","Properties":{"elapsed":"271","parameters":"","commandType":"Text","commandTimeout":30,"newLine":"\r\n","commandText":"SELECT [v].[Adresse], [v].[AdresseType], [v].[AdresseTypePk], [v].[BekreftetAdresseDato], [v].[bydelpk], [v].[bydelsnavn], [v].[bydelsnavnMedParentes], [v].[EnhetPK], [v].[EnhetsType], [v].[EnhetsTypePk], [v].[Enhetsnavn], [v].[EnhetsnavnOgBydelsnavn], [v].[Epost], [v].[ErAktiv], [v].[ErBydelObligatorisk], [v].[Jobbtlf], [v].[KommunePK], [v].[Kommunenavn], [v].[Mobil], [v].[Postnummer], [v].[Poststed], [v].[Telefon], [v].[Virksomhetstype], [v].[virksomhettypefk]\r\nFROM [vGetEnhetAdresse] AS [v]","EventId":{"Id":20101,"Name":"Microsoft.EntityFrameworkCore.Database.Command.CommandExecuted"},"SourceContext":"Microsoft.EntityFrameworkCore.Database.Command","RequestId":"0HMOQ5ON36M2B:0000000B","RequestPath":"/barneverntjenestes","ConnectionId":"0HMOQ5ON36M2B","ApplicationName":"Barn.Api","CorrelationId":"9e36bba7-d8f0-4a50-ae47-9cdf47402728"}}
{"Timestamp":"2023-03-01T10:29:13.7357182+01:00","Level":"Information","MessageTemplate":"Now listening on: {address}","Properties":{"address":"https://localhost:7150","EventId":{"Id":14,"Name":"ListeningOnAddress"},"SourceContext":"Microsoft.Hosting.Lifetime","ApplicationName":"Barn.Api"}}
{"Timestamp":"2023-03-01T10:29:13.7664016+01:00","Level":"Information","MessageTemplate":"Now listening on: {address}","Properties":{"address":"http://localhost:5077","EventId":{"Id":14,"Name":"ListeningOnAddress"},"SourceContext":"Microsoft.Hosting.Lifetime","ApplicationName":"Barn.Api"}}
{"Timestamp":"2023-03-01T10:29:13.7676467+01:00","Level":"Information","MessageTemplate":"Application started. Press Ctrl+C to shut down.","Properties":{"SourceContext":"Microsoft.Hosting.Lifetime","ApplicationName":"Barn.Api"}}
{"Timestamp":"2023-03-01T10:29:13.7678051+01:00","Level":"Information","MessageTemplate":"Hosting environment: {EnvName}","Properties":{"EnvName":"Development","SourceContext":"Microsoft.Hosting.Lifetime","ApplicationName":"Barn.Api"}}
{"Timestamp":"2023-03-01T10:29:13.7678636+01:00","Level":"Information","MessageTemplate":"Content root path: {ContentRoot}","Properties":{"ContentRoot":"C:\\Repos\\Birk.Kodeverk.API\\src\\BirkKodeverkAPI.Api","SourceContext":"Microsoft.Hosting.Lifetime","ApplicationName":"Barn.Api"}}
{"Timestamp":"2023-03-01T10:29:23.6878949+01:00","Level":"Information","MessageTemplate":"Received a request for: /bestillingtypes","Properties":{"SourceContext":"RequestAuditor","RequestId":"0HMOQ6TM0GU18:00000001","RequestPath":"/bestillingtypes","ConnectionId":"0HMOQ6TM0GU18","ApplicationName":"Barn.Api","CorrelationId":"4f56db88-f0b5-4eaa-b2d3-ed9901fe1d68"}}
{"Timestamp":"2023-03-01T10:29:23.6918045+01:00","Level":"Information","MessageTemplate":"Method reached: {Method}","Properties":{"Method":"BestillingTypes","SourceContext":"BirkKodeverkAPI.Api.Data.IApiRepository","RequestId":"0HMOQ6TM0GU18:00000001","RequestPath":"/bestillingtypes","ConnectionId":"0HMOQ6TM0GU18","ApplicationName":"Barn.Api","CorrelationId":"4f56db88-f0b5-4eaa-b2d3-ed9901fe1d68"}}
{"Timestamp":"2023-03-01T10:29:25.3874417+01:00","Level":"Information","MessageTemplate":"Executed DbCommand ({elapsed}ms) [Parameters=[{parameters}], CommandType='{commandType}', CommandTimeout='{commandTimeout}']{newLine}{commandText}","Properties":{"elapsed":"37","parameters":"","commandType":"Text","commandTimeout":30,"newLine":"\r\n","commandText":"SELECT [b].[BestillingTypePk], [b].[Beskrivelse], [b].[EndretAv], [b].[EndretDato], [b].[GyldigFraDato], [b].[GyldigTilDato], [b].[RegAv], [b].[RegDato], [b].[Rekkefølge], [b].[Verdi]\r\nFROM [BestillingType] AS [b]","EventId":{"Id":20101,"Name":"Microsoft.EntityFrameworkCore.Database.Command.CommandExecuted"},"SourceContext":"Microsoft.EntityFrameworkCore.Database.Command","RequestId":"0HMOQ6TM0GU18:00000001","RequestPath":"/bestillingtypes","ConnectionId":"0HMOQ6TM0GU18","ApplicationName":"Barn.Api","CorrelationId":"4f56db88-f0b5-4eaa-b2d3-ed9901fe1d68"}}
{"Timestamp":"2023-03-01T10:29:27.2458715+01:00","Level":"Information","MessageTemplate":"Received a request for: /bestillingtypes","Properties":{"SourceContext":"RequestAuditor","RequestId":"0HMOQ6TM0GU19:00000001","RequestPath":"/bestillingtypes","ConnectionId":"0HMOQ6TM0GU19","ApplicationName":"Barn.Api","CorrelationId":"2b55d36f-c98d-42c4-906e-878120e556c0"}}
{"Timestamp":"2023-03-01T10:29:27.2462187+01:00","Level":"Information","MessageTemplate":"Method reached: {Method}","Properties":{"Method":"BestillingTypes","SourceContext":"BirkKodeverkAPI.Api.Data.IApiRepository","RequestId":"0HMOQ6TM0GU19:00000001","RequestPath":"/bestillingtypes","ConnectionId":"0HMOQ6TM0GU19","ApplicationName":"Barn.Api","CorrelationId":"2b55d36f-c98d-42c4-906e-878120e556c0"}}
{"Timestamp":"2023-03-01T10:29:27.2735077+01:00","Level":"Information","MessageTemplate":"Executed DbCommand ({elapsed}ms) [Parameters=[{parameters}], CommandType='{commandType}', CommandTimeout='{commandTimeout}']{newLine}{commandText}","Properties":{"elapsed":"13","parameters":"","commandType":"Text","commandTimeout":30,"newLine":"\r\n","commandText":"SELECT [b].[BestillingTypePk], [b].[Beskrivelse], [b].[EndretAv], [b].[EndretDato], [b].[GyldigFraDato], [b].[GyldigTilDato], [b].[RegAv], [b].[RegDato], [b].[Rekkefølge], [b].[Verdi]\r\nFROM [BestillingType] AS [b]","EventId":{"Id":20101,"Name":"Microsoft.EntityFrameworkCore.Database.Command.CommandExecuted"},"SourceContext":"Microsoft.EntityFrameworkCore.Database.Command","RequestId":"0HMOQ6TM0GU19:00000001","RequestPath":"/bestillingtypes","ConnectionId":"0HMOQ6TM0GU19","ApplicationName":"Barn.Api","CorrelationId":"2b55d36f-c98d-42c4-906e-878120e556c0"}}
{"Timestamp":"2023-03-01T10:29:35.3874991+01:00","Level":"Information","MessageTemplate":"Received a request for: /kommunes","Properties":{"SourceContext":"RequestAuditor","RequestId":"0HMOQ6TM0GU19:00000002","RequestPath":"/kommunes","ConnectionId":"0HMOQ6TM0GU19","ApplicationName":"Barn.Api","CorrelationId":"15e1a22a-97e3-477f-a0f3-7e2a5b5eac22"}}
{"Timestamp":"2023-03-01T10:29:35.6181685+01:00","Level":"Information","MessageTemplate":"Executed DbCommand ({elapsed}ms) [Parameters=[{parameters}], CommandType='{commandType}', CommandTimeout='{commandTimeout}']{newLine}{commandText}","Properties":{"elapsed":"13","parameters":"","commandType":"Text","commandTimeout":30,"newLine":"\r\n","commandText":"SELECT [k].[KommunePK], [k].[BufRegionFK], [k].[EndretAv], [k].[EndretDato], [k].[ErBydelObligatorisk], [k].[FakturaReferanse], [k].[FosterhjemstjenesteFk], [k].[Fradato], [k].[FylkeFK], CASE\r\n    WHEN [k].[FylkeFK] IS NOT NULL THEN CAST(1 AS bit)\r\n    ELSE CAST(0 AS bit)\r\nEND, [r].[RegionPK], [r].[Beskrivelse], [r].[EndretAv], [r].[EndretDato], [r].[RegAv], [r].[RegDato], [r].[Verdi], [f].[FylkePK], [f].[Endretdato], [f].[Navn], [f].[RegionFK], [k].[InntaksenhetFakturaFk], [k].[InntaksenhetFk], [k].[KommuneInntakFk], [k].[Kundenummer], [k].[Kommunenummer], [k].[Kommunenavn], [k].[Rekkefølge], [k].[RegAv], [k].[Tildato]\r\nFROM [Kommune] AS [k]\r\nLEFT JOIN [Fylke] AS [f] ON [k].[FylkeFK] = [f].[FylkePK]\r\nLEFT JOIN [Region] AS [r] ON [f].[RegionFK] = [r].[RegionPK]\r\nWHERE [k].[FylkeFK] IS NOT NULL","EventId":{"Id":20101,"Name":"Microsoft.EntityFrameworkCore.Database.Command.CommandExecuted"},"SourceContext":"Microsoft.EntityFrameworkCore.Database.Command","RequestId":"0HMOQ6TM0GU19:00000002","RequestPath":"/kommunes","ConnectionId":"0HMOQ6TM0GU19","ApplicationName":"Barn.Api","CorrelationId":"15e1a22a-97e3-477f-a0f3-7e2a5b5eac22"}}
{"Timestamp":"2023-03-01T10:29:35.7264792+01:00","Level":"Information","MessageTemplate":"Received a request for: /barneverntjenestes","Properties":{"SourceContext":"RequestAuditor","RequestId":"0HMOQ6TM0GU19:00000003","RequestPath":"/barneverntjenestes","ConnectionId":"0HMOQ6TM0GU19","ApplicationName":"Barn.Api","CorrelationId":"c9513e52-05b9-4d29-92f7-67c62f81a371"}}
{"Timestamp":"2023-03-01T10:29:35.7276924+01:00","Level":"Information","MessageTemplate":"Method reached: {Method}","Properties":{"Method":"Barneverntjenestes","SourceContext":"BirkKodeverkAPI.Api.Data.IApiRepository","RequestId":"0HMOQ6TM0GU19:00000003","RequestPath":"/barneverntjenestes","ConnectionId":"0HMOQ6TM0GU19","ApplicationName":"Barn.Api","CorrelationId":"c9513e52-05b9-4d29-92f7-67c62f81a371"}}
{"Timestamp":"2023-03-01T10:29:35.7686467+01:00","Level":"Information","MessageTemplate":"Executed DbCommand ({elapsed}ms) [Parameters=[{parameters}], CommandType='{commandType}', CommandTimeout='{commandTimeout}']{newLine}{commandText}","Properties":{"elapsed":"34","parameters":"","commandType":"Text","commandTimeout":30,"newLine":"\r\n","commandText":"SELECT [v].[Adresse], [v].[AdresseType], [v].[AdresseTypePk], [v].[BekreftetAdresseDato], [v].[bydelpk], [v].[bydelsnavn], [v].[bydelsnavnMedParentes], [v].[EnhetPK], [v].[EnhetsType], [v].[EnhetsTypePk], [v].[Enhetsnavn], [v].[EnhetsnavnOgBydelsnavn], [v].[Epost], [v].[ErAktiv], [v].[ErBydelObligatorisk], [v].[Jobbtlf], [v].[KommunePK], [v].[Kommunenavn], [v].[Mobil], [v].[Postnummer], [v].[Poststed], [v].[Telefon], [v].[Virksomhetstype], [v].[virksomhettypefk]\r\nFROM [vGetEnhetAdresse] AS [v]","EventId":{"Id":20101,"Name":"Microsoft.EntityFrameworkCore.Database.Command.CommandExecuted"},"SourceContext":"Microsoft.EntityFrameworkCore.Database.Command","RequestId":"0HMOQ6TM0GU19:00000003","RequestPath":"/barneverntjenestes","ConnectionId":"0HMOQ6TM0GU19","ApplicationName":"Barn.Api","CorrelationId":"c9513e52-05b9-4d29-92f7-67c62f81a371"}}
{"Timestamp":"2023-03-01T12:18:44.0285523+01:00","Level":"Information","MessageTemplate":"Now listening on: {address}","Properties":{"address":"https://localhost:7150","EventId":{"Id":14,"Name":"ListeningOnAddress"},"SourceContext":"Microsoft.Hosting.Lifetime","ApplicationName":"Barn.Api"}}
{"Timestamp":"2023-03-01T12:18:44.0607648+01:00","Level":"Information","MessageTemplate":"Now listening on: {address}","Properties":{"address":"http://localhost:5077","EventId":{"Id":14,"Name":"ListeningOnAddress"},"SourceContext":"Microsoft.Hosting.Lifetime","ApplicationName":"Barn.Api"}}
{"Timestamp":"2023-03-01T12:18:44.0623110+01:00","Level":"Information","MessageTemplate":"Application started. Press Ctrl+C to shut down.","Properties":{"SourceContext":"Microsoft.Hosting.Lifetime","ApplicationName":"Barn.Api"}}
{"Timestamp":"2023-03-01T12:18:44.0625314+01:00","Level":"Information","MessageTemplate":"Hosting environment: {EnvName}","Properties":{"EnvName":"Development","SourceContext":"Microsoft.Hosting.Lifetime","ApplicationName":"Barn.Api"}}
{"Timestamp":"2023-03-01T12:18:44.0625962+01:00","Level":"Information","MessageTemplate":"Content root path: {ContentRoot}","Properties":{"ContentRoot":"C:\\Repos\\Birk.Kodeverk.API\\src\\BirkKodeverkAPI.Api","SourceContext":"Microsoft.Hosting.Lifetime","ApplicationName":"Barn.Api"}}
{"Timestamp":"2023-03-01T14:42:00.3335166+01:00","Level":"Information","MessageTemplate":"Now listening on: {address}","Properties":{"address":"https://localhost:7150","EventId":{"Id":14,"Name":"ListeningOnAddress"},"SourceContext":"Microsoft.Hosting.Lifetime","ApplicationName":"Barn.Api"}}
{"Timestamp":"2023-03-01T14:42:00.3613814+01:00","Level":"Information","MessageTemplate":"Now listening on: {address}","Properties":{"address":"http://localhost:5077","EventId":{"Id":14,"Name":"ListeningOnAddress"},"SourceContext":"Microsoft.Hosting.Lifetime","ApplicationName":"Barn.Api"}}
{"Timestamp":"2023-03-01T14:42:00.3626775+01:00","Level":"Information","MessageTemplate":"Application started. Press Ctrl+C to shut down.","Properties":{"SourceContext":"Microsoft.Hosting.Lifetime","ApplicationName":"Barn.Api"}}
{"Timestamp":"2023-03-01T14:42:00.3628719+01:00","Level":"Information","MessageTemplate":"Hosting environment: {EnvName}","Properties":{"EnvName":"Development","SourceContext":"Microsoft.Hosting.Lifetime","ApplicationName":"Barn.Api"}}
{"Timestamp":"2023-03-01T14:42:00.3629383+01:00","Level":"Information","MessageTemplate":"Content root path: {ContentRoot}","Properties":{"ContentRoot":"C:\\Repos\\Birk.Kodeverk.API\\src\\BirkKodeverkAPI.Api","SourceContext":"Microsoft.Hosting.Lifetime","ApplicationName":"Barn.Api"}}
{"Timestamp":"2023-03-01T14:42:10.0898179+01:00","Level":"Information","MessageTemplate":"Received a request for: /bestillingtypes","Properties":{"SourceContext":"RequestAuditor","RequestId":"0HMOQBATTAE88:00000001","RequestPath":"/bestillingtypes","ConnectionId":"0HMOQBATTAE88","ApplicationName":"Barn.Api","CorrelationId":"20883acc-76c9-4c04-9ad7-30a5157d6b6f"}}
{"Timestamp":"2023-03-01T14:42:10.0930104+01:00","Level":"Information","MessageTemplate":"Method reached: {Method}","Properties":{"Method":"BestillingTypes","SourceContext":"BirkKodeverkAPI.Api.Data.IApiRepository","RequestId":"0HMOQBATTAE88:00000001","RequestPath":"/bestillingtypes","ConnectionId":"0HMOQBATTAE88","ApplicationName":"Barn.Api","CorrelationId":"20883acc-76c9-4c04-9ad7-30a5157d6b6f"}}
{"Timestamp":"2023-03-01T14:42:12.2401764+01:00","Level":"Information","MessageTemplate":"Executed DbCommand ({elapsed}ms) [Parameters=[{parameters}], CommandType='{commandType}', CommandTimeout='{commandTimeout}']{newLine}{commandText}","Properties":{"elapsed":"40","parameters":"","commandType":"Text","commandTimeout":30,"newLine":"\r\n","commandText":"SELECT [b].[BestillingTypePk], [b].[Beskrivelse], [b].[EndretAv], [b].[EndretDato], [b].[GyldigFraDato], [b].[GyldigTilDato], [b].[RegAv], [b].[RegDato], [b].[Rekkefølge], [b].[Verdi]\r\nFROM [BestillingType] AS [b]","EventId":{"Id":20101,"Name":"Microsoft.EntityFrameworkCore.Database.Command.CommandExecuted"},"SourceContext":"Microsoft.EntityFrameworkCore.Database.Command","RequestId":"0HMOQBATTAE88:00000001","RequestPath":"/bestillingtypes","ConnectionId":"0HMOQBATTAE88","ApplicationName":"Barn.Api","CorrelationId":"20883acc-76c9-4c04-9ad7-30a5157d6b6f"}}
{"Timestamp":"2023-03-01T14:42:14.4284900+01:00","Level":"Information","MessageTemplate":"Received a request for: /bestillingtypes","Properties":{"SourceContext":"RequestAuditor","RequestId":"0HMOQBATTAE89:00000001","RequestPath":"/bestillingtypes","ConnectionId":"0HMOQBATTAE89","ApplicationName":"Barn.Api","CorrelationId":"42c45417-fb54-4cbf-9850-e105ca8c3bce"}}
{"Timestamp":"2023-03-01T14:42:14.4305933+01:00","Level":"Information","MessageTemplate":"Method reached: {Method}","Properties":{"Method":"BestillingTypes","SourceContext":"BirkKodeverkAPI.Api.Data.IApiRepository","RequestId":"0HMOQBATTAE89:00000001","RequestPath":"/bestillingtypes","ConnectionId":"0HMOQBATTAE89","ApplicationName":"Barn.Api","CorrelationId":"42c45417-fb54-4cbf-9850-e105ca8c3bce"}}
{"Timestamp":"2023-03-01T14:42:14.4919425+01:00","Level":"Information","MessageTemplate":"Executed DbCommand ({elapsed}ms) [Parameters=[{parameters}], CommandType='{commandType}', CommandTimeout='{commandTimeout}']{newLine}{commandText}","Properties":{"elapsed":"47","parameters":"","commandType":"Text","commandTimeout":30,"newLine":"\r\n","commandText":"SELECT [b].[BestillingTypePk], [b].[Beskrivelse], [b].[EndretAv], [b].[EndretDato], [b].[GyldigFraDato], [b].[GyldigTilDato], [b].[RegAv], [b].[RegDato], [b].[Rekkefølge], [b].[Verdi]\r\nFROM [BestillingType] AS [b]","EventId":{"Id":20101,"Name":"Microsoft.EntityFrameworkCore.Database.Command.CommandExecuted"},"SourceContext":"Microsoft.EntityFrameworkCore.Database.Command","RequestId":"0HMOQBATTAE89:00000001","RequestPath":"/bestillingtypes","ConnectionId":"0HMOQBATTAE89","ApplicationName":"Barn.Api","CorrelationId":"42c45417-fb54-4cbf-9850-e105ca8c3bce"}}
{"Timestamp":"2023-03-01T14:42:16.7862098+01:00","Level":"Information","MessageTemplate":"Received a request for: /kommunes","Properties":{"SourceContext":"RequestAuditor","RequestId":"0HMOQBATTAE89:00000002","RequestPath":"/kommunes","ConnectionId":"0HMOQBATTAE89","ApplicationName":"Barn.Api","CorrelationId":"422a986c-509f-4e22-a58d-043e5a7d653c"}}
{"Timestamp":"2023-03-01T14:42:16.9946259+01:00","Level":"Information","MessageTemplate":"Executed DbCommand ({elapsed}ms) [Parameters=[{parameters}], CommandType='{commandType}', CommandTimeout='{commandTimeout}']{newLine}{commandText}","Properties":{"elapsed":"3","parameters":"","commandType":"Text","commandTimeout":30,"newLine":"\r\n","commandText":"SELECT [k].[KommunePK], [k].[BufRegionFK], [k].[EndretAv], [k].[EndretDato], [k].[ErBydelObligatorisk], [k].[FakturaReferanse], [k].[FosterhjemstjenesteFk], [k].[Fradato], [k].[FylkeFK], CASE\r\n    WHEN [k].[FylkeFK] IS NOT NULL THEN CAST(1 AS bit)\r\n    ELSE CAST(0 AS bit)\r\nEND, [r].[RegionPK], [r].[Beskrivelse], [r].[EndretAv], [r].[EndretDato], [r].[RegAv], [r].[RegDato], [r].[Verdi], [f].[FylkePK], [f].[Endretdato], [f].[Navn], [f].[RegionFK], [k].[InntaksenhetFakturaFk], [k].[InntaksenhetFk], [k].[KommuneInntakFk], [k].[Kundenummer], [k].[Kommunenummer], [k].[Kommunenavn], [k].[Rekkefølge], [k].[RegAv], [k].[Tildato]\r\nFROM [Kommune] AS [k]\r\nLEFT JOIN [Fylke] AS [f] ON [k].[FylkeFK] = [f].[FylkePK]\r\nLEFT JOIN [Region] AS [r] ON [f].[RegionFK] = [r].[RegionPK]\r\nWHERE [k].[FylkeFK] IS NOT NULL","EventId":{"Id":20101,"Name":"Microsoft.EntityFrameworkCore.Database.Command.CommandExecuted"},"SourceContext":"Microsoft.EntityFrameworkCore.Database.Command","RequestId":"0HMOQBATTAE89:00000002","RequestPath":"/kommunes","ConnectionId":"0HMOQBATTAE89","ApplicationName":"Barn.Api","CorrelationId":"422a986c-509f-4e22-a58d-043e5a7d653c"}}
{"Timestamp":"2023-03-01T14:42:17.0866200+01:00","Level":"Information","MessageTemplate":"Received a request for: /barneverntjenestes","Properties":{"SourceContext":"RequestAuditor","RequestId":"0HMOQBATTAE89:00000003","RequestPath":"/barneverntjenestes","ConnectionId":"0HMOQBATTAE89","ApplicationName":"Barn.Api","CorrelationId":"1bac7013-ce83-4ea3-b2c4-ea06e15d34dd"}}
{"Timestamp":"2023-03-01T14:42:17.0879036+01:00","Level":"Information","MessageTemplate":"Method reached: {Method}","Properties":{"Method":"Barneverntjenestes","SourceContext":"BirkKodeverkAPI.Api.Data.IApiRepository","RequestId":"0HMOQBATTAE89:00000003","RequestPath":"/barneverntjenestes","ConnectionId":"0HMOQBATTAE89","ApplicationName":"Barn.Api","CorrelationId":"1bac7013-ce83-4ea3-b2c4-ea06e15d34dd"}}
{"Timestamp":"2023-03-01T14:42:17.3555933+01:00","Level":"Information","MessageTemplate":"Executed DbCommand ({elapsed}ms) [Parameters=[{parameters}], CommandType='{commandType}', CommandTimeout='{commandTimeout}']{newLine}{commandText}","Properties":{"elapsed":"261","parameters":"","commandType":"Text","commandTimeout":30,"newLine":"\r\n","commandText":"SELECT [v].[Adresse], [v].[AdresseType], [v].[AdresseTypePk], [v].[BekreftetAdresseDato], [v].[bydelpk], [v].[bydelsnavn], [v].[bydelsnavnMedParentes], [v].[EnhetPK], [v].[EnhetsType], [v].[EnhetsTypePk], [v].[Enhetsnavn], [v].[EnhetsnavnOgBydelsnavn], [v].[Epost], [v].[ErAktiv], [v].[ErBydelObligatorisk], [v].[Jobbtlf], [v].[KommunePK], [v].[Kommunenavn], [v].[Mobil], [v].[Postnummer], [v].[Poststed], [v].[Telefon], [v].[Virksomhetstype], [v].[virksomhettypefk]\r\nFROM [vGetEnhetAdresse] AS [v]","EventId":{"Id":20101,"Name":"Microsoft.EntityFrameworkCore.Database.Command.CommandExecuted"},"SourceContext":"Microsoft.EntityFrameworkCore.Database.Command","RequestId":"0HMOQBATTAE89:00000003","RequestPath":"/barneverntjenestes","ConnectionId":"0HMOQBATTAE89","ApplicationName":"Barn.Api","CorrelationId":"1bac7013-ce83-4ea3-b2c4-ea06e15d34dd"}}
{"Timestamp":"2023-03-01T14:55:42.3180715+01:00","Level":"Information","MessageTemplate":"Received a request for: /bestillingtypes","Properties":{"SourceContext":"RequestAuditor","RequestId":"0HMOQBATTAE8A:00000001","RequestPath":"/bestillingtypes","ConnectionId":"0HMOQBATTAE8A","ApplicationName":"Barn.Api","CorrelationId":"cfa6dd1a-c281-485d-8ba6-cbc45fb29628"}}
{"Timestamp":"2023-03-01T14:55:42.3183961+01:00","Level":"Information","MessageTemplate":"Method reached: {Method}","Properties":{"Method":"BestillingTypes","SourceContext":"BirkKodeverkAPI.Api.Data.IApiRepository","RequestId":"0HMOQBATTAE8A:00000001","RequestPath":"/bestillingtypes","ConnectionId":"0HMOQBATTAE8A","ApplicationName":"Barn.Api","CorrelationId":"cfa6dd1a-c281-485d-8ba6-cbc45fb29628"}}
{"Timestamp":"2023-03-01T14:55:42.3632129+01:00","Level":"Information","MessageTemplate":"Executed DbCommand ({elapsed}ms) [Parameters=[{parameters}], CommandType='{commandType}', CommandTimeout='{commandTimeout}']{newLine}{commandText}","Properties":{"elapsed":"3","parameters":"","commandType":"Text","commandTimeout":30,"newLine":"\r\n","commandText":"SELECT [b].[BestillingTypePk], [b].[Beskrivelse], [b].[EndretAv], [b].[EndretDato], [b].[GyldigFraDato], [b].[GyldigTilDato], [b].[RegAv], [b].[RegDato], [b].[Rekkefølge], [b].[Verdi]\r\nFROM [BestillingType] AS [b]","EventId":{"Id":20101,"Name":"Microsoft.EntityFrameworkCore.Database.Command.CommandExecuted"},"SourceContext":"Microsoft.EntityFrameworkCore.Database.Command","RequestId":"0HMOQBATTAE8A:00000001","RequestPath":"/bestillingtypes","ConnectionId":"0HMOQBATTAE8A","ApplicationName":"Barn.Api","CorrelationId":"cfa6dd1a-c281-485d-8ba6-cbc45fb29628"}}
{"Timestamp":"2023-03-01T14:55:43.5690909+01:00","Level":"Information","MessageTemplate":"Received a request for: /bestillingtypes","Properties":{"SourceContext":"RequestAuditor","RequestId":"0HMOQBATTAE8B:00000001","RequestPath":"/bestillingtypes","ConnectionId":"0HMOQBATTAE8B","ApplicationName":"Barn.Api","CorrelationId":"f5e2e1d6-ab12-427b-83be-7902bb3b7a39"}}
{"Timestamp":"2023-03-01T14:55:43.5694480+01:00","Level":"Information","MessageTemplate":"Method reached: {Method}","Properties":{"Method":"BestillingTypes","SourceContext":"BirkKodeverkAPI.Api.Data.IApiRepository","RequestId":"0HMOQBATTAE8B:00000001","RequestPath":"/bestillingtypes","ConnectionId":"0HMOQBATTAE8B","ApplicationName":"Barn.Api","CorrelationId":"f5e2e1d6-ab12-427b-83be-7902bb3b7a39"}}
{"Timestamp":"2023-03-01T14:55:43.5741884+01:00","Level":"Information","MessageTemplate":"Executed DbCommand ({elapsed}ms) [Parameters=[{parameters}], CommandType='{commandType}', CommandTimeout='{commandTimeout}']{newLine}{commandText}","Properties":{"elapsed":"4","parameters":"","commandType":"Text","commandTimeout":30,"newLine":"\r\n","commandText":"SELECT [b].[BestillingTypePk], [b].[Beskrivelse], [b].[EndretAv], [b].[EndretDato], [b].[GyldigFraDato], [b].[GyldigTilDato], [b].[RegAv], [b].[RegDato], [b].[Rekkefølge], [b].[Verdi]\r\nFROM [BestillingType] AS [b]","EventId":{"Id":20101,"Name":"Microsoft.EntityFrameworkCore.Database.Command.CommandExecuted"},"SourceContext":"Microsoft.EntityFrameworkCore.Database.Command","RequestId":"0HMOQBATTAE8B:00000001","RequestPath":"/bestillingtypes","ConnectionId":"0HMOQBATTAE8B","ApplicationName":"Barn.Api","CorrelationId":"f5e2e1d6-ab12-427b-83be-7902bb3b7a39"}}
{"Timestamp":"2023-03-01T14:56:12.9896733+01:00","Level":"Information","MessageTemplate":"Received a request for: /bestillingtypes","Properties":{"SourceContext":"RequestAuditor","RequestId":"0HMOQBATTAE8C:00000001","RequestPath":"/bestillingtypes","ConnectionId":"0HMOQBATTAE8C","ApplicationName":"Barn.Api","CorrelationId":"6b3b304b-732d-4b1e-bb0e-a4340bde092c"}}
{"Timestamp":"2023-03-01T14:56:12.9900615+01:00","Level":"Information","MessageTemplate":"Method reached: {Method}","Properties":{"Method":"BestillingTypes","SourceContext":"BirkKodeverkAPI.Api.Data.IApiRepository","RequestId":"0HMOQBATTAE8C:00000001","RequestPath":"/bestillingtypes","ConnectionId":"0HMOQBATTAE8C","ApplicationName":"Barn.Api","CorrelationId":"6b3b304b-732d-4b1e-bb0e-a4340bde092c"}}
{"Timestamp":"2023-03-01T14:56:12.9935819+01:00","Level":"Information","MessageTemplate":"Executed DbCommand ({elapsed}ms) [Parameters=[{parameters}], CommandType='{commandType}', CommandTimeout='{commandTimeout}']{newLine}{commandText}","Properties":{"elapsed":"2","parameters":"","commandType":"Text","commandTimeout":30,"newLine":"\r\n","commandText":"SELECT [b].[BestillingTypePk], [b].[Beskrivelse], [b].[EndretAv], [b].[EndretDato], [b].[GyldigFraDato], [b].[GyldigTilDato], [b].[RegAv], [b].[RegDato], [b].[Rekkefølge], [b].[Verdi]\r\nFROM [BestillingType] AS [b]","EventId":{"Id":20101,"Name":"Microsoft.EntityFrameworkCore.Database.Command.CommandExecuted"},"SourceContext":"Microsoft.EntityFrameworkCore.Database.Command","RequestId":"0HMOQBATTAE8C:00000001","RequestPath":"/bestillingtypes","ConnectionId":"0HMOQBATTAE8C","ApplicationName":"Barn.Api","CorrelationId":"6b3b304b-732d-4b1e-bb0e-a4340bde092c"}}
{"Timestamp":"2023-03-01T14:56:15.0955479+01:00","Level":"Information","MessageTemplate":"Received a request for: /bestillingtypes","Properties":{"SourceContext":"RequestAuditor","RequestId":"0HMOQBATTAE8D:00000001","RequestPath":"/bestillingtypes","ConnectionId":"0HMOQBATTAE8D","ApplicationName":"Barn.Api","CorrelationId":"18b1a79d-7886-4065-b6d3-1f4460947883"}}
{"Timestamp":"2023-03-01T14:56:15.0957576+01:00","Level":"Information","MessageTemplate":"Method reached: {Method}","Properties":{"Method":"BestillingTypes","SourceContext":"BirkKodeverkAPI.Api.Data.IApiRepository","RequestId":"0HMOQBATTAE8D:00000001","RequestPath":"/bestillingtypes","ConnectionId":"0HMOQBATTAE8D","ApplicationName":"Barn.Api","CorrelationId":"18b1a79d-7886-4065-b6d3-1f4460947883"}}
{"Timestamp":"2023-03-01T14:56:15.1804533+01:00","Level":"Information","MessageTemplate":"Executed DbCommand ({elapsed}ms) [Parameters=[{parameters}], CommandType='{commandType}', CommandTimeout='{commandTimeout}']{newLine}{commandText}","Properties":{"elapsed":"84","parameters":"","commandType":"Text","commandTimeout":30,"newLine":"\r\n","commandText":"SELECT [b].[BestillingTypePk], [b].[Beskrivelse], [b].[EndretAv], [b].[EndretDato], [b].[GyldigFraDato], [b].[GyldigTilDato], [b].[RegAv], [b].[RegDato], [b].[Rekkefølge], [b].[Verdi]\r\nFROM [BestillingType] AS [b]","EventId":{"Id":20101,"Name":"Microsoft.EntityFrameworkCore.Database.Command.CommandExecuted"},"SourceContext":"Microsoft.EntityFrameworkCore.Database.Command","RequestId":"0HMOQBATTAE8D:00000001","RequestPath":"/bestillingtypes","ConnectionId":"0HMOQBATTAE8D","ApplicationName":"Barn.Api","CorrelationId":"18b1a79d-7886-4065-b6d3-1f4460947883"}}
{"Timestamp":"2023-03-01T14:56:32.4017126+01:00","Level":"Information","MessageTemplate":"Received a request for: /kommunes","Properties":{"SourceContext":"RequestAuditor","RequestId":"0HMOQBATTAE8D:00000002","RequestPath":"/kommunes","ConnectionId":"0HMOQBATTAE8D","ApplicationName":"Barn.Api","CorrelationId":"e6181a4b-c066-4cac-8ddd-5f1cc10cdb98"}}
{"Timestamp":"2023-03-01T14:56:32.4088822+01:00","Level":"Information","MessageTemplate":"Executed DbCommand ({elapsed}ms) [Parameters=[{parameters}], CommandType='{commandType}', CommandTimeout='{commandTimeout}']{newLine}{commandText}","Properties":{"elapsed":"3","parameters":"","commandType":"Text","commandTimeout":30,"newLine":"\r\n","commandText":"SELECT [k].[KommunePK], [k].[BufRegionFK], [k].[EndretAv], [k].[EndretDato], [k].[ErBydelObligatorisk], [k].[FakturaReferanse], [k].[FosterhjemstjenesteFk], [k].[Fradato], [k].[FylkeFK], CASE\r\n    WHEN [k].[FylkeFK] IS NOT NULL THEN CAST(1 AS bit)\r\n    ELSE CAST(0 AS bit)\r\nEND, [r].[RegionPK], [r].[Beskrivelse], [r].[EndretAv], [r].[EndretDato], [r].[RegAv], [r].[RegDato], [r].[Verdi], [f].[FylkePK], [f].[Endretdato], [f].[Navn], [f].[RegionFK], [k].[InntaksenhetFakturaFk], [k].[InntaksenhetFk], [k].[KommuneInntakFk], [k].[Kundenummer], [k].[Kommunenummer], [k].[Kommunenavn], [k].[Rekkefølge], [k].[RegAv], [k].[Tildato]\r\nFROM [Kommune] AS [k]\r\nLEFT JOIN [Fylke] AS [f] ON [k].[FylkeFK] = [f].[FylkePK]\r\nLEFT JOIN [Region] AS [r] ON [f].[RegionFK] = [r].[RegionPK]\r\nWHERE [k].[FylkeFK] IS NOT NULL","EventId":{"Id":20101,"Name":"Microsoft.EntityFrameworkCore.Database.Command.CommandExecuted"},"SourceContext":"Microsoft.EntityFrameworkCore.Database.Command","RequestId":"0HMOQBATTAE8D:00000002","RequestPath":"/kommunes","ConnectionId":"0HMOQBATTAE8D","ApplicationName":"Barn.Api","CorrelationId":"e6181a4b-c066-4cac-8ddd-5f1cc10cdb98"}}
{"Timestamp":"2023-03-01T14:56:32.4446429+01:00","Level":"Information","MessageTemplate":"Received a request for: /barneverntjenestes","Properties":{"SourceContext":"RequestAuditor","RequestId":"0HMOQBATTAE8D:00000003","RequestPath":"/barneverntjenestes","ConnectionId":"0HMOQBATTAE8D","ApplicationName":"Barn.Api","CorrelationId":"6eca012a-d917-4b8e-b552-d396b1d63d37"}}
{"Timestamp":"2023-03-01T14:56:32.4449618+01:00","Level":"Information","MessageTemplate":"Method reached: {Method}","Properties":{"Method":"Barneverntjenestes","SourceContext":"BirkKodeverkAPI.Api.Data.IApiRepository","RequestId":"0HMOQBATTAE8D:00000003","RequestPath":"/barneverntjenestes","ConnectionId":"0HMOQBATTAE8D","ApplicationName":"Barn.Api","CorrelationId":"6eca012a-d917-4b8e-b552-d396b1d63d37"}}
{"Timestamp":"2023-03-01T14:56:32.4807143+01:00","Level":"Information","MessageTemplate":"Executed DbCommand ({elapsed}ms) [Parameters=[{parameters}], CommandType='{commandType}', CommandTimeout='{commandTimeout}']{newLine}{commandText}","Properties":{"elapsed":"35","parameters":"","commandType":"Text","commandTimeout":30,"newLine":"\r\n","commandText":"SELECT [v].[Adresse], [v].[AdresseType], [v].[AdresseTypePk], [v].[BekreftetAdresseDato], [v].[bydelpk], [v].[bydelsnavn], [v].[bydelsnavnMedParentes], [v].[EnhetPK], [v].[EnhetsType], [v].[EnhetsTypePk], [v].[Enhetsnavn], [v].[EnhetsnavnOgBydelsnavn], [v].[Epost], [v].[ErAktiv], [v].[ErBydelObligatorisk], [v].[Jobbtlf], [v].[KommunePK], [v].[Kommunenavn], [v].[Mobil], [v].[Postnummer], [v].[Poststed], [v].[Telefon], [v].[Virksomhetstype], [v].[virksomhettypefk]\r\nFROM [vGetEnhetAdresse] AS [v]","EventId":{"Id":20101,"Name":"Microsoft.EntityFrameworkCore.Database.Command.CommandExecuted"},"SourceContext":"Microsoft.EntityFrameworkCore.Database.Command","RequestId":"0HMOQBATTAE8D:00000003","RequestPath":"/barneverntjenestes","ConnectionId":"0HMOQBATTAE8D","ApplicationName":"Barn.Api","CorrelationId":"6eca012a-d917-4b8e-b552-d396b1d63d37"}}
{"Timestamp":"2023-03-01T14:57:32.3283845+01:00","Level":"Information","MessageTemplate":"Received a request for: /bestillingtypes","Properties":{"SourceContext":"RequestAuditor","RequestId":"0HMOQBATTAE8E:00000001","RequestPath":"/bestillingtypes","ConnectionId":"0HMOQBATTAE8E","ApplicationName":"Barn.Api","CorrelationId":"7ea7b74d-5ec6-40bd-a026-3cedcd513d2c"}}
{"Timestamp":"2023-03-01T14:57:32.3286683+01:00","Level":"Information","MessageTemplate":"Method reached: {Method}","Properties":{"Method":"BestillingTypes","SourceContext":"BirkKodeverkAPI.Api.Data.IApiRepository","RequestId":"0HMOQBATTAE8E:00000001","RequestPath":"/bestillingtypes","ConnectionId":"0HMOQBATTAE8E","ApplicationName":"Barn.Api","CorrelationId":"7ea7b74d-5ec6-40bd-a026-3cedcd513d2c"}}
{"Timestamp":"2023-03-01T14:57:32.3371729+01:00","Level":"Information","MessageTemplate":"Executed DbCommand ({elapsed}ms) [Parameters=[{parameters}], CommandType='{commandType}', CommandTimeout='{commandTimeout}']{newLine}{commandText}","Properties":{"elapsed":"7","parameters":"","commandType":"Text","commandTimeout":30,"newLine":"\r\n","commandText":"SELECT [b].[BestillingTypePk], [b].[Beskrivelse], [b].[EndretAv], [b].[EndretDato], [b].[GyldigFraDato], [b].[GyldigTilDato], [b].[RegAv], [b].[RegDato], [b].[Rekkefølge], [b].[Verdi]\r\nFROM [BestillingType] AS [b]","EventId":{"Id":20101,"Name":"Microsoft.EntityFrameworkCore.Database.Command.CommandExecuted"},"SourceContext":"Microsoft.EntityFrameworkCore.Database.Command","RequestId":"0HMOQBATTAE8E:00000001","RequestPath":"/bestillingtypes","ConnectionId":"0HMOQBATTAE8E","ApplicationName":"Barn.Api","CorrelationId":"7ea7b74d-5ec6-40bd-a026-3cedcd513d2c"}}
{"Timestamp":"2023-03-01T14:57:33.2476209+01:00","Level":"Information","MessageTemplate":"Received a request for: /bestillingtypes","Properties":{"SourceContext":"RequestAuditor","RequestId":"0HMOQBATTAE8F:00000001","RequestPath":"/bestillingtypes","ConnectionId":"0HMOQBATTAE8F","ApplicationName":"Barn.Api","CorrelationId":"dc9f10d7-906e-4b5b-ac47-5857abce882b"}}
{"Timestamp":"2023-03-01T14:57:33.2478183+01:00","Level":"Information","MessageTemplate":"Method reached: {Method}","Properties":{"Method":"BestillingTypes","SourceContext":"BirkKodeverkAPI.Api.Data.IApiRepository","RequestId":"0HMOQBATTAE8F:00000001","RequestPath":"/bestillingtypes","ConnectionId":"0HMOQBATTAE8F","ApplicationName":"Barn.Api","CorrelationId":"dc9f10d7-906e-4b5b-ac47-5857abce882b"}}
{"Timestamp":"2023-03-01T14:57:33.2617074+01:00","Level":"Information","MessageTemplate":"Executed DbCommand ({elapsed}ms) [Parameters=[{parameters}], CommandType='{commandType}', CommandTimeout='{commandTimeout}']{newLine}{commandText}","Properties":{"elapsed":"13","parameters":"","commandType":"Text","commandTimeout":30,"newLine":"\r\n","commandText":"SELECT [b].[BestillingTypePk], [b].[Beskrivelse], [b].[EndretAv], [b].[EndretDato], [b].[GyldigFraDato], [b].[GyldigTilDato], [b].[RegAv], [b].[RegDato], [b].[Rekkefølge], [b].[Verdi]\r\nFROM [BestillingType] AS [b]","EventId":{"Id":20101,"Name":"Microsoft.EntityFrameworkCore.Database.Command.CommandExecuted"},"SourceContext":"Microsoft.EntityFrameworkCore.Database.Command","RequestId":"0HMOQBATTAE8F:00000001","RequestPath":"/bestillingtypes","ConnectionId":"0HMOQBATTAE8F","ApplicationName":"Barn.Api","CorrelationId":"dc9f10d7-906e-4b5b-ac47-5857abce882b"}}
{"Timestamp":"2023-03-01T14:57:40.6452204+01:00","Level":"Information","MessageTemplate":"Received a request for: /bestillingtypes","Properties":{"SourceContext":"RequestAuditor","RequestId":"0HMOQBATTAE8G:00000001","RequestPath":"/bestillingtypes","ConnectionId":"0HMOQBATTAE8G","ApplicationName":"Barn.Api","CorrelationId":"2cff7495-9973-4c03-9f92-4c2ac68344ec"}}
{"Timestamp":"2023-03-01T14:57:40.6454042+01:00","Level":"Information","MessageTemplate":"Method reached: {Method}","Properties":{"Method":"BestillingTypes","SourceContext":"BirkKodeverkAPI.Api.Data.IApiRepository","RequestId":"0HMOQBATTAE8G:00000001","RequestPath":"/bestillingtypes","ConnectionId":"0HMOQBATTAE8G","ApplicationName":"Barn.Api","CorrelationId":"2cff7495-9973-4c03-9f92-4c2ac68344ec"}}
{"Timestamp":"2023-03-01T14:57:40.6492046+01:00","Level":"Information","MessageTemplate":"Executed DbCommand ({elapsed}ms) [Parameters=[{parameters}], CommandType='{commandType}', CommandTimeout='{commandTimeout}']{newLine}{commandText}","Properties":{"elapsed":"3","parameters":"","commandType":"Text","commandTimeout":30,"newLine":"\r\n","commandText":"SELECT [b].[BestillingTypePk], [b].[Beskrivelse], [b].[EndretAv], [b].[EndretDato], [b].[GyldigFraDato], [b].[GyldigTilDato], [b].[RegAv], [b].[RegDato], [b].[Rekkefølge], [b].[Verdi]\r\nFROM [BestillingType] AS [b]","EventId":{"Id":20101,"Name":"Microsoft.EntityFrameworkCore.Database.Command.CommandExecuted"},"SourceContext":"Microsoft.EntityFrameworkCore.Database.Command","RequestId":"0HMOQBATTAE8G:00000001","RequestPath":"/bestillingtypes","ConnectionId":"0HMOQBATTAE8G","ApplicationName":"Barn.Api","CorrelationId":"2cff7495-9973-4c03-9f92-4c2ac68344ec"}}
{"Timestamp":"2023-03-01T14:57:42.2447596+01:00","Level":"Information","MessageTemplate":"Received a request for: /bestillingtypes","Properties":{"SourceContext":"RequestAuditor","RequestId":"0HMOQBATTAE8H:00000001","RequestPath":"/bestillingtypes","ConnectionId":"0HMOQBATTAE8H","ApplicationName":"Barn.Api","CorrelationId":"1b1fdcfc-559d-4895-8572-531d1186b4e5"}}
{"Timestamp":"2023-03-01T14:57:42.2449141+01:00","Level":"Information","MessageTemplate":"Method reached: {Method}","Properties":{"Method":"BestillingTypes","SourceContext":"BirkKodeverkAPI.Api.Data.IApiRepository","RequestId":"0HMOQBATTAE8H:00000001","RequestPath":"/bestillingtypes","ConnectionId":"0HMOQBATTAE8H","ApplicationName":"Barn.Api","CorrelationId":"1b1fdcfc-559d-4895-8572-531d1186b4e5"}}
{"Timestamp":"2023-03-01T14:57:42.2474459+01:00","Level":"Information","MessageTemplate":"Executed DbCommand ({elapsed}ms) [Parameters=[{parameters}], CommandType='{commandType}', CommandTimeout='{commandTimeout}']{newLine}{commandText}","Properties":{"elapsed":"2","parameters":"","commandType":"Text","commandTimeout":30,"newLine":"\r\n","commandText":"SELECT [b].[BestillingTypePk], [b].[Beskrivelse], [b].[EndretAv], [b].[EndretDato], [b].[GyldigFraDato], [b].[GyldigTilDato], [b].[RegAv], [b].[RegDato], [b].[Rekkefølge], [b].[Verdi]\r\nFROM [BestillingType] AS [b]","EventId":{"Id":20101,"Name":"Microsoft.EntityFrameworkCore.Database.Command.CommandExecuted"},"SourceContext":"Microsoft.EntityFrameworkCore.Database.Command","RequestId":"0HMOQBATTAE8H:00000001","RequestPath":"/bestillingtypes","ConnectionId":"0HMOQBATTAE8H","ApplicationName":"Barn.Api","CorrelationId":"1b1fdcfc-559d-4895-8572-531d1186b4e5"}}
{"Timestamp":"2023-03-01T14:58:28.5406671+01:00","Level":"Information","MessageTemplate":"Received a request for: /bestillingtypes","Properties":{"SourceContext":"RequestAuditor","RequestId":"0HMOQBATTAE8I:00000001","RequestPath":"/bestillingtypes","ConnectionId":"0HMOQBATTAE8I","ApplicationName":"Barn.Api","CorrelationId":"df41661b-52f7-4c5a-9ae0-38f28e47d0e2"}}
{"Timestamp":"2023-03-01T14:58:28.5408955+01:00","Level":"Information","MessageTemplate":"Method reached: {Method}","Properties":{"Method":"BestillingTypes","SourceContext":"BirkKodeverkAPI.Api.Data.IApiRepository","RequestId":"0HMOQBATTAE8I:00000001","RequestPath":"/bestillingtypes","ConnectionId":"0HMOQBATTAE8I","ApplicationName":"Barn.Api","CorrelationId":"df41661b-52f7-4c5a-9ae0-38f28e47d0e2"}}
{"Timestamp":"2023-03-01T14:58:28.5443031+01:00","Level":"Information","MessageTemplate":"Executed DbCommand ({elapsed}ms) [Parameters=[{parameters}], CommandType='{commandType}', CommandTimeout='{commandTimeout}']{newLine}{commandText}","Properties":{"elapsed":"2","parameters":"","commandType":"Text","commandTimeout":30,"newLine":"\r\n","commandText":"SELECT [b].[BestillingTypePk], [b].[Beskrivelse], [b].[EndretAv], [b].[EndretDato], [b].[GyldigFraDato], [b].[GyldigTilDato], [b].[RegAv], [b].[RegDato], [b].[Rekkefølge], [b].[Verdi]\r\nFROM [BestillingType] AS [b]","EventId":{"Id":20101,"Name":"Microsoft.EntityFrameworkCore.Database.Command.CommandExecuted"},"SourceContext":"Microsoft.EntityFrameworkCore.Database.Command","RequestId":"0HMOQBATTAE8I:00000001","RequestPath":"/bestillingtypes","ConnectionId":"0HMOQBATTAE8I","ApplicationName":"Barn.Api","CorrelationId":"df41661b-52f7-4c5a-9ae0-38f28e47d0e2"}}
{"Timestamp":"2023-03-01T14:58:30.1812107+01:00","Level":"Information","MessageTemplate":"Received a request for: /bestillingtypes","Properties":{"SourceContext":"RequestAuditor","RequestId":"0HMOQBATTAE8J:00000001","RequestPath":"/bestillingtypes","ConnectionId":"0HMOQBATTAE8J","ApplicationName":"Barn.Api","CorrelationId":"a6980e1d-366b-44f7-8857-f67b49e98d1d"}}
{"Timestamp":"2023-03-01T14:58:30.1825305+01:00","Level":"Information","MessageTemplate":"Method reached: {Method}","Properties":{"Method":"BestillingTypes","SourceContext":"BirkKodeverkAPI.Api.Data.IApiRepository","RequestId":"0HMOQBATTAE8J:00000001","RequestPath":"/bestillingtypes","ConnectionId":"0HMOQBATTAE8J","ApplicationName":"Barn.Api","CorrelationId":"a6980e1d-366b-44f7-8857-f67b49e98d1d"}}
{"Timestamp":"2023-03-01T14:58:30.3757404+01:00","Level":"Information","MessageTemplate":"Executed DbCommand ({elapsed}ms) [Parameters=[{parameters}], CommandType='{commandType}', CommandTimeout='{commandTimeout}']{newLine}{commandText}","Properties":{"elapsed":"192","parameters":"","commandType":"Text","commandTimeout":30,"newLine":"\r\n","commandText":"SELECT [b].[BestillingTypePk], [b].[Beskrivelse], [b].[EndretAv], [b].[EndretDato], [b].[GyldigFraDato], [b].[GyldigTilDato], [b].[RegAv], [b].[RegDato], [b].[Rekkefølge], [b].[Verdi]\r\nFROM [BestillingType] AS [b]","EventId":{"Id":20101,"Name":"Microsoft.EntityFrameworkCore.Database.Command.CommandExecuted"},"SourceContext":"Microsoft.EntityFrameworkCore.Database.Command","RequestId":"0HMOQBATTAE8J:00000001","RequestPath":"/bestillingtypes","ConnectionId":"0HMOQBATTAE8J","ApplicationName":"Barn.Api","CorrelationId":"a6980e1d-366b-44f7-8857-f67b49e98d1d"}}
{"Timestamp":"2023-03-01T15:00:09.1334179+01:00","Level":"Information","MessageTemplate":"Received a request for: /kommunes","Properties":{"SourceContext":"RequestAuditor","RequestId":"0HMOQBATTAE8K:00000001","RequestPath":"/kommunes","ConnectionId":"0HMOQBATTAE8K","ApplicationName":"Barn.Api","CorrelationId":"73d330ef-d80d-46d9-8ce5-5338861efa84"}}
{"Timestamp":"2023-03-01T15:00:09.1556242+01:00","Level":"Information","MessageTemplate":"Executed DbCommand ({elapsed}ms) [Parameters=[{parameters}], CommandType='{commandType}', CommandTimeout='{commandTimeout}']{newLine}{commandText}","Properties":{"elapsed":"19","parameters":"","commandType":"Text","commandTimeout":30,"newLine":"\r\n","commandText":"SELECT [k].[KommunePK], [k].[BufRegionFK], [k].[EndretAv], [k].[EndretDato], [k].[ErBydelObligatorisk], [k].[FakturaReferanse], [k].[FosterhjemstjenesteFk], [k].[Fradato], [k].[FylkeFK], CASE\r\n    WHEN [k].[FylkeFK] IS NOT NULL THEN CAST(1 AS bit)\r\n    ELSE CAST(0 AS bit)\r\nEND, [r].[RegionPK], [r].[Beskrivelse], [r].[EndretAv], [r].[EndretDato], [r].[RegAv], [r].[RegDato], [r].[Verdi], [f].[FylkePK], [f].[Endretdato], [f].[Navn], [f].[RegionFK], [k].[InntaksenhetFakturaFk], [k].[InntaksenhetFk], [k].[KommuneInntakFk], [k].[Kundenummer], [k].[Kommunenummer], [k].[Kommunenavn], [k].[Rekkefølge], [k].[RegAv], [k].[Tildato]\r\nFROM [Kommune] AS [k]\r\nLEFT JOIN [Fylke] AS [f] ON [k].[FylkeFK] = [f].[FylkePK]\r\nLEFT JOIN [Region] AS [r] ON [f].[RegionFK] = [r].[RegionPK]\r\nWHERE [k].[FylkeFK] IS NOT NULL","EventId":{"Id":20101,"Name":"Microsoft.EntityFrameworkCore.Database.Command.CommandExecuted"},"SourceContext":"Microsoft.EntityFrameworkCore.Database.Command","RequestId":"0HMOQBATTAE8K:00000001","RequestPath":"/kommunes","ConnectionId":"0HMOQBATTAE8K","ApplicationName":"Barn.Api","CorrelationId":"73d330ef-d80d-46d9-8ce5-5338861efa84"}}
{"Timestamp":"2023-03-01T15:00:09.1779239+01:00","Level":"Information","MessageTemplate":"Received a request for: /barneverntjenestes","Properties":{"SourceContext":"RequestAuditor","RequestId":"0HMOQBATTAE8K:00000002","RequestPath":"/barneverntjenestes","ConnectionId":"0HMOQBATTAE8K","ApplicationName":"Barn.Api","CorrelationId":"feedd6a4-11ef-4072-a834-9d7429a6ba4d"}}
{"Timestamp":"2023-03-01T15:00:09.1781623+01:00","Level":"Information","MessageTemplate":"Method reached: {Method}","Properties":{"Method":"Barneverntjenestes","SourceContext":"BirkKodeverkAPI.Api.Data.IApiRepository","RequestId":"0HMOQBATTAE8K:00000002","RequestPath":"/barneverntjenestes","ConnectionId":"0HMOQBATTAE8K","ApplicationName":"Barn.Api","CorrelationId":"feedd6a4-11ef-4072-a834-9d7429a6ba4d"}}
{"Timestamp":"2023-03-01T15:00:09.2121961+01:00","Level":"Information","MessageTemplate":"Executed DbCommand ({elapsed}ms) [Parameters=[{parameters}], CommandType='{commandType}', CommandTimeout='{commandTimeout}']{newLine}{commandText}","Properties":{"elapsed":"33","parameters":"","commandType":"Text","commandTimeout":30,"newLine":"\r\n","commandText":"SELECT [v].[Adresse], [v].[AdresseType], [v].[AdresseTypePk], [v].[BekreftetAdresseDato], [v].[bydelpk], [v].[bydelsnavn], [v].[bydelsnavnMedParentes], [v].[EnhetPK], [v].[EnhetsType], [v].[EnhetsTypePk], [v].[Enhetsnavn], [v].[EnhetsnavnOgBydelsnavn], [v].[Epost], [v].[ErAktiv], [v].[ErBydelObligatorisk], [v].[Jobbtlf], [v].[KommunePK], [v].[Kommunenavn], [v].[Mobil], [v].[Postnummer], [v].[Poststed], [v].[Telefon], [v].[Virksomhetstype], [v].[virksomhettypefk]\r\nFROM [vGetEnhetAdresse] AS [v]","EventId":{"Id":20101,"Name":"Microsoft.EntityFrameworkCore.Database.Command.CommandExecuted"},"SourceContext":"Microsoft.EntityFrameworkCore.Database.Command","RequestId":"0HMOQBATTAE8K:00000002","RequestPath":"/barneverntjenestes","ConnectionId":"0HMOQBATTAE8K","ApplicationName":"Barn.Api","CorrelationId":"feedd6a4-11ef-4072-a834-9d7429a6ba4d"}}
{"Timestamp":"2023-03-01T15:00:42.3024170+01:00","Level":"Information","MessageTemplate":"Received a request for: /bestillingtypes","Properties":{"SourceContext":"RequestAuditor","RequestId":"0HMOQBATTAE8L:00000001","RequestPath":"/bestillingtypes","ConnectionId":"0HMOQBATTAE8L","ApplicationName":"Barn.Api","CorrelationId":"bae0e973-ba25-49ad-84f7-f486b2fd2016"}}
{"Timestamp":"2023-03-01T15:00:42.3026236+01:00","Level":"Information","MessageTemplate":"Method reached: {Method}","Properties":{"Method":"BestillingTypes","SourceContext":"BirkKodeverkAPI.Api.Data.IApiRepository","RequestId":"0HMOQBATTAE8L:00000001","RequestPath":"/bestillingtypes","ConnectionId":"0HMOQBATTAE8L","ApplicationName":"Barn.Api","CorrelationId":"bae0e973-ba25-49ad-84f7-f486b2fd2016"}}
{"Timestamp":"2023-03-01T15:00:42.3111328+01:00","Level":"Information","MessageTemplate":"Executed DbCommand ({elapsed}ms) [Parameters=[{parameters}], CommandType='{commandType}', CommandTimeout='{commandTimeout}']{newLine}{commandText}","Properties":{"elapsed":"8","parameters":"","commandType":"Text","commandTimeout":30,"newLine":"\r\n","commandText":"SELECT [b].[BestillingTypePk], [b].[Beskrivelse], [b].[EndretAv], [b].[EndretDato], [b].[GyldigFraDato], [b].[GyldigTilDato], [b].[RegAv], [b].[RegDato], [b].[Rekkefølge], [b].[Verdi]\r\nFROM [BestillingType] AS [b]","EventId":{"Id":20101,"Name":"Microsoft.EntityFrameworkCore.Database.Command.CommandExecuted"},"SourceContext":"Microsoft.EntityFrameworkCore.Database.Command","RequestId":"0HMOQBATTAE8L:00000001","RequestPath":"/bestillingtypes","ConnectionId":"0HMOQBATTAE8L","ApplicationName":"Barn.Api","CorrelationId":"bae0e973-ba25-49ad-84f7-f486b2fd2016"}}
{"Timestamp":"2023-03-01T15:00:43.7837918+01:00","Level":"Information","MessageTemplate":"Received a request for: /bestillingtypes","Properties":{"SourceContext":"RequestAuditor","RequestId":"0HMOQBATTAE8M:00000001","RequestPath":"/bestillingtypes","ConnectionId":"0HMOQBATTAE8M","ApplicationName":"Barn.Api","CorrelationId":"8cb802d1-ac18-4968-98e8-3f614c20d39a"}}
{"Timestamp":"2023-03-01T15:00:43.7839542+01:00","Level":"Information","MessageTemplate":"Method reached: {Method}","Properties":{"Method":"BestillingTypes","SourceContext":"BirkKodeverkAPI.Api.Data.IApiRepository","RequestId":"0HMOQBATTAE8M:00000001","RequestPath":"/bestillingtypes","ConnectionId":"0HMOQBATTAE8M","ApplicationName":"Barn.Api","CorrelationId":"8cb802d1-ac18-4968-98e8-3f614c20d39a"}}
{"Timestamp":"2023-03-01T15:00:43.7889519+01:00","Level":"Information","MessageTemplate":"Executed DbCommand ({elapsed}ms) [Parameters=[{parameters}], CommandType='{commandType}', CommandTimeout='{commandTimeout}']{newLine}{commandText}","Properties":{"elapsed":"4","parameters":"","commandType":"Text","commandTimeout":30,"newLine":"\r\n","commandText":"SELECT [b].[BestillingTypePk], [b].[Beskrivelse], [b].[EndretAv], [b].[EndretDato], [b].[GyldigFraDato], [b].[GyldigTilDato], [b].[RegAv], [b].[RegDato], [b].[Rekkefølge], [b].[Verdi]\r\nFROM [BestillingType] AS [b]","EventId":{"Id":20101,"Name":"Microsoft.EntityFrameworkCore.Database.Command.CommandExecuted"},"SourceContext":"Microsoft.EntityFrameworkCore.Database.Command","RequestId":"0HMOQBATTAE8M:00000001","RequestPath":"/bestillingtypes","ConnectionId":"0HMOQBATTAE8M","ApplicationName":"Barn.Api","CorrelationId":"8cb802d1-ac18-4968-98e8-3f614c20d39a"}}
{"Timestamp":"2023-03-01T15:00:58.8025105+01:00","Level":"Information","MessageTemplate":"Received a request for: /kommunes","Properties":{"SourceContext":"RequestAuditor","RequestId":"0HMOQBATTAE8M:00000002","RequestPath":"/kommunes","ConnectionId":"0HMOQBATTAE8M","ApplicationName":"Barn.Api","CorrelationId":"40561c62-5015-413a-9cd7-f95950c769d2"}}
{"Timestamp":"2023-03-01T15:00:58.8090248+01:00","Level":"Information","MessageTemplate":"Executed DbCommand ({elapsed}ms) [Parameters=[{parameters}], CommandType='{commandType}', CommandTimeout='{commandTimeout}']{newLine}{commandText}","Properties":{"elapsed":"3","parameters":"","commandType":"Text","commandTimeout":30,"newLine":"\r\n","commandText":"SELECT [k].[KommunePK], [k].[BufRegionFK], [k].[EndretAv], [k].[EndretDato], [k].[ErBydelObligatorisk], [k].[FakturaReferanse], [k].[FosterhjemstjenesteFk], [k].[Fradato], [k].[FylkeFK], CASE\r\n    WHEN [k].[FylkeFK] IS NOT NULL THEN CAST(1 AS bit)\r\n    ELSE CAST(0 AS bit)\r\nEND, [r].[RegionPK], [r].[Beskrivelse], [r].[EndretAv], [r].[EndretDato], [r].[RegAv], [r].[RegDato], [r].[Verdi], [f].[FylkePK], [f].[Endretdato], [f].[Navn], [f].[RegionFK], [k].[InntaksenhetFakturaFk], [k].[InntaksenhetFk], [k].[KommuneInntakFk], [k].[Kundenummer], [k].[Kommunenummer], [k].[Kommunenavn], [k].[Rekkefølge], [k].[RegAv], [k].[Tildato]\r\nFROM [Kommune] AS [k]\r\nLEFT JOIN [Fylke] AS [f] ON [k].[FylkeFK] = [f].[FylkePK]\r\nLEFT JOIN [Region] AS [r] ON [f].[RegionFK] = [r].[RegionPK]\r\nWHERE [k].[FylkeFK] IS NOT NULL","EventId":{"Id":20101,"Name":"Microsoft.EntityFrameworkCore.Database.Command.CommandExecuted"},"SourceContext":"Microsoft.EntityFrameworkCore.Database.Command","RequestId":"0HMOQBATTAE8M:00000002","RequestPath":"/kommunes","ConnectionId":"0HMOQBATTAE8M","ApplicationName":"Barn.Api","CorrelationId":"40561c62-5015-413a-9cd7-f95950c769d2"}}
{"Timestamp":"2023-03-01T15:00:58.8325434+01:00","Level":"Information","MessageTemplate":"Received a request for: /barneverntjenestes","Properties":{"SourceContext":"RequestAuditor","RequestId":"0HMOQBATTAE8M:00000003","RequestPath":"/barneverntjenestes","ConnectionId":"0HMOQBATTAE8M","ApplicationName":"Barn.Api","CorrelationId":"22af1822-6e66-4804-96be-949b30c95fbf"}}
{"Timestamp":"2023-03-01T15:00:58.8328233+01:00","Level":"Information","MessageTemplate":"Method reached: {Method}","Properties":{"Method":"Barneverntjenestes","SourceContext":"BirkKodeverkAPI.Api.Data.IApiRepository","RequestId":"0HMOQBATTAE8M:00000003","RequestPath":"/barneverntjenestes","ConnectionId":"0HMOQBATTAE8M","ApplicationName":"Barn.Api","CorrelationId":"22af1822-6e66-4804-96be-949b30c95fbf"}}
{"Timestamp":"2023-03-01T15:00:58.8665319+01:00","Level":"Information","MessageTemplate":"Executed DbCommand ({elapsed}ms) [Parameters=[{parameters}], CommandType='{commandType}', CommandTimeout='{commandTimeout}']{newLine}{commandText}","Properties":{"elapsed":"33","parameters":"","commandType":"Text","commandTimeout":30,"newLine":"\r\n","commandText":"SELECT [v].[Adresse], [v].[AdresseType], [v].[AdresseTypePk], [v].[BekreftetAdresseDato], [v].[bydelpk], [v].[bydelsnavn], [v].[bydelsnavnMedParentes], [v].[EnhetPK], [v].[EnhetsType], [v].[EnhetsTypePk], [v].[Enhetsnavn], [v].[EnhetsnavnOgBydelsnavn], [v].[Epost], [v].[ErAktiv], [v].[ErBydelObligatorisk], [v].[Jobbtlf], [v].[KommunePK], [v].[Kommunenavn], [v].[Mobil], [v].[Postnummer], [v].[Poststed], [v].[Telefon], [v].[Virksomhetstype], [v].[virksomhettypefk]\r\nFROM [vGetEnhetAdresse] AS [v]","EventId":{"Id":20101,"Name":"Microsoft.EntityFrameworkCore.Database.Command.CommandExecuted"},"SourceContext":"Microsoft.EntityFrameworkCore.Database.Command","RequestId":"0HMOQBATTAE8M:00000003","RequestPath":"/barneverntjenestes","ConnectionId":"0HMOQBATTAE8M","ApplicationName":"Barn.Api","CorrelationId":"22af1822-6e66-4804-96be-949b30c95fbf"}}
{"Timestamp":"2023-03-01T15:43:39.5754998+01:00","Level":"Information","MessageTemplate":"Now listening on: {address}","Properties":{"address":"https://localhost:7150","EventId":{"Id":14,"Name":"ListeningOnAddress"},"SourceContext":"Microsoft.Hosting.Lifetime","ApplicationName":"Barn.Api"}}
{"Timestamp":"2023-03-01T15:43:39.6046651+01:00","Level":"Information","MessageTemplate":"Now listening on: {address}","Properties":{"address":"http://localhost:5077","EventId":{"Id":14,"Name":"ListeningOnAddress"},"SourceContext":"Microsoft.Hosting.Lifetime","ApplicationName":"Barn.Api"}}
{"Timestamp":"2023-03-01T15:43:39.6058764+01:00","Level":"Information","MessageTemplate":"Application started. Press Ctrl+C to shut down.","Properties":{"SourceContext":"Microsoft.Hosting.Lifetime","ApplicationName":"Barn.Api"}}
{"Timestamp":"2023-03-01T15:43:39.6060382+01:00","Level":"Information","MessageTemplate":"Hosting environment: {EnvName}","Properties":{"EnvName":"Development","SourceContext":"Microsoft.Hosting.Lifetime","ApplicationName":"Barn.Api"}}
{"Timestamp":"2023-03-01T15:43:39.6061023+01:00","Level":"Information","MessageTemplate":"Content root path: {ContentRoot}","Properties":{"ContentRoot":"C:\\Repos\\Birk.Kodeverk.API\\src\\BirkKodeverkAPI.Api","SourceContext":"Microsoft.Hosting.Lifetime","ApplicationName":"Barn.Api"}}
{"Timestamp":"2023-03-01T15:43:46.6962256+01:00","Level":"Information","MessageTemplate":"Received a request for: /bestillingtypes","Properties":{"SourceContext":"RequestAuditor","RequestId":"0HMOQCDCDIKIO:00000001","RequestPath":"/bestillingtypes","ConnectionId":"0HMOQCDCDIKIO","ApplicationName":"Barn.Api","CorrelationId":"e93acd7f-e13c-4519-a2dc-6d905e73a216"}}
{"Timestamp":"2023-03-01T15:43:46.6997180+01:00","Level":"Information","MessageTemplate":"Method reached: {Method}","Properties":{"Method":"BestillingTypes","SourceContext":"BirkKodeverkAPI.Api.Data.IApiRepository","RequestId":"0HMOQCDCDIKIO:00000001","RequestPath":"/bestillingtypes","ConnectionId":"0HMOQCDCDIKIO","ApplicationName":"Barn.Api","CorrelationId":"e93acd7f-e13c-4519-a2dc-6d905e73a216"}}
{"Timestamp":"2023-03-01T15:43:48.0813497+01:00","Level":"Information","MessageTemplate":"Executed DbCommand ({elapsed}ms) [Parameters=[{parameters}], CommandType='{commandType}', CommandTimeout='{commandTimeout}']{newLine}{commandText}","Properties":{"elapsed":"33","parameters":"","commandType":"Text","commandTimeout":30,"newLine":"\r\n","commandText":"SELECT [b].[BestillingTypePk], [b].[Beskrivelse], [b].[EndretAv], [b].[EndretDato], [b].[GyldigFraDato], [b].[GyldigTilDato], [b].[RegAv], [b].[RegDato], [b].[Rekkefølge], [b].[Verdi]\r\nFROM [BestillingType] AS [b]","EventId":{"Id":20101,"Name":"Microsoft.EntityFrameworkCore.Database.Command.CommandExecuted"},"SourceContext":"Microsoft.EntityFrameworkCore.Database.Command","RequestId":"0HMOQCDCDIKIO:00000001","RequestPath":"/bestillingtypes","ConnectionId":"0HMOQCDCDIKIO","ApplicationName":"Barn.Api","CorrelationId":"e93acd7f-e13c-4519-a2dc-6d905e73a216"}}
{"Timestamp":"2023-03-01T15:43:48.9203745+01:00","Level":"Information","MessageTemplate":"Received a request for: /bestillingtypes","Properties":{"SourceContext":"RequestAuditor","RequestId":"0HMOQCDCDIKIP:00000001","RequestPath":"/bestillingtypes","ConnectionId":"0HMOQCDCDIKIP","ApplicationName":"Barn.Api","CorrelationId":"70ba1838-9411-4305-9cf6-fff24f0f30ba"}}
{"Timestamp":"2023-03-01T15:43:48.9207882+01:00","Level":"Information","MessageTemplate":"Method reached: {Method}","Properties":{"Method":"BestillingTypes","SourceContext":"BirkKodeverkAPI.Api.Data.IApiRepository","RequestId":"0HMOQCDCDIKIP:00000001","RequestPath":"/bestillingtypes","ConnectionId":"0HMOQCDCDIKIP","ApplicationName":"Barn.Api","CorrelationId":"70ba1838-9411-4305-9cf6-fff24f0f30ba"}}
{"Timestamp":"2023-03-01T15:43:48.9384523+01:00","Level":"Information","MessageTemplate":"Executed DbCommand ({elapsed}ms) [Parameters=[{parameters}], CommandType='{commandType}', CommandTimeout='{commandTimeout}']{newLine}{commandText}","Properties":{"elapsed":"7","parameters":"","commandType":"Text","commandTimeout":30,"newLine":"\r\n","commandText":"SELECT [b].[BestillingTypePk], [b].[Beskrivelse], [b].[EndretAv], [b].[EndretDato], [b].[GyldigFraDato], [b].[GyldigTilDato], [b].[RegAv], [b].[RegDato], [b].[Rekkefølge], [b].[Verdi]\r\nFROM [BestillingType] AS [b]","EventId":{"Id":20101,"Name":"Microsoft.EntityFrameworkCore.Database.Command.CommandExecuted"},"SourceContext":"Microsoft.EntityFrameworkCore.Database.Command","RequestId":"0HMOQCDCDIKIP:00000001","RequestPath":"/bestillingtypes","ConnectionId":"0HMOQCDCDIKIP","ApplicationName":"Barn.Api","CorrelationId":"70ba1838-9411-4305-9cf6-fff24f0f30ba"}}
{"Timestamp":"2023-03-01T15:43:49.4950328+01:00","Level":"Information","MessageTemplate":"Received a request for: /bestillingtypes","Properties":{"SourceContext":"RequestAuditor","RequestId":"0HMOQCDCDIKIQ:00000001","RequestPath":"/bestillingtypes","ConnectionId":"0HMOQCDCDIKIQ","ApplicationName":"Barn.Api","CorrelationId":"923a124b-9ecf-4e18-a970-8190c322b287"}}
{"Timestamp":"2023-03-01T15:43:49.4953826+01:00","Level":"Information","MessageTemplate":"Method reached: {Method}","Properties":{"Method":"BestillingTypes","SourceContext":"BirkKodeverkAPI.Api.Data.IApiRepository","RequestId":"0HMOQCDCDIKIQ:00000001","RequestPath":"/bestillingtypes","ConnectionId":"0HMOQCDCDIKIQ","ApplicationName":"Barn.Api","CorrelationId":"923a124b-9ecf-4e18-a970-8190c322b287"}}
{"Timestamp":"2023-03-01T15:43:49.5580719+01:00","Level":"Information","MessageTemplate":"Executed DbCommand ({elapsed}ms) [Parameters=[{parameters}], CommandType='{commandType}', CommandTimeout='{commandTimeout}']{newLine}{commandText}","Properties":{"elapsed":"2","parameters":"","commandType":"Text","commandTimeout":30,"newLine":"\r\n","commandText":"SELECT [b].[BestillingTypePk], [b].[Beskrivelse], [b].[EndretAv], [b].[EndretDato], [b].[GyldigFraDato], [b].[GyldigTilDato], [b].[RegAv], [b].[RegDato], [b].[Rekkefølge], [b].[Verdi]\r\nFROM [BestillingType] AS [b]","EventId":{"Id":20101,"Name":"Microsoft.EntityFrameworkCore.Database.Command.CommandExecuted"},"SourceContext":"Microsoft.EntityFrameworkCore.Database.Command","RequestId":"0HMOQCDCDIKIQ:00000001","RequestPath":"/bestillingtypes","ConnectionId":"0HMOQCDCDIKIQ","ApplicationName":"Barn.Api","CorrelationId":"923a124b-9ecf-4e18-a970-8190c322b287"}}
{"Timestamp":"2023-03-01T15:43:50.6282497+01:00","Level":"Information","MessageTemplate":"Received a request for: /bestillingtypes","Properties":{"SourceContext":"RequestAuditor","RequestId":"0HMOQCDCDIKIR:00000001","RequestPath":"/bestillingtypes","ConnectionId":"0HMOQCDCDIKIR","ApplicationName":"Barn.Api","CorrelationId":"b0a27583-f7ca-4dd3-8141-252744d1f86d"}}
{"Timestamp":"2023-03-01T15:43:50.6287164+01:00","Level":"Information","MessageTemplate":"Method reached: {Method}","Properties":{"Method":"BestillingTypes","SourceContext":"BirkKodeverkAPI.Api.Data.IApiRepository","RequestId":"0HMOQCDCDIKIR:00000001","RequestPath":"/bestillingtypes","ConnectionId":"0HMOQCDCDIKIR","ApplicationName":"Barn.Api","CorrelationId":"b0a27583-f7ca-4dd3-8141-252744d1f86d"}}
{"Timestamp":"2023-03-01T15:43:50.6332836+01:00","Level":"Information","MessageTemplate":"Executed DbCommand ({elapsed}ms) [Parameters=[{parameters}], CommandType='{commandType}', CommandTimeout='{commandTimeout}']{newLine}{commandText}","Properties":{"elapsed":"3","parameters":"","commandType":"Text","commandTimeout":30,"newLine":"\r\n","commandText":"SELECT [b].[BestillingTypePk], [b].[Beskrivelse], [b].[EndretAv], [b].[EndretDato], [b].[GyldigFraDato], [b].[GyldigTilDato], [b].[RegAv], [b].[RegDato], [b].[Rekkefølge], [b].[Verdi]\r\nFROM [BestillingType] AS [b]","EventId":{"Id":20101,"Name":"Microsoft.EntityFrameworkCore.Database.Command.CommandExecuted"},"SourceContext":"Microsoft.EntityFrameworkCore.Database.Command","RequestId":"0HMOQCDCDIKIR:00000001","RequestPath":"/bestillingtypes","ConnectionId":"0HMOQCDCDIKIR","ApplicationName":"Barn.Api","CorrelationId":"b0a27583-f7ca-4dd3-8141-252744d1f86d"}}
{"Timestamp":"2023-03-01T15:44:17.8417998+01:00","Level":"Information","MessageTemplate":"Received a request for: /kommunes","Properties":{"SourceContext":"RequestAuditor","RequestId":"0HMOQCDCDIKIR:00000002","RequestPath":"/kommunes","ConnectionId":"0HMOQCDCDIKIR","ApplicationName":"Barn.Api","CorrelationId":"4602b92a-7818-4c25-b7bd-c4678f86af16"}}
{"Timestamp":"2023-03-01T15:44:18.0156242+01:00","Level":"Information","MessageTemplate":"Executed DbCommand ({elapsed}ms) [Parameters=[{parameters}], CommandType='{commandType}', CommandTimeout='{commandTimeout}']{newLine}{commandText}","Properties":{"elapsed":"3","parameters":"","commandType":"Text","commandTimeout":30,"newLine":"\r\n","commandText":"SELECT [k].[KommunePK], [k].[BufRegionFK], [k].[EndretAv], [k].[EndretDato], [k].[ErBydelObligatorisk], [k].[FakturaReferanse], [k].[FosterhjemstjenesteFk], [k].[Fradato], [k].[FylkeFK], CASE\r\n    WHEN [k].[FylkeFK] IS NOT NULL THEN CAST(1 AS bit)\r\n    ELSE CAST(0 AS bit)\r\nEND, [r].[RegionPK], [r].[Beskrivelse], [r].[EndretAv], [r].[EndretDato], [r].[RegAv], [r].[RegDato], [r].[Verdi], [f].[FylkePK], [f].[Endretdato], [f].[Navn], [f].[RegionFK], [k].[InntaksenhetFakturaFk], [k].[InntaksenhetFk], [k].[KommuneInntakFk], [k].[Kundenummer], [k].[Kommunenummer], [k].[Kommunenavn], [k].[Rekkefølge], [k].[RegAv], [k].[Tildato]\r\nFROM [Kommune] AS [k]\r\nLEFT JOIN [Fylke] AS [f] ON [k].[FylkeFK] = [f].[FylkePK]\r\nLEFT JOIN [Region] AS [r] ON [f].[RegionFK] = [r].[RegionPK]\r\nWHERE [k].[FylkeFK] IS NOT NULL","EventId":{"Id":20101,"Name":"Microsoft.EntityFrameworkCore.Database.Command.CommandExecuted"},"SourceContext":"Microsoft.EntityFrameworkCore.Database.Command","RequestId":"0HMOQCDCDIKIR:00000002","RequestPath":"/kommunes","ConnectionId":"0HMOQCDCDIKIR","ApplicationName":"Barn.Api","CorrelationId":"4602b92a-7818-4c25-b7bd-c4678f86af16"}}
{"Timestamp":"2023-03-01T15:44:18.1219182+01:00","Level":"Information","MessageTemplate":"Received a request for: /barneverntjenestes","Properties":{"SourceContext":"RequestAuditor","RequestId":"0HMOQCDCDIKIR:00000003","RequestPath":"/barneverntjenestes","ConnectionId":"0HMOQCDCDIKIR","ApplicationName":"Barn.Api","CorrelationId":"5466aca0-8434-44f9-9356-d3d4d11e0e5d"}}
{"Timestamp":"2023-03-01T15:44:18.1230664+01:00","Level":"Information","MessageTemplate":"Method reached: {Method}","Properties":{"Method":"Barneverntjenestes","SourceContext":"BirkKodeverkAPI.Api.Data.IApiRepository","RequestId":"0HMOQCDCDIKIR:00000003","RequestPath":"/barneverntjenestes","ConnectionId":"0HMOQCDCDIKIR","ApplicationName":"Barn.Api","CorrelationId":"5466aca0-8434-44f9-9356-d3d4d11e0e5d"}}
{"Timestamp":"2023-03-01T15:44:18.1642629+01:00","Level":"Information","MessageTemplate":"Executed DbCommand ({elapsed}ms) [Parameters=[{parameters}], CommandType='{commandType}', CommandTimeout='{commandTimeout}']{newLine}{commandText}","Properties":{"elapsed":"35","parameters":"","commandType":"Text","commandTimeout":30,"newLine":"\r\n","commandText":"SELECT [v].[Adresse], [v].[AdresseType], [v].[AdresseTypePk], [v].[BekreftetAdresseDato], [v].[bydelpk], [v].[bydelsnavn], [v].[bydelsnavnMedParentes], [v].[EnhetPK], [v].[EnhetsType], [v].[EnhetsTypePk], [v].[Enhetsnavn], [v].[EnhetsnavnOgBydelsnavn], [v].[Epost], [v].[ErAktiv], [v].[ErBydelObligatorisk], [v].[Jobbtlf], [v].[KommunePK], [v].[Kommunenavn], [v].[Mobil], [v].[Postnummer], [v].[Poststed], [v].[Telefon], [v].[Virksomhetstype], [v].[virksomhettypefk]\r\nFROM [vGetEnhetAdresse] AS [v]","EventId":{"Id":20101,"Name":"Microsoft.EntityFrameworkCore.Database.Command.CommandExecuted"},"SourceContext":"Microsoft.EntityFrameworkCore.Database.Command","RequestId":"0HMOQCDCDIKIR:00000003","RequestPath":"/barneverntjenestes","ConnectionId":"0HMOQCDCDIKIR","ApplicationName":"Barn.Api","CorrelationId":"5466aca0-8434-44f9-9356-d3d4d11e0e5d"}}
