{"Timestamp":"2023-03-03T00:10:24.1818179+01:00","Level":"Information","MessageTemplate":"Received a request for: /bestillingtypes","Properties":{"SourceContext":"RequestAuditor","RequestId":"0HMOR62MVT5O7:00000001","RequestPath":"/bestillingtypes","ConnectionId":"0HMOR62MVT5O7","ApplicationName":"Barn.Api","CorrelationId":"c48e7ddb-ea4c-454a-b1f0-f6a1e983ac37"}}
{"Timestamp":"2023-03-03T00:10:24.1898702+01:00","Level":"Information","MessageTemplate":"Method reached: {Method}","Properties":{"Method":"BestillingTypes","SourceContext":"BirkKodeverkAPI.Api.Data.IApiRepository","RequestId":"0HMOR62MVT5O7:00000001","RequestPath":"/bestillingtypes","ConnectionId":"0HMOR62MVT5O7","ApplicationName":"Barn.Api","CorrelationId":"c48e7ddb-ea4c-454a-b1f0-f6a1e983ac37"}}
{"Timestamp":"2023-03-03T00:10:24.2131542+01:00","Level":"Information","MessageTemplate":"Executed DbCommand ({elapsed}ms) [Parameters=[{parameters}], CommandType='{commandType}', CommandTimeout='{commandTimeout}']{newLine}{commandText}","Properties":{"elapsed":"1","parameters":"","commandType":"Text","commandTimeout":30,"newLine":"\r\n","commandText":"SELECT [b].[BestillingTypePk], [b].[Beskrivelse], [b].[EndretAv], [b].[EndretDato], [b].[GyldigFraDato], [b].[GyldigTilDato], [b].[RegAv], [b].[RegDato], [b].[Rekkefølge], [b].[Verdi]\r\nFROM [BestillingType] AS [b]","EventId":{"Id":20101,"Name":"Microsoft.EntityFrameworkCore.Database.Command.CommandExecuted"},"SourceContext":"Microsoft.EntityFrameworkCore.Database.Command","RequestId":"0HMOR62MVT5O7:00000001","RequestPath":"/bestillingtypes","ConnectionId":"0HMOR62MVT5O7","ApplicationName":"Barn.Api","CorrelationId":"c48e7ddb-ea4c-454a-b1f0-f6a1e983ac37"}}
{"Timestamp":"2023-03-03T00:10:25.5149058+01:00","Level":"Information","MessageTemplate":"Received a request for: /bestillingtypes","Properties":{"SourceContext":"RequestAuditor","RequestId":"0HMOR62MVT5O8:00000001","RequestPath":"/bestillingtypes","ConnectionId":"0HMOR62MVT5O8","ApplicationName":"Barn.Api","CorrelationId":"c2c94aed-0d3a-44c7-805d-9379886544ed"}}
{"Timestamp":"2023-03-03T00:10:25.5150298+01:00","Level":"Information","MessageTemplate":"Method reached: {Method}","Properties":{"Method":"BestillingTypes","SourceContext":"BirkKodeverkAPI.Api.Data.IApiRepository","RequestId":"0HMOR62MVT5O8:00000001","RequestPath":"/bestillingtypes","ConnectionId":"0HMOR62MVT5O8","ApplicationName":"Barn.Api","CorrelationId":"c2c94aed-0d3a-44c7-805d-9379886544ed"}}
{"Timestamp":"2023-03-03T00:10:25.5178659+01:00","Level":"Information","MessageTemplate":"Executed DbCommand ({elapsed}ms) [Parameters=[{parameters}], CommandType='{commandType}', CommandTimeout='{commandTimeout}']{newLine}{commandText}","Properties":{"elapsed":"2","parameters":"","commandType":"Text","commandTimeout":30,"newLine":"\r\n","commandText":"SELECT [b].[BestillingTypePk], [b].[Beskrivelse], [b].[EndretAv], [b].[EndretDato], [b].[GyldigFraDato], [b].[GyldigTilDato], [b].[RegAv], [b].[RegDato], [b].[Rekkefølge], [b].[Verdi]\r\nFROM [BestillingType] AS [b]","EventId":{"Id":20101,"Name":"Microsoft.EntityFrameworkCore.Database.Command.CommandExecuted"},"SourceContext":"Microsoft.EntityFrameworkCore.Database.Command","RequestId":"0HMOR62MVT5O8:00000001","RequestPath":"/bestillingtypes","ConnectionId":"0HMOR62MVT5O8","ApplicationName":"Barn.Api","CorrelationId":"c2c94aed-0d3a-44c7-805d-9379886544ed"}}
{"Timestamp":"2023-03-03T00:10:27.6966122+01:00","Level":"Information","MessageTemplate":"Received a request for: /kommunes","Properties":{"SourceContext":"RequestAuditor","RequestId":"0HMOR62MVT5O8:00000002","RequestPath":"/kommunes","ConnectionId":"0HMOR62MVT5O8","ApplicationName":"Barn.Api","CorrelationId":"ca5694e6-f8e7-464a-b119-25c199bce0bd"}}
{"Timestamp":"2023-03-03T00:10:27.6994812+01:00","Level":"Information","MessageTemplate":"Executed DbCommand ({elapsed}ms) [Parameters=[{parameters}], CommandType='{commandType}', CommandTimeout='{commandTimeout}']{newLine}{commandText}","Properties":{"elapsed":"2","parameters":"","commandType":"Text","commandTimeout":30,"newLine":"\r\n","commandText":"SELECT [k].[KommunePK], [k].[BufRegionFK], [k].[EndretAv], [k].[EndretDato], [k].[ErBydelObligatorisk], [k].[FakturaReferanse], [k].[FosterhjemstjenesteFk], [k].[Fradato], [k].[FylkeFK], CASE\r\n    WHEN [k].[FylkeFK] IS NOT NULL THEN CAST(1 AS bit)\r\n    ELSE CAST(0 AS bit)\r\nEND, [r].[RegionPK], [r].[Beskrivelse], [r].[EndretAv], [r].[EndretDato], [r].[RegAv], [r].[RegDato], [r].[Verdi], [f].[FylkePK], [f].[Endretdato], [f].[Navn], [f].[RegionFK], [k].[InntaksenhetFakturaFk], [k].[InntaksenhetFk], [k].[KommuneInntakFk], [k].[Kundenummer], [k].[Kommunenummer], [k].[Kommunenavn], [k].[Rekkefølge], [k].[RegAv], [k].[Tildato]\r\nFROM [Kommune] AS [k]\r\nLEFT JOIN [Fylke] AS [f] ON [k].[FylkeFK] = [f].[FylkePK]\r\nLEFT JOIN [Region] AS [r] ON [f].[RegionFK] = [r].[RegionPK]\r\nWHERE [k].[FylkeFK] IS NOT NULL","EventId":{"Id":20101,"Name":"Microsoft.EntityFrameworkCore.Database.Command.CommandExecuted"},"SourceContext":"Microsoft.EntityFrameworkCore.Database.Command","RequestId":"0HMOR62MVT5O8:00000002","RequestPath":"/kommunes","ConnectionId":"0HMOR62MVT5O8","ApplicationName":"Barn.Api","CorrelationId":"ca5694e6-f8e7-464a-b119-25c199bce0bd"}}
{"Timestamp":"2023-03-03T00:10:27.7378069+01:00","Level":"Information","MessageTemplate":"Received a request for: /barneverntjenestes","Properties":{"SourceContext":"RequestAuditor","RequestId":"0HMOR62MVT5O8:00000003","RequestPath":"/barneverntjenestes","ConnectionId":"0HMOR62MVT5O8","ApplicationName":"Barn.Api","CorrelationId":"ef9a1844-3b11-485c-b810-932e73748bc2"}}
{"Timestamp":"2023-03-03T00:10:27.7380328+01:00","Level":"Information","MessageTemplate":"Method reached: {Method}","Properties":{"Method":"Barneverntjenestes","SourceContext":"BirkKodeverkAPI.Api.Data.IApiRepository","RequestId":"0HMOR62MVT5O8:00000003","RequestPath":"/barneverntjenestes","ConnectionId":"0HMOR62MVT5O8","ApplicationName":"Barn.Api","CorrelationId":"ef9a1844-3b11-485c-b810-932e73748bc2"}}
{"Timestamp":"2023-03-03T00:10:27.7704724+01:00","Level":"Information","MessageTemplate":"Executed DbCommand ({elapsed}ms) [Parameters=[{parameters}], CommandType='{commandType}', CommandTimeout='{commandTimeout}']{newLine}{commandText}","Properties":{"elapsed":"31","parameters":"","commandType":"Text","commandTimeout":30,"newLine":"\r\n","commandText":"SELECT [v].[Adresse], [v].[AdresseType], [v].[AdresseTypePk], [v].[BekreftetAdresseDato], [v].[bydelpk], [v].[bydelsnavn], [v].[bydelsnavnMedParentes], [v].[EnhetPK], [v].[EnhetsType], [v].[EnhetsTypePk], [v].[Enhetsnavn], [v].[EnhetsnavnOgBydelsnavn], [v].[Epost], [v].[ErAktiv], [v].[ErBydelObligatorisk], [v].[Jobbtlf], [v].[KommunePK], [v].[Kommunenavn], [v].[Mobil], [v].[Postnummer], [v].[Poststed], [v].[Telefon], [v].[Virksomhetstype], [v].[virksomhettypefk]\r\nFROM [vGetEnhetAdresse] AS [v]","EventId":{"Id":20101,"Name":"Microsoft.EntityFrameworkCore.Database.Command.CommandExecuted"},"SourceContext":"Microsoft.EntityFrameworkCore.Database.Command","RequestId":"0HMOR62MVT5O8:00000003","RequestPath":"/barneverntjenestes","ConnectionId":"0HMOR62MVT5O8","ApplicationName":"Barn.Api","CorrelationId":"ef9a1844-3b11-485c-b810-932e73748bc2"}}
{"Timestamp":"2023-03-03T00:11:15.7493431+01:00","Level":"Information","MessageTemplate":"Received a request for: /bestillingtypes","Properties":{"SourceContext":"RequestAuditor","RequestId":"0HMOR62MVT5O9:00000001","RequestPath":"/bestillingtypes","ConnectionId":"0HMOR62MVT5O9","ApplicationName":"Barn.Api","CorrelationId":"4ad6fb42-319d-4ac6-a96c-9bab7bfff7ab"}}
{"Timestamp":"2023-03-03T00:11:15.7495320+01:00","Level":"Information","MessageTemplate":"Method reached: {Method}","Properties":{"Method":"BestillingTypes","SourceContext":"BirkKodeverkAPI.Api.Data.IApiRepository","RequestId":"0HMOR62MVT5O9:00000001","RequestPath":"/bestillingtypes","ConnectionId":"0HMOR62MVT5O9","ApplicationName":"Barn.Api","CorrelationId":"4ad6fb42-319d-4ac6-a96c-9bab7bfff7ab"}}
{"Timestamp":"2023-03-03T00:11:15.7518907+01:00","Level":"Information","MessageTemplate":"Executed DbCommand ({elapsed}ms) [Parameters=[{parameters}], CommandType='{commandType}', CommandTimeout='{commandTimeout}']{newLine}{commandText}","Properties":{"elapsed":"1","parameters":"","commandType":"Text","commandTimeout":30,"newLine":"\r\n","commandText":"SELECT [b].[BestillingTypePk], [b].[Beskrivelse], [b].[EndretAv], [b].[EndretDato], [b].[GyldigFraDato], [b].[GyldigTilDato], [b].[RegAv], [b].[RegDato], [b].[Rekkefølge], [b].[Verdi]\r\nFROM [BestillingType] AS [b]","EventId":{"Id":20101,"Name":"Microsoft.EntityFrameworkCore.Database.Command.CommandExecuted"},"SourceContext":"Microsoft.EntityFrameworkCore.Database.Command","RequestId":"0HMOR62MVT5O9:00000001","RequestPath":"/bestillingtypes","ConnectionId":"0HMOR62MVT5O9","ApplicationName":"Barn.Api","CorrelationId":"4ad6fb42-319d-4ac6-a96c-9bab7bfff7ab"}}
{"Timestamp":"2023-03-03T00:11:16.9951248+01:00","Level":"Information","MessageTemplate":"Received a request for: /bestillingtypes","Properties":{"SourceContext":"RequestAuditor","RequestId":"0HMOR62MVT5OA:00000001","RequestPath":"/bestillingtypes","ConnectionId":"0HMOR62MVT5OA","ApplicationName":"Barn.Api","CorrelationId":"e03a975f-9d7c-4de9-9994-75eca2260e63"}}
{"Timestamp":"2023-03-03T00:11:16.9954173+01:00","Level":"Information","MessageTemplate":"Method reached: {Method}","Properties":{"Method":"BestillingTypes","SourceContext":"BirkKodeverkAPI.Api.Data.IApiRepository","RequestId":"0HMOR62MVT5OA:00000001","RequestPath":"/bestillingtypes","ConnectionId":"0HMOR62MVT5OA","ApplicationName":"Barn.Api","CorrelationId":"e03a975f-9d7c-4de9-9994-75eca2260e63"}}
{"Timestamp":"2023-03-03T00:11:16.9994465+01:00","Level":"Information","MessageTemplate":"Executed DbCommand ({elapsed}ms) [Parameters=[{parameters}], CommandType='{commandType}', CommandTimeout='{commandTimeout}']{newLine}{commandText}","Properties":{"elapsed":"3","parameters":"","commandType":"Text","commandTimeout":30,"newLine":"\r\n","commandText":"SELECT [b].[BestillingTypePk], [b].[Beskrivelse], [b].[EndretAv], [b].[EndretDato], [b].[GyldigFraDato], [b].[GyldigTilDato], [b].[RegAv], [b].[RegDato], [b].[Rekkefølge], [b].[Verdi]\r\nFROM [BestillingType] AS [b]","EventId":{"Id":20101,"Name":"Microsoft.EntityFrameworkCore.Database.Command.CommandExecuted"},"SourceContext":"Microsoft.EntityFrameworkCore.Database.Command","RequestId":"0HMOR62MVT5OA:00000001","RequestPath":"/bestillingtypes","ConnectionId":"0HMOR62MVT5OA","ApplicationName":"Barn.Api","CorrelationId":"e03a975f-9d7c-4de9-9994-75eca2260e63"}}
{"Timestamp":"2023-03-03T00:11:20.0010468+01:00","Level":"Information","MessageTemplate":"Received a request for: /kommunes","Properties":{"SourceContext":"RequestAuditor","RequestId":"0HMOR62MVT5OA:00000002","RequestPath":"/kommunes","ConnectionId":"0HMOR62MVT5OA","ApplicationName":"Barn.Api","CorrelationId":"56396793-193e-4085-9600-b81b5f68f2bd"}}
{"Timestamp":"2023-03-03T00:11:20.0037625+01:00","Level":"Information","MessageTemplate":"Executed DbCommand ({elapsed}ms) [Parameters=[{parameters}], CommandType='{commandType}', CommandTimeout='{commandTimeout}']{newLine}{commandText}","Properties":{"elapsed":"2","parameters":"","commandType":"Text","commandTimeout":30,"newLine":"\r\n","commandText":"SELECT [k].[KommunePK], [k].[BufRegionFK], [k].[EndretAv], [k].[EndretDato], [k].[ErBydelObligatorisk], [k].[FakturaReferanse], [k].[FosterhjemstjenesteFk], [k].[Fradato], [k].[FylkeFK], CASE\r\n    WHEN [k].[FylkeFK] IS NOT NULL THEN CAST(1 AS bit)\r\n    ELSE CAST(0 AS bit)\r\nEND, [r].[RegionPK], [r].[Beskrivelse], [r].[EndretAv], [r].[EndretDato], [r].[RegAv], [r].[RegDato], [r].[Verdi], [f].[FylkePK], [f].[Endretdato], [f].[Navn], [f].[RegionFK], [k].[InntaksenhetFakturaFk], [k].[InntaksenhetFk], [k].[KommuneInntakFk], [k].[Kundenummer], [k].[Kommunenummer], [k].[Kommunenavn], [k].[Rekkefølge], [k].[RegAv], [k].[Tildato]\r\nFROM [Kommune] AS [k]\r\nLEFT JOIN [Fylke] AS [f] ON [k].[FylkeFK] = [f].[FylkePK]\r\nLEFT JOIN [Region] AS [r] ON [f].[RegionFK] = [r].[RegionPK]\r\nWHERE [k].[FylkeFK] IS NOT NULL","EventId":{"Id":20101,"Name":"Microsoft.EntityFrameworkCore.Database.Command.CommandExecuted"},"SourceContext":"Microsoft.EntityFrameworkCore.Database.Command","RequestId":"0HMOR62MVT5OA:00000002","RequestPath":"/kommunes","ConnectionId":"0HMOR62MVT5OA","ApplicationName":"Barn.Api","CorrelationId":"56396793-193e-4085-9600-b81b5f68f2bd"}}
{"Timestamp":"2023-03-03T00:11:20.0551112+01:00","Level":"Information","MessageTemplate":"Received a request for: /barneverntjenestes","Properties":{"SourceContext":"RequestAuditor","RequestId":"0HMOR62MVT5OA:00000003","RequestPath":"/barneverntjenestes","ConnectionId":"0HMOR62MVT5OA","ApplicationName":"Barn.Api","CorrelationId":"dfb34131-08fb-489e-8301-5abe48ec85f1"}}
{"Timestamp":"2023-03-03T00:11:20.0552730+01:00","Level":"Information","MessageTemplate":"Method reached: {Method}","Properties":{"Method":"Barneverntjenestes","SourceContext":"BirkKodeverkAPI.Api.Data.IApiRepository","RequestId":"0HMOR62MVT5OA:00000003","RequestPath":"/barneverntjenestes","ConnectionId":"0HMOR62MVT5OA","ApplicationName":"Barn.Api","CorrelationId":"dfb34131-08fb-489e-8301-5abe48ec85f1"}}
{"Timestamp":"2023-03-03T00:11:20.0865587+01:00","Level":"Information","MessageTemplate":"Executed DbCommand ({elapsed}ms) [Parameters=[{parameters}], CommandType='{commandType}', CommandTimeout='{commandTimeout}']{newLine}{commandText}","Properties":{"elapsed":"31","parameters":"","commandType":"Text","commandTimeout":30,"newLine":"\r\n","commandText":"SELECT [v].[Adresse], [v].[AdresseType], [v].[AdresseTypePk], [v].[BekreftetAdresseDato], [v].[bydelpk], [v].[bydelsnavn], [v].[bydelsnavnMedParentes], [v].[EnhetPK], [v].[EnhetsType], [v].[EnhetsTypePk], [v].[Enhetsnavn], [v].[EnhetsnavnOgBydelsnavn], [v].[Epost], [v].[ErAktiv], [v].[ErBydelObligatorisk], [v].[Jobbtlf], [v].[KommunePK], [v].[Kommunenavn], [v].[Mobil], [v].[Postnummer], [v].[Poststed], [v].[Telefon], [v].[Virksomhetstype], [v].[virksomhettypefk]\r\nFROM [vGetEnhetAdresse] AS [v]","EventId":{"Id":20101,"Name":"Microsoft.EntityFrameworkCore.Database.Command.CommandExecuted"},"SourceContext":"Microsoft.EntityFrameworkCore.Database.Command","RequestId":"0HMOR62MVT5OA:00000003","RequestPath":"/barneverntjenestes","ConnectionId":"0HMOR62MVT5OA","ApplicationName":"Barn.Api","CorrelationId":"dfb34131-08fb-489e-8301-5abe48ec85f1"}}
