﻿{
  "CodeGenerationMode": 3,
  "ContextClassName": "BirkContext",
  "ContextNamespace": null,
  "DefaultDacpacSchema": null,
  "FilterSchemas": false,
  "IncludeConnectionString": false,
  "ModelNamespace": null,
  "OutputContextPath": "Data",
  "OutputPath": "Entites",
  "PreserveCasingWithRegex": true,
  "ProjectRootNamespace": "BirkKodeverkAPI.Api",
  "Schemas": null,
  "SelectedHandlebarsLanguage": 0,
  "SelectedToBeGenerated": 0,
  "Tables": [
    {
      "Name": "[dbo].[vGetEnhetAdresse]",
      "ObjectType": 3
    },
    {
      "Name": "[dbo].[Fylke]",
      "ObjectType": 0
    },
    {
      "Name": "[dbo].[Kommune]",
      "ObjectType": 0
    },
    {
      "Name": "[dbo].[Region]",
      "ObjectType": 0
    },
    {
      "Name": "[dbo].[ÅrsakType]",
      "ObjectType": 0
    }
  ],
  "UiHint": "824-sql05\\sql05.Birk.dbo",
  "UncountableWords": null,
  "UseBoolPropertiesWithoutDefaultSql": false,
  "UseDatabaseNames": false,
  "UseDateOnlyTimeOnly": false,
  "UseDbContextSplitting": false,
  "UseFluentApiOnly": true,
  "UseHandleBars": false,
  "UseHierarchyId": false,
  "UseInflector": false,
  "UseLegacyPluralizer": false,
  "UseManyToManyEntity": false,
  "UseNoDefaultConstructor": false,
  "UseNoObjectFilter": false,
  "UseNodaTime": false,
  "UseNullableReferences": false,
  "UseSchemaFolders": false,
  "UseSpatial": false,
  "UseT4": false
}