﻿{
   "CodeGenerationMode": 3,
   "ContextClassName": "BarnDbContext",
   "ContextNamespace": null,
   "DefaultDacpacSchema": null,
   "FilterSchemas": false,
   "IncludeConnectionString": false,
   "ModelNamespace": null,
   "OutputContextPath": "Data",
   "OutputPath": "",
   "PreserveCasingWithRegex": true,
   "ProjectRootNamespace": "Birk.BarnAPI.Infrastructure",
   "Schemas": null,
   "SelectedHandlebarsLanguage": 0,
   "SelectedToBeGenerated": 0,
   "T4TemplatePath": null,
   "Tables": [
      {
         "Name": "[dbo].[Barn]",
         "ObjectType": 0
      },
      {
         "Name": "[dbo].[IndividuellHelsePlan]",
         "ObjectType": 0
      },
      {
         "Name": "[dbo].[Person]",
         "ObjectType": 0
      }
   ],
   "UiHint": "824-sql05\\sql05.Birk.dbo",
   "UncountableWords": null,
   "UseBoolPropertiesWithoutDefaultSql": false,
   "UseDatabaseNames": false,
   "UseDateOnlyTimeOnly": false,
   "UseDbContextSplitting": false,
   "UseFluentApiOnly": true,
   "UseHandleBars": false,
   "UseHierarchyId": false,
   "UseInflector": false,
   "UseLegacyPluralizer": false,
   "UseManyToManyEntity": false,
   "UseNoDefaultConstructor": false,
   "UseNoObjectFilter": false,
   "UseNodaTime": false,
   "UseNullableReferences": false,
   "UseSchemaFolders": false,
   "UseSchemaNamespaces": false,
   "UseSpatial": false,
   "UseT4": false
}