{"Timestamp":"2023-03-23T01:24:00.1845954+01:00","Level":"Information","MessageTemplate":"Entering {Method}","Properties":{"Method":"GetBarnOgPersonByFnr","SourceContext":"Birk.BarnAPI.Web.Endpoints.BarnEndpoints.GetBarnOgPersonByFnr","ActionId":"c5405220-add3-4f8d-b749-c09cbecdad24","ActionName":"Birk.BarnAPI.Web.Endpoints.BarnEndpoints.GetBarnOgPersonByFnr.HandleAsync (Birk.BarnAPI.Web)","RequestId":"0HMPAV9BTKUK5:00000001","RequestPath":"/BarnOgPersonByFnr/14011385754","ConnectionId":"0HMPAV9BTKUK5","ApplicationName":"Barn.Api","CorrelationId":"05be8b30-1f7e-43a7-bc9c-c5fe7fd1d2cd"}}
{"Timestamp":"2023-03-23T01:24:00.2276832+01:00","Level":"Information","MessageTemplate":"Executed DbCommand ({elapsed}ms) [Parameters=[{parameters}], CommandType='{commandType}', CommandTimeout='{commandTimeout}']{newLine}{commandText}","Properties":{"elapsed":"10","parameters":"@__fnr_0='?' (Size = 12) (DbType = AnsiString)","commandType":"Text","commandTimeout":30,"newLine":"\r\n","commandText":"SELECT TOP(1) [b].[BarnPK] AS [BarnPk], [b].[BarnTypeFK] AS [BarnTypeFk], [b].[BirkID] AS [BirkId], [b].[RegAv], [b].[RegDato], [b].[EndretAv], [b].[EndretDato], [p].[Fornavn], [p].[Etternavn], [p].[KjønnTypeFK] AS [KjønnTypeFk], [p].[Født], [p].[Fødselsnummer], [p].[Personnummer]\r\nFROM [Barn] AS [b]\r\nINNER JOIN [Person] AS [p] ON [b].[PersonFK] = [p].[PersonPK]\r\nWHERE [p].[Fødselsnummer] = @__fnr_0","EventId":{"Id":20101,"Name":"Microsoft.EntityFrameworkCore.Database.Command.CommandExecuted"},"SourceContext":"Microsoft.EntityFrameworkCore.Database.Command","ActionId":"c5405220-add3-4f8d-b749-c09cbecdad24","ActionName":"Birk.BarnAPI.Web.Endpoints.BarnEndpoints.GetBarnOgPersonByFnr.HandleAsync (Birk.BarnAPI.Web)","RequestId":"0HMPAV9BTKUK5:00000001","RequestPath":"/BarnOgPersonByFnr/14011385754","ConnectionId":"0HMPAV9BTKUK5","ApplicationName":"Barn.Api","CorrelationId":"05be8b30-1f7e-43a7-bc9c-c5fe7fd1d2cd"}}
{"Timestamp":"2023-03-23T10:03:33.8576989+01:00","Level":"Information","MessageTemplate":"Entering {Method}","Properties":{"Method":"GetBarnOgPersonByFnr","SourceContext":"Birk.BarnAPI.Web.Endpoints.BarnEndpoints.GetBarnOgPersonByFnr","ActionId":"c5405220-add3-4f8d-b749-c09cbecdad24","ActionName":"Birk.BarnAPI.Web.Endpoints.BarnEndpoints.GetBarnOgPersonByFnr.HandleAsync (Birk.BarnAPI.Web)","RequestId":"0HMPAV9BTKUK6:00000001","RequestPath":"/BarnOgPersonByFnr/11111111111","ConnectionId":"0HMPAV9BTKUK6","ApplicationName":"Barn.Api","CorrelationId":"a50bec37-59b9-4cb7-9ca8-92c6c9403965"}}
{"Timestamp":"2023-03-23T10:03:33.8901516+01:00","Level":"Information","MessageTemplate":"Executed DbCommand ({elapsed}ms) [Parameters=[{parameters}], CommandType='{commandType}', CommandTimeout='{commandTimeout}']{newLine}{commandText}","Properties":{"elapsed":"6","parameters":"@__fnr_0='?' (Size = 12) (DbType = AnsiString)","commandType":"Text","commandTimeout":30,"newLine":"\r\n","commandText":"SELECT TOP(1) [b].[BarnPK] AS [BarnPk], [b].[BarnTypeFK] AS [BarnTypeFk], [b].[BirkID] AS [BirkId], [b].[RegAv], [b].[RegDato], [b].[EndretAv], [b].[EndretDato], [p].[Fornavn], [p].[Etternavn], [p].[KjønnTypeFK] AS [KjønnTypeFk], [p].[Født], [p].[Fødselsnummer], [p].[Personnummer]\r\nFROM [Barn] AS [b]\r\nINNER JOIN [Person] AS [p] ON [b].[PersonFK] = [p].[PersonPK]\r\nWHERE [p].[Fødselsnummer] = @__fnr_0","EventId":{"Id":20101,"Name":"Microsoft.EntityFrameworkCore.Database.Command.CommandExecuted"},"SourceContext":"Microsoft.EntityFrameworkCore.Database.Command","ActionId":"c5405220-add3-4f8d-b749-c09cbecdad24","ActionName":"Birk.BarnAPI.Web.Endpoints.BarnEndpoints.GetBarnOgPersonByFnr.HandleAsync (Birk.BarnAPI.Web)","RequestId":"0HMPAV9BTKUK6:00000001","RequestPath":"/BarnOgPersonByFnr/11111111111","ConnectionId":"0HMPAV9BTKUK6","ApplicationName":"Barn.Api","CorrelationId":"a50bec37-59b9-4cb7-9ca8-92c6c9403965"}}
{"Timestamp":"2023-03-23T10:03:39.1795221+01:00","Level":"Information","MessageTemplate":"Entering {Method}","Properties":{"Method":"GetBarnOgPersonByFnr","SourceContext":"Birk.BarnAPI.Web.Endpoints.BarnEndpoints.GetBarnOgPersonByFnr","ActionId":"c5405220-add3-4f8d-b749-c09cbecdad24","ActionName":"Birk.BarnAPI.Web.Endpoints.BarnEndpoints.GetBarnOgPersonByFnr.HandleAsync (Birk.BarnAPI.Web)","RequestId":"0HMPAV9BTKUK6:00000002","RequestPath":"/BarnOgPersonByFnr/11111111110","ConnectionId":"0HMPAV9BTKUK6","ApplicationName":"Barn.Api","CorrelationId":"3285c3a8-093c-4a47-8e54-33f4217f9253"}}
{"Timestamp":"2023-03-23T10:03:39.1884879+01:00","Level":"Information","MessageTemplate":"Executed DbCommand ({elapsed}ms) [Parameters=[{parameters}], CommandType='{commandType}', CommandTimeout='{commandTimeout}']{newLine}{commandText}","Properties":{"elapsed":"6","parameters":"@__fnr_0='?' (Size = 12) (DbType = AnsiString)","commandType":"Text","commandTimeout":30,"newLine":"\r\n","commandText":"SELECT TOP(1) [b].[BarnPK] AS [BarnPk], [b].[BarnTypeFK] AS [BarnTypeFk], [b].[BirkID] AS [BirkId], [b].[RegAv], [b].[RegDato], [b].[EndretAv], [b].[EndretDato], [p].[Fornavn], [p].[Etternavn], [p].[KjønnTypeFK] AS [KjønnTypeFk], [p].[Født], [p].[Fødselsnummer], [p].[Personnummer]\r\nFROM [Barn] AS [b]\r\nINNER JOIN [Person] AS [p] ON [b].[PersonFK] = [p].[PersonPK]\r\nWHERE [p].[Fødselsnummer] = @__fnr_0","EventId":{"Id":20101,"Name":"Microsoft.EntityFrameworkCore.Database.Command.CommandExecuted"},"SourceContext":"Microsoft.EntityFrameworkCore.Database.Command","ActionId":"c5405220-add3-4f8d-b749-c09cbecdad24","ActionName":"Birk.BarnAPI.Web.Endpoints.BarnEndpoints.GetBarnOgPersonByFnr.HandleAsync (Birk.BarnAPI.Web)","RequestId":"0HMPAV9BTKUK6:00000002","RequestPath":"/BarnOgPersonByFnr/11111111110","ConnectionId":"0HMPAV9BTKUK6","ApplicationName":"Barn.Api","CorrelationId":"3285c3a8-093c-4a47-8e54-33f4217f9253"}}
{"Timestamp":"2023-03-23T10:03:49.8351804+01:00","Level":"Information","MessageTemplate":"Entering {Method}","Properties":{"Method":"GetBarnOgPersonByFnr","SourceContext":"Birk.BarnAPI.Web.Endpoints.BarnEndpoints.GetBarnOgPersonByFnr","ActionId":"c5405220-add3-4f8d-b749-c09cbecdad24","ActionName":"Birk.BarnAPI.Web.Endpoints.BarnEndpoints.GetBarnOgPersonByFnr.HandleAsync (Birk.BarnAPI.Web)","RequestId":"0HMPAV9BTKUK6:00000003","RequestPath":"/BarnOgPersonByFnr/11111111111","ConnectionId":"0HMPAV9BTKUK6","ApplicationName":"Barn.Api","CorrelationId":"967d8acc-4b90-462a-b5e9-3915fd3ec0c2"}}
{"Timestamp":"2023-03-23T10:03:49.8500047+01:00","Level":"Information","MessageTemplate":"Executed DbCommand ({elapsed}ms) [Parameters=[{parameters}], CommandType='{commandType}', CommandTimeout='{commandTimeout}']{newLine}{commandText}","Properties":{"elapsed":"13","parameters":"@__fnr_0='?' (Size = 12) (DbType = AnsiString)","commandType":"Text","commandTimeout":30,"newLine":"\r\n","commandText":"SELECT TOP(1) [b].[BarnPK] AS [BarnPk], [b].[BarnTypeFK] AS [BarnTypeFk], [b].[BirkID] AS [BirkId], [b].[RegAv], [b].[RegDato], [b].[EndretAv], [b].[EndretDato], [p].[Fornavn], [p].[Etternavn], [p].[KjønnTypeFK] AS [KjønnTypeFk], [p].[Født], [p].[Fødselsnummer], [p].[Personnummer]\r\nFROM [Barn] AS [b]\r\nINNER JOIN [Person] AS [p] ON [b].[PersonFK] = [p].[PersonPK]\r\nWHERE [p].[Fødselsnummer] = @__fnr_0","EventId":{"Id":20101,"Name":"Microsoft.EntityFrameworkCore.Database.Command.CommandExecuted"},"SourceContext":"Microsoft.EntityFrameworkCore.Database.Command","ActionId":"c5405220-add3-4f8d-b749-c09cbecdad24","ActionName":"Birk.BarnAPI.Web.Endpoints.BarnEndpoints.GetBarnOgPersonByFnr.HandleAsync (Birk.BarnAPI.Web)","RequestId":"0HMPAV9BTKUK6:00000003","RequestPath":"/BarnOgPersonByFnr/11111111111","ConnectionId":"0HMPAV9BTKUK6","ApplicationName":"Barn.Api","CorrelationId":"967d8acc-4b90-462a-b5e9-3915fd3ec0c2"}}
{"Timestamp":"2023-03-23T14:38:27.6074960+01:00","Level":"Information","MessageTemplate":"Entering {Method}","Properties":{"Method":"GetBarnOgPersonByFnr","SourceContext":"Birk.BarnAPI.Web.Endpoints.BarnEndpoints.GetBarnOgPersonByFnr","ActionId":"c5405220-add3-4f8d-b749-c09cbecdad24","ActionName":"Birk.BarnAPI.Web.Endpoints.BarnEndpoints.GetBarnOgPersonByFnr.HandleAsync (Birk.BarnAPI.Web)","RequestId":"0HMPAV9BTKUK7:00000001","RequestPath":"/BarnOgPersonByFnr/11111111111","ConnectionId":"0HMPAV9BTKUK7","ApplicationName":"Barn.Api","CorrelationId":"38fc3be7-ab62-4e5a-903f-05f6d8f558ee"}}
{"Timestamp":"2023-03-23T14:38:27.6356822+01:00","Level":"Information","MessageTemplate":"Executed DbCommand ({elapsed}ms) [Parameters=[{parameters}], CommandType='{commandType}', CommandTimeout='{commandTimeout}']{newLine}{commandText}","Properties":{"elapsed":"8","parameters":"@__fnr_0='?' (Size = 12) (DbType = AnsiString)","commandType":"Text","commandTimeout":30,"newLine":"\r\n","commandText":"SELECT TOP(1) [b].[BarnPK] AS [BarnPk], [b].[BarnTypeFK] AS [BarnTypeFk], [b].[BirkID] AS [BirkId], [b].[RegAv], [b].[RegDato], [b].[EndretAv], [b].[EndretDato], [p].[Fornavn], [p].[Etternavn], [p].[KjønnTypeFK] AS [KjønnTypeFk], [p].[Født], [p].[Fødselsnummer], [p].[Personnummer]\r\nFROM [Barn] AS [b]\r\nINNER JOIN [Person] AS [p] ON [b].[PersonFK] = [p].[PersonPK]\r\nWHERE [p].[Fødselsnummer] = @__fnr_0","EventId":{"Id":20101,"Name":"Microsoft.EntityFrameworkCore.Database.Command.CommandExecuted"},"SourceContext":"Microsoft.EntityFrameworkCore.Database.Command","ActionId":"c5405220-add3-4f8d-b749-c09cbecdad24","ActionName":"Birk.BarnAPI.Web.Endpoints.BarnEndpoints.GetBarnOgPersonByFnr.HandleAsync (Birk.BarnAPI.Web)","RequestId":"0HMPAV9BTKUK7:00000001","RequestPath":"/BarnOgPersonByFnr/11111111111","ConnectionId":"0HMPAV9BTKUK7","ApplicationName":"Barn.Api","CorrelationId":"38fc3be7-ab62-4e5a-903f-05f6d8f558ee"}}
{"Timestamp":"2023-03-23T14:38:34.3595244+01:00","Level":"Information","MessageTemplate":"Entering {Method}","Properties":{"Method":"GetBarnOgPersonByFnr","SourceContext":"Birk.BarnAPI.Web.Endpoints.BarnEndpoints.GetBarnOgPersonByFnr","ActionId":"c5405220-add3-4f8d-b749-c09cbecdad24","ActionName":"Birk.BarnAPI.Web.Endpoints.BarnEndpoints.GetBarnOgPersonByFnr.HandleAsync (Birk.BarnAPI.Web)","RequestId":"0HMPAV9BTKUK7:00000002","RequestPath":"/BarnOgPersonByFnr/11111111110","ConnectionId":"0HMPAV9BTKUK7","ApplicationName":"Barn.Api","CorrelationId":"b5cde01b-f694-47c7-ba51-a151900ce616"}}
{"Timestamp":"2023-03-23T14:38:34.3635587+01:00","Level":"Information","MessageTemplate":"Executed DbCommand ({elapsed}ms) [Parameters=[{parameters}], CommandType='{commandType}', CommandTimeout='{commandTimeout}']{newLine}{commandText}","Properties":{"elapsed":"3","parameters":"@__fnr_0='?' (Size = 12) (DbType = AnsiString)","commandType":"Text","commandTimeout":30,"newLine":"\r\n","commandText":"SELECT TOP(1) [b].[BarnPK] AS [BarnPk], [b].[BarnTypeFK] AS [BarnTypeFk], [b].[BirkID] AS [BirkId], [b].[RegAv], [b].[RegDato], [b].[EndretAv], [b].[EndretDato], [p].[Fornavn], [p].[Etternavn], [p].[KjønnTypeFK] AS [KjønnTypeFk], [p].[Født], [p].[Fødselsnummer], [p].[Personnummer]\r\nFROM [Barn] AS [b]\r\nINNER JOIN [Person] AS [p] ON [b].[PersonFK] = [p].[PersonPK]\r\nWHERE [p].[Fødselsnummer] = @__fnr_0","EventId":{"Id":20101,"Name":"Microsoft.EntityFrameworkCore.Database.Command.CommandExecuted"},"SourceContext":"Microsoft.EntityFrameworkCore.Database.Command","ActionId":"c5405220-add3-4f8d-b749-c09cbecdad24","ActionName":"Birk.BarnAPI.Web.Endpoints.BarnEndpoints.GetBarnOgPersonByFnr.HandleAsync (Birk.BarnAPI.Web)","RequestId":"0HMPAV9BTKUK7:00000002","RequestPath":"/BarnOgPersonByFnr/11111111110","ConnectionId":"0HMPAV9BTKUK7","ApplicationName":"Barn.Api","CorrelationId":"b5cde01b-f694-47c7-ba51-a151900ce616"}}
{"Timestamp":"2023-03-23T14:39:12.1091427+01:00","Level":"Information","MessageTemplate":"Entering {Method}","Properties":{"Method":"GetBarnOgPersonByFnr","SourceContext":"Birk.BarnAPI.Web.Endpoints.BarnEndpoints.GetBarnOgPersonByFnr","ActionId":"c5405220-add3-4f8d-b749-c09cbecdad24","ActionName":"Birk.BarnAPI.Web.Endpoints.BarnEndpoints.GetBarnOgPersonByFnr.HandleAsync (Birk.BarnAPI.Web)","RequestId":"0HMPAV9BTKUK7:00000003","RequestPath":"/BarnOgPersonByFnr/11111111111","ConnectionId":"0HMPAV9BTKUK7","ApplicationName":"Barn.Api","CorrelationId":"d7a136df-4aae-4642-91e9-76222ae760e4"}}
{"Timestamp":"2023-03-23T14:39:12.1157992+01:00","Level":"Information","MessageTemplate":"Executed DbCommand ({elapsed}ms) [Parameters=[{parameters}], CommandType='{commandType}', CommandTimeout='{commandTimeout}']{newLine}{commandText}","Properties":{"elapsed":"5","parameters":"@__fnr_0='?' (Size = 12) (DbType = AnsiString)","commandType":"Text","commandTimeout":30,"newLine":"\r\n","commandText":"SELECT TOP(1) [b].[BarnPK] AS [BarnPk], [b].[BarnTypeFK] AS [BarnTypeFk], [b].[BirkID] AS [BirkId], [b].[RegAv], [b].[RegDato], [b].[EndretAv], [b].[EndretDato], [p].[Fornavn], [p].[Etternavn], [p].[KjønnTypeFK] AS [KjønnTypeFk], [p].[Født], [p].[Fødselsnummer], [p].[Personnummer]\r\nFROM [Barn] AS [b]\r\nINNER JOIN [Person] AS [p] ON [b].[PersonFK] = [p].[PersonPK]\r\nWHERE [p].[Fødselsnummer] = @__fnr_0","EventId":{"Id":20101,"Name":"Microsoft.EntityFrameworkCore.Database.Command.CommandExecuted"},"SourceContext":"Microsoft.EntityFrameworkCore.Database.Command","ActionId":"c5405220-add3-4f8d-b749-c09cbecdad24","ActionName":"Birk.BarnAPI.Web.Endpoints.BarnEndpoints.GetBarnOgPersonByFnr.HandleAsync (Birk.BarnAPI.Web)","RequestId":"0HMPAV9BTKUK7:00000003","RequestPath":"/BarnOgPersonByFnr/11111111111","ConnectionId":"0HMPAV9BTKUK7","ApplicationName":"Barn.Api","CorrelationId":"d7a136df-4aae-4642-91e9-76222ae760e4"}}
{"Timestamp":"2023-03-23T14:50:12.8750920+01:00","Level":"Information","MessageTemplate":"Entering {Method}","Properties":{"Method":"GetBarnOgPersonByFnr","SourceContext":"Birk.BarnAPI.Web.Endpoints.BarnEndpoints.GetBarnOgPersonByFnr","ActionId":"c5405220-add3-4f8d-b749-c09cbecdad24","ActionName":"Birk.BarnAPI.Web.Endpoints.BarnEndpoints.GetBarnOgPersonByFnr.HandleAsync (Birk.BarnAPI.Web)","RequestId":"0HMPAV9BTKUK8:00000001","RequestPath":"/BarnOgPersonByFnr/14011385754","ConnectionId":"0HMPAV9BTKUK8","ApplicationName":"Barn.Api","CorrelationId":"3e5d8477-8f92-4e30-b4a3-369fa8b24af2"}}
{"Timestamp":"2023-03-23T14:50:12.8930869+01:00","Level":"Information","MessageTemplate":"Executed DbCommand ({elapsed}ms) [Parameters=[{parameters}], CommandType='{commandType}', CommandTimeout='{commandTimeout}']{newLine}{commandText}","Properties":{"elapsed":"2","parameters":"@__fnr_0='?' (Size = 12) (DbType = AnsiString)","commandType":"Text","commandTimeout":30,"newLine":"\r\n","commandText":"SELECT TOP(1) [b].[BarnPK] AS [BarnPk], [b].[BarnTypeFK] AS [BarnTypeFk], [b].[BirkID] AS [BirkId], [b].[RegAv], [b].[RegDato], [b].[EndretAv], [b].[EndretDato], [p].[Fornavn], [p].[Etternavn], [p].[KjønnTypeFK] AS [KjønnTypeFk], [p].[Født], [p].[Fødselsnummer], [p].[Personnummer]\r\nFROM [Barn] AS [b]\r\nINNER JOIN [Person] AS [p] ON [b].[PersonFK] = [p].[PersonPK]\r\nWHERE [p].[Fødselsnummer] = @__fnr_0","EventId":{"Id":20101,"Name":"Microsoft.EntityFrameworkCore.Database.Command.CommandExecuted"},"SourceContext":"Microsoft.EntityFrameworkCore.Database.Command","ActionId":"c5405220-add3-4f8d-b749-c09cbecdad24","ActionName":"Birk.BarnAPI.Web.Endpoints.BarnEndpoints.GetBarnOgPersonByFnr.HandleAsync (Birk.BarnAPI.Web)","RequestId":"0HMPAV9BTKUK8:00000001","RequestPath":"/BarnOgPersonByFnr/14011385754","ConnectionId":"0HMPAV9BTKUK8","ApplicationName":"Barn.Api","CorrelationId":"3e5d8477-8f92-4e30-b4a3-369fa8b24af2"}}
{"Timestamp":"2023-03-23T14:50:26.5147176+01:00","Level":"Information","MessageTemplate":"Entering {Method}","Properties":{"Method":"GetBarnOgPersonByFnr","SourceContext":"Birk.BarnAPI.Web.Endpoints.BarnEndpoints.GetBarnOgPersonByFnr","ActionId":"c5405220-add3-4f8d-b749-c09cbecdad24","ActionName":"Birk.BarnAPI.Web.Endpoints.BarnEndpoints.GetBarnOgPersonByFnr.HandleAsync (Birk.BarnAPI.Web)","RequestId":"0HMPAV9BTKUK8:00000002","RequestPath":"/BarnOgPersonByFnr/14011385754","ConnectionId":"0HMPAV9BTKUK8","ApplicationName":"Barn.Api","CorrelationId":"56d1c9f3-5d1a-4316-aa4d-9f280695969e"}}
{"Timestamp":"2023-03-23T14:50:26.5192602+01:00","Level":"Information","MessageTemplate":"Executed DbCommand ({elapsed}ms) [Parameters=[{parameters}], CommandType='{commandType}', CommandTimeout='{commandTimeout}']{newLine}{commandText}","Properties":{"elapsed":"3","parameters":"@__fnr_0='?' (Size = 12) (DbType = AnsiString)","commandType":"Text","commandTimeout":30,"newLine":"\r\n","commandText":"SELECT TOP(1) [b].[BarnPK] AS [BarnPk], [b].[BarnTypeFK] AS [BarnTypeFk], [b].[BirkID] AS [BirkId], [b].[RegAv], [b].[RegDato], [b].[EndretAv], [b].[EndretDato], [p].[Fornavn], [p].[Etternavn], [p].[KjønnTypeFK] AS [KjønnTypeFk], [p].[Født], [p].[Fødselsnummer], [p].[Personnummer]\r\nFROM [Barn] AS [b]\r\nINNER JOIN [Person] AS [p] ON [b].[PersonFK] = [p].[PersonPK]\r\nWHERE [p].[Fødselsnummer] = @__fnr_0","EventId":{"Id":20101,"Name":"Microsoft.EntityFrameworkCore.Database.Command.CommandExecuted"},"SourceContext":"Microsoft.EntityFrameworkCore.Database.Command","ActionId":"c5405220-add3-4f8d-b749-c09cbecdad24","ActionName":"Birk.BarnAPI.Web.Endpoints.BarnEndpoints.GetBarnOgPersonByFnr.HandleAsync (Birk.BarnAPI.Web)","RequestId":"0HMPAV9BTKUK8:00000002","RequestPath":"/BarnOgPersonByFnr/14011385754","ConnectionId":"0HMPAV9BTKUK8","ApplicationName":"Barn.Api","CorrelationId":"56d1c9f3-5d1a-4316-aa4d-9f280695969e"}}
{"Timestamp":"2023-03-23T14:59:43.3064475+01:00","Level":"Information","MessageTemplate":"Entering {Method}","Properties":{"Method":"GetBarnOgPersonByFnr","SourceContext":"Birk.BarnAPI.Web.Endpoints.BarnEndpoints.GetBarnOgPersonByFnr","ActionId":"c5405220-add3-4f8d-b749-c09cbecdad24","ActionName":"Birk.BarnAPI.Web.Endpoints.BarnEndpoints.GetBarnOgPersonByFnr.HandleAsync (Birk.BarnAPI.Web)","RequestId":"0HMPAV9BTKUK9:00000001","RequestPath":"/BarnOgPersonByFnr/11111111111","ConnectionId":"0HMPAV9BTKUK9","ApplicationName":"Barn.Api","CorrelationId":"cf77a3ad-e19f-4c6c-b92e-f68af78c90e7"}}
{"Timestamp":"2023-03-23T14:59:43.3476540+01:00","Level":"Information","MessageTemplate":"Executed DbCommand ({elapsed}ms) [Parameters=[{parameters}], CommandType='{commandType}', CommandTimeout='{commandTimeout}']{newLine}{commandText}","Properties":{"elapsed":"3","parameters":"@__fnr_0='?' (Size = 12) (DbType = AnsiString)","commandType":"Text","commandTimeout":30,"newLine":"\r\n","commandText":"SELECT TOP(1) [b].[BarnPK] AS [BarnPk], [b].[BarnTypeFK] AS [BarnTypeFk], [b].[BirkID] AS [BirkId], [b].[RegAv], [b].[RegDato], [b].[EndretAv], [b].[EndretDato], [p].[Fornavn], [p].[Etternavn], [p].[KjønnTypeFK] AS [KjønnTypeFk], [p].[Født], [p].[Fødselsnummer], [p].[Personnummer]\r\nFROM [Barn] AS [b]\r\nINNER JOIN [Person] AS [p] ON [b].[PersonFK] = [p].[PersonPK]\r\nWHERE [p].[Fødselsnummer] = @__fnr_0","EventId":{"Id":20101,"Name":"Microsoft.EntityFrameworkCore.Database.Command.CommandExecuted"},"SourceContext":"Microsoft.EntityFrameworkCore.Database.Command","ActionId":"c5405220-add3-4f8d-b749-c09cbecdad24","ActionName":"Birk.BarnAPI.Web.Endpoints.BarnEndpoints.GetBarnOgPersonByFnr.HandleAsync (Birk.BarnAPI.Web)","RequestId":"0HMPAV9BTKUK9:00000001","RequestPath":"/BarnOgPersonByFnr/11111111111","ConnectionId":"0HMPAV9BTKUK9","ApplicationName":"Barn.Api","CorrelationId":"cf77a3ad-e19f-4c6c-b92e-f68af78c90e7"}}
{"Timestamp":"2023-03-23T14:59:46.8929990+01:00","Level":"Information","MessageTemplate":"Entering {Method}","Properties":{"Method":"GetBarnOgPersonByFnr","SourceContext":"Birk.BarnAPI.Web.Endpoints.BarnEndpoints.GetBarnOgPersonByFnr","ActionId":"c5405220-add3-4f8d-b749-c09cbecdad24","ActionName":"Birk.BarnAPI.Web.Endpoints.BarnEndpoints.GetBarnOgPersonByFnr.HandleAsync (Birk.BarnAPI.Web)","RequestId":"0HMPAV9BTKUK9:00000002","RequestPath":"/BarnOgPersonByFnr/11111111110","ConnectionId":"0HMPAV9BTKUK9","ApplicationName":"Barn.Api","CorrelationId":"2d1922e4-3dea-4708-9db7-67d79bf23c66"}}
{"Timestamp":"2023-03-23T14:59:46.8962231+01:00","Level":"Information","MessageTemplate":"Executed DbCommand ({elapsed}ms) [Parameters=[{parameters}], CommandType='{commandType}', CommandTimeout='{commandTimeout}']{newLine}{commandText}","Properties":{"elapsed":"2","parameters":"@__fnr_0='?' (Size = 12) (DbType = AnsiString)","commandType":"Text","commandTimeout":30,"newLine":"\r\n","commandText":"SELECT TOP(1) [b].[BarnPK] AS [BarnPk], [b].[BarnTypeFK] AS [BarnTypeFk], [b].[BirkID] AS [BirkId], [b].[RegAv], [b].[RegDato], [b].[EndretAv], [b].[EndretDato], [p].[Fornavn], [p].[Etternavn], [p].[KjønnTypeFK] AS [KjønnTypeFk], [p].[Født], [p].[Fødselsnummer], [p].[Personnummer]\r\nFROM [Barn] AS [b]\r\nINNER JOIN [Person] AS [p] ON [b].[PersonFK] = [p].[PersonPK]\r\nWHERE [p].[Fødselsnummer] = @__fnr_0","EventId":{"Id":20101,"Name":"Microsoft.EntityFrameworkCore.Database.Command.CommandExecuted"},"SourceContext":"Microsoft.EntityFrameworkCore.Database.Command","ActionId":"c5405220-add3-4f8d-b749-c09cbecdad24","ActionName":"Birk.BarnAPI.Web.Endpoints.BarnEndpoints.GetBarnOgPersonByFnr.HandleAsync (Birk.BarnAPI.Web)","RequestId":"0HMPAV9BTKUK9:00000002","RequestPath":"/BarnOgPersonByFnr/11111111110","ConnectionId":"0HMPAV9BTKUK9","ApplicationName":"Barn.Api","CorrelationId":"2d1922e4-3dea-4708-9db7-67d79bf23c66"}}
{"Timestamp":"2023-03-23T14:59:49.0013717+01:00","Level":"Information","MessageTemplate":"Entering {Method}","Properties":{"Method":"GetBarnOgPersonByFnr","SourceContext":"Birk.BarnAPI.Web.Endpoints.BarnEndpoints.GetBarnOgPersonByFnr","ActionId":"c5405220-add3-4f8d-b749-c09cbecdad24","ActionName":"Birk.BarnAPI.Web.Endpoints.BarnEndpoints.GetBarnOgPersonByFnr.HandleAsync (Birk.BarnAPI.Web)","RequestId":"0HMPAV9BTKUK9:00000003","RequestPath":"/BarnOgPersonByFnr/11111111110","ConnectionId":"0HMPAV9BTKUK9","ApplicationName":"Barn.Api","CorrelationId":"b0e0203f-049b-4577-acfe-c20342c5fc80"}}
{"Timestamp":"2023-03-23T14:59:49.0056981+01:00","Level":"Information","MessageTemplate":"Executed DbCommand ({elapsed}ms) [Parameters=[{parameters}], CommandType='{commandType}', CommandTimeout='{commandTimeout}']{newLine}{commandText}","Properties":{"elapsed":"3","parameters":"@__fnr_0='?' (Size = 12) (DbType = AnsiString)","commandType":"Text","commandTimeout":30,"newLine":"\r\n","commandText":"SELECT TOP(1) [b].[BarnPK] AS [BarnPk], [b].[BarnTypeFK] AS [BarnTypeFk], [b].[BirkID] AS [BirkId], [b].[RegAv], [b].[RegDato], [b].[EndretAv], [b].[EndretDato], [p].[Fornavn], [p].[Etternavn], [p].[KjønnTypeFK] AS [KjønnTypeFk], [p].[Født], [p].[Fødselsnummer], [p].[Personnummer]\r\nFROM [Barn] AS [b]\r\nINNER JOIN [Person] AS [p] ON [b].[PersonFK] = [p].[PersonPK]\r\nWHERE [p].[Fødselsnummer] = @__fnr_0","EventId":{"Id":20101,"Name":"Microsoft.EntityFrameworkCore.Database.Command.CommandExecuted"},"SourceContext":"Microsoft.EntityFrameworkCore.Database.Command","ActionId":"c5405220-add3-4f8d-b749-c09cbecdad24","ActionName":"Birk.BarnAPI.Web.Endpoints.BarnEndpoints.GetBarnOgPersonByFnr.HandleAsync (Birk.BarnAPI.Web)","RequestId":"0HMPAV9BTKUK9:00000003","RequestPath":"/BarnOgPersonByFnr/11111111110","ConnectionId":"0HMPAV9BTKUK9","ApplicationName":"Barn.Api","CorrelationId":"b0e0203f-049b-4577-acfe-c20342c5fc80"}}
{"Timestamp":"2023-03-23T15:02:58.4933149+01:00","Level":"Information","MessageTemplate":"Entering {Method}","Properties":{"Method":"GetBarnOgPersonByFnr","SourceContext":"Birk.BarnAPI.Web.Endpoints.BarnEndpoints.GetBarnOgPersonByFnr","ActionId":"c5405220-add3-4f8d-b749-c09cbecdad24","ActionName":"Birk.BarnAPI.Web.Endpoints.BarnEndpoints.GetBarnOgPersonByFnr.HandleAsync (Birk.BarnAPI.Web)","RequestId":"0HMPAV9BTKUKA:00000001","RequestPath":"/BarnOgPersonByFnr/11111111111","ConnectionId":"0HMPAV9BTKUKA","ApplicationName":"Barn.Api","CorrelationId":"ef3423bb-cb05-4ef1-9282-672dfa8e07a3"}}
{"Timestamp":"2023-03-23T15:02:58.5033184+01:00","Level":"Information","MessageTemplate":"Executed DbCommand ({elapsed}ms) [Parameters=[{parameters}], CommandType='{commandType}', CommandTimeout='{commandTimeout}']{newLine}{commandText}","Properties":{"elapsed":"8","parameters":"@__fnr_0='?' (Size = 12) (DbType = AnsiString)","commandType":"Text","commandTimeout":30,"newLine":"\r\n","commandText":"SELECT TOP(1) [b].[BarnPK] AS [BarnPk], [b].[BarnTypeFK] AS [BarnTypeFk], [b].[BirkID] AS [BirkId], [b].[RegAv], [b].[RegDato], [b].[EndretAv], [b].[EndretDato], [p].[Fornavn], [p].[Etternavn], [p].[KjønnTypeFK] AS [KjønnTypeFk], [p].[Født], [p].[Fødselsnummer], [p].[Personnummer]\r\nFROM [Barn] AS [b]\r\nINNER JOIN [Person] AS [p] ON [b].[PersonFK] = [p].[PersonPK]\r\nWHERE [p].[Fødselsnummer] = @__fnr_0","EventId":{"Id":20101,"Name":"Microsoft.EntityFrameworkCore.Database.Command.CommandExecuted"},"SourceContext":"Microsoft.EntityFrameworkCore.Database.Command","ActionId":"c5405220-add3-4f8d-b749-c09cbecdad24","ActionName":"Birk.BarnAPI.Web.Endpoints.BarnEndpoints.GetBarnOgPersonByFnr.HandleAsync (Birk.BarnAPI.Web)","RequestId":"0HMPAV9BTKUKA:00000001","RequestPath":"/BarnOgPersonByFnr/11111111111","ConnectionId":"0HMPAV9BTKUKA","ApplicationName":"Barn.Api","CorrelationId":"ef3423bb-cb05-4ef1-9282-672dfa8e07a3"}}
{"Timestamp":"2023-03-23T15:07:03.4676238+01:00","Level":"Information","MessageTemplate":"Entering {Method}","Properties":{"Method":"GetBarnOgPersonByFnr","SourceContext":"Birk.BarnAPI.Web.Endpoints.BarnEndpoints.GetBarnOgPersonByFnr","ActionId":"c5405220-add3-4f8d-b749-c09cbecdad24","ActionName":"Birk.BarnAPI.Web.Endpoints.BarnEndpoints.GetBarnOgPersonByFnr.HandleAsync (Birk.BarnAPI.Web)","RequestId":"0HMPAV9BTKUKB:00000001","RequestPath":"/BarnOgPersonByFnr/11111111111","ConnectionId":"0HMPAV9BTKUKB","ApplicationName":"Barn.Api","CorrelationId":"135c2406-d90a-4966-b742-6c41503ebcc9"}}
{"Timestamp":"2023-03-23T15:07:03.4930661+01:00","Level":"Information","MessageTemplate":"Executed DbCommand ({elapsed}ms) [Parameters=[{parameters}], CommandType='{commandType}', CommandTimeout='{commandTimeout}']{newLine}{commandText}","Properties":{"elapsed":"4","parameters":"@__fnr_0='?' (Size = 12) (DbType = AnsiString)","commandType":"Text","commandTimeout":30,"newLine":"\r\n","commandText":"SELECT TOP(1) [b].[BarnPK] AS [BarnPk], [b].[BarnTypeFK] AS [BarnTypeFk], [b].[BirkID] AS [BirkId], [b].[RegAv], [b].[RegDato], [b].[EndretAv], [b].[EndretDato], [p].[Fornavn], [p].[Etternavn], [p].[KjønnTypeFK] AS [KjønnTypeFk], [p].[Født], [p].[Fødselsnummer], [p].[Personnummer]\r\nFROM [Barn] AS [b]\r\nINNER JOIN [Person] AS [p] ON [b].[PersonFK] = [p].[PersonPK]\r\nWHERE [p].[Fødselsnummer] = @__fnr_0","EventId":{"Id":20101,"Name":"Microsoft.EntityFrameworkCore.Database.Command.CommandExecuted"},"SourceContext":"Microsoft.EntityFrameworkCore.Database.Command","ActionId":"c5405220-add3-4f8d-b749-c09cbecdad24","ActionName":"Birk.BarnAPI.Web.Endpoints.BarnEndpoints.GetBarnOgPersonByFnr.HandleAsync (Birk.BarnAPI.Web)","RequestId":"0HMPAV9BTKUKB:00000001","RequestPath":"/BarnOgPersonByFnr/11111111111","ConnectionId":"0HMPAV9BTKUKB","ApplicationName":"Barn.Api","CorrelationId":"135c2406-d90a-4966-b742-6c41503ebcc9"}}
{"Timestamp":"2023-03-23T15:07:27.2935492+01:00","Level":"Information","MessageTemplate":"Entering {Method}","Properties":{"Method":"GetBarnOgPersonByFnr","SourceContext":"Birk.BarnAPI.Web.Endpoints.BarnEndpoints.GetBarnOgPersonByFnr","ActionId":"c5405220-add3-4f8d-b749-c09cbecdad24","ActionName":"Birk.BarnAPI.Web.Endpoints.BarnEndpoints.GetBarnOgPersonByFnr.HandleAsync (Birk.BarnAPI.Web)","RequestId":"0HMPAV9BTKUKB:00000002","RequestPath":"/BarnOgPersonByFnr/14011385754","ConnectionId":"0HMPAV9BTKUKB","ApplicationName":"Barn.Api","CorrelationId":"3c83e46d-0d4e-42cf-abdf-7c5cd3c79280"}}
{"Timestamp":"2023-03-23T15:07:27.3017088+01:00","Level":"Information","MessageTemplate":"Executed DbCommand ({elapsed}ms) [Parameters=[{parameters}], CommandType='{commandType}', CommandTimeout='{commandTimeout}']{newLine}{commandText}","Properties":{"elapsed":"7","parameters":"@__fnr_0='?' (Size = 12) (DbType = AnsiString)","commandType":"Text","commandTimeout":30,"newLine":"\r\n","commandText":"SELECT TOP(1) [b].[BarnPK] AS [BarnPk], [b].[BarnTypeFK] AS [BarnTypeFk], [b].[BirkID] AS [BirkId], [b].[RegAv], [b].[RegDato], [b].[EndretAv], [b].[EndretDato], [p].[Fornavn], [p].[Etternavn], [p].[KjønnTypeFK] AS [KjønnTypeFk], [p].[Født], [p].[Fødselsnummer], [p].[Personnummer]\r\nFROM [Barn] AS [b]\r\nINNER JOIN [Person] AS [p] ON [b].[PersonFK] = [p].[PersonPK]\r\nWHERE [p].[Fødselsnummer] = @__fnr_0","EventId":{"Id":20101,"Name":"Microsoft.EntityFrameworkCore.Database.Command.CommandExecuted"},"SourceContext":"Microsoft.EntityFrameworkCore.Database.Command","ActionId":"c5405220-add3-4f8d-b749-c09cbecdad24","ActionName":"Birk.BarnAPI.Web.Endpoints.BarnEndpoints.GetBarnOgPersonByFnr.HandleAsync (Birk.BarnAPI.Web)","RequestId":"0HMPAV9BTKUKB:00000002","RequestPath":"/BarnOgPersonByFnr/14011385754","ConnectionId":"0HMPAV9BTKUKB","ApplicationName":"Barn.Api","CorrelationId":"3c83e46d-0d4e-42cf-abdf-7c5cd3c79280"}}
{"Timestamp":"2023-03-23T15:10:25.8233572+01:00","Level":"Information","MessageTemplate":"Entering {Method}","Properties":{"Method":"GetBarnOgPersonByFnr","SourceContext":"Birk.BarnAPI.Web.Endpoints.BarnEndpoints.GetBarnOgPersonByFnr","ActionId":"c5405220-add3-4f8d-b749-c09cbecdad24","ActionName":"Birk.BarnAPI.Web.Endpoints.BarnEndpoints.GetBarnOgPersonByFnr.HandleAsync (Birk.BarnAPI.Web)","RequestId":"0HMPAV9BTKUKC:00000001","RequestPath":"/BarnOgPersonByFnr/14011385754","ConnectionId":"0HMPAV9BTKUKC","ApplicationName":"Barn.Api","CorrelationId":"74fe3e49-1e4a-4995-9898-688a3663691b"}}
{"Timestamp":"2023-03-23T15:10:25.8275205+01:00","Level":"Information","MessageTemplate":"Executed DbCommand ({elapsed}ms) [Parameters=[{parameters}], CommandType='{commandType}', CommandTimeout='{commandTimeout}']{newLine}{commandText}","Properties":{"elapsed":"2","parameters":"@__fnr_0='?' (Size = 12) (DbType = AnsiString)","commandType":"Text","commandTimeout":30,"newLine":"\r\n","commandText":"SELECT TOP(1) [b].[BarnPK] AS [BarnPk], [b].[BarnTypeFK] AS [BarnTypeFk], [b].[BirkID] AS [BirkId], [b].[RegAv], [b].[RegDato], [b].[EndretAv], [b].[EndretDato], [p].[Fornavn], [p].[Etternavn], [p].[KjønnTypeFK] AS [KjønnTypeFk], [p].[Født], [p].[Fødselsnummer], [p].[Personnummer]\r\nFROM [Barn] AS [b]\r\nINNER JOIN [Person] AS [p] ON [b].[PersonFK] = [p].[PersonPK]\r\nWHERE [p].[Fødselsnummer] = @__fnr_0","EventId":{"Id":20101,"Name":"Microsoft.EntityFrameworkCore.Database.Command.CommandExecuted"},"SourceContext":"Microsoft.EntityFrameworkCore.Database.Command","ActionId":"c5405220-add3-4f8d-b749-c09cbecdad24","ActionName":"Birk.BarnAPI.Web.Endpoints.BarnEndpoints.GetBarnOgPersonByFnr.HandleAsync (Birk.BarnAPI.Web)","RequestId":"0HMPAV9BTKUKC:00000001","RequestPath":"/BarnOgPersonByFnr/14011385754","ConnectionId":"0HMPAV9BTKUKC","ApplicationName":"Barn.Api","CorrelationId":"74fe3e49-1e4a-4995-9898-688a3663691b"}}
{"Timestamp":"2023-03-23T15:54:34.4257115+01:00","Level":"Information","MessageTemplate":"Now listening on: {address}","Properties":{"address":"https://localhost:7040","EventId":{"Id":14,"Name":"ListeningOnAddress"},"SourceContext":"Microsoft.Hosting.Lifetime","ApplicationName":"Barn.Api"}}
{"Timestamp":"2023-03-23T15:54:34.4574544+01:00","Level":"Information","MessageTemplate":"Now listening on: {address}","Properties":{"address":"http://localhost:5152","EventId":{"Id":14,"Name":"ListeningOnAddress"},"SourceContext":"Microsoft.Hosting.Lifetime","ApplicationName":"Barn.Api"}}
{"Timestamp":"2023-03-23T15:54:34.4587530+01:00","Level":"Information","MessageTemplate":"Application started. Press Ctrl+C to shut down.","Properties":{"SourceContext":"Microsoft.Hosting.Lifetime","ApplicationName":"Barn.Api"}}
{"Timestamp":"2023-03-23T15:54:34.4589434+01:00","Level":"Information","MessageTemplate":"Hosting environment: {EnvName}","Properties":{"EnvName":"Development","SourceContext":"Microsoft.Hosting.Lifetime","ApplicationName":"Barn.Api"}}
{"Timestamp":"2023-03-23T15:54:34.4590069+01:00","Level":"Information","MessageTemplate":"Content root path: {ContentRoot}","Properties":{"ContentRoot":"C:\\Repos\\Birk.Barn.API\\Birk.BarnAPI","SourceContext":"Microsoft.Hosting.Lifetime","ApplicationName":"Barn.Api"}}
{"Timestamp":"2023-03-23T15:54:59.3503325+01:00","Level":"Information","MessageTemplate":"Entering {Method}","Properties":{"Method":"GetBarnOgPersonByFnr","SourceContext":"Birk.BarnAPI.Web.Endpoints.BarnEndpoints.GetBarnOgPersonByFnr","ActionId":"3481b464-6ce0-4183-9fc4-4bd8b6f32ac1","ActionName":"Birk.BarnAPI.Web.Endpoints.BarnEndpoints.GetBarnOgPersonByFnr.HandleAsync (Birk.BarnAPI.Web)","RequestId":"0HMPBLQ2322CA:00000001","RequestPath":"/BarnOgPersonByFnr/14011385754","ConnectionId":"0HMPBLQ2322CA","ApplicationName":"Barn.Api","CorrelationId":"14d804fc-27ef-44a2-ae4d-ac8f76b6c531"}}
{"Timestamp":"2023-03-23T15:55:00.8510460+01:00","Level":"Information","MessageTemplate":"Executed DbCommand ({elapsed}ms) [Parameters=[{parameters}], CommandType='{commandType}', CommandTimeout='{commandTimeout}']{newLine}{commandText}","Properties":{"elapsed":"53","parameters":"@__fnr_0='?' (Size = 12) (DbType = AnsiString)","commandType":"Text","commandTimeout":30,"newLine":"\r\n","commandText":"SELECT TOP(1) [b].[BarnPK] AS [BarnPk], [b].[BarnTypeFK] AS [BarnTypeFk], [b].[BirkID] AS [BirkId], [b].[RegAv], [b].[RegDato], [b].[EndretAv], [b].[EndretDato], [p].[Fornavn], [p].[Etternavn], [p].[KjønnTypeFK] AS [KjønnTypeFk], [p].[Født], [p].[Fødselsnummer], [p].[Personnummer]\r\nFROM [Barn] AS [b]\r\nINNER JOIN [Person] AS [p] ON [b].[PersonFK] = [p].[PersonPK]\r\nWHERE [p].[Fødselsnummer] = @__fnr_0","EventId":{"Id":20101,"Name":"Microsoft.EntityFrameworkCore.Database.Command.CommandExecuted"},"SourceContext":"Microsoft.EntityFrameworkCore.Database.Command","ActionId":"3481b464-6ce0-4183-9fc4-4bd8b6f32ac1","ActionName":"Birk.BarnAPI.Web.Endpoints.BarnEndpoints.GetBarnOgPersonByFnr.HandleAsync (Birk.BarnAPI.Web)","RequestId":"0HMPBLQ2322CA:00000001","RequestPath":"/BarnOgPersonByFnr/14011385754","ConnectionId":"0HMPBLQ2322CA","ApplicationName":"Barn.Api","CorrelationId":"14d804fc-27ef-44a2-ae4d-ac8f76b6c531"}}
{"Timestamp":"2023-03-23T16:23:48.5162234+01:00","Level":"Information","MessageTemplate":"Entering {Method}","Properties":{"Method":"GetBarnOgPersonByFnr","SourceContext":"Birk.BarnAPI.Web.Endpoints.BarnEndpoints.GetBarnOgPersonByFnr","ActionId":"3481b464-6ce0-4183-9fc4-4bd8b6f32ac1","ActionName":"Birk.BarnAPI.Web.Endpoints.BarnEndpoints.GetBarnOgPersonByFnr.HandleAsync (Birk.BarnAPI.Web)","RequestId":"0HMPBLQ2322CB:00000001","RequestPath":"/BarnOgPersonByFnr/11111111111","ConnectionId":"0HMPBLQ2322CB","ApplicationName":"Barn.Api","CorrelationId":"52deb6e4-857f-4c38-abd5-0c4269cd91e6"}}
{"Timestamp":"2023-03-23T16:23:48.5819513+01:00","Level":"Information","MessageTemplate":"Executed DbCommand ({elapsed}ms) [Parameters=[{parameters}], CommandType='{commandType}', CommandTimeout='{commandTimeout}']{newLine}{commandText}","Properties":{"elapsed":"3","parameters":"@__fnr_0='?' (Size = 12) (DbType = AnsiString)","commandType":"Text","commandTimeout":30,"newLine":"\r\n","commandText":"SELECT TOP(1) [b].[BarnPK] AS [BarnPk], [b].[BarnTypeFK] AS [BarnTypeFk], [b].[BirkID] AS [BirkId], [b].[RegAv], [b].[RegDato], [b].[EndretAv], [b].[EndretDato], [p].[Fornavn], [p].[Etternavn], [p].[KjønnTypeFK] AS [KjønnTypeFk], [p].[Født], [p].[Fødselsnummer], [p].[Personnummer]\r\nFROM [Barn] AS [b]\r\nINNER JOIN [Person] AS [p] ON [b].[PersonFK] = [p].[PersonPK]\r\nWHERE [p].[Fødselsnummer] = @__fnr_0","EventId":{"Id":20101,"Name":"Microsoft.EntityFrameworkCore.Database.Command.CommandExecuted"},"SourceContext":"Microsoft.EntityFrameworkCore.Database.Command","ActionId":"3481b464-6ce0-4183-9fc4-4bd8b6f32ac1","ActionName":"Birk.BarnAPI.Web.Endpoints.BarnEndpoints.GetBarnOgPersonByFnr.HandleAsync (Birk.BarnAPI.Web)","RequestId":"0HMPBLQ2322CB:00000001","RequestPath":"/BarnOgPersonByFnr/11111111111","ConnectionId":"0HMPBLQ2322CB","ApplicationName":"Barn.Api","CorrelationId":"52deb6e4-857f-4c38-abd5-0c4269cd91e6"}}
