{"Timestamp":"2023-02-06T20:53:56.8134935+01:00","Level":"Information","MessageTemplate":"Now listening on: {address}","Properties":{"address":"https://localhost:7040","EventId":{"Id":14,"Name":"ListeningOnAddress"},"SourceContext":"Microsoft.Hosting.Lifetime","ApplicationName":"Barn.Api"}}
{"Timestamp":"2023-02-06T20:53:56.8863511+01:00","Level":"Information","MessageTemplate":"Now listening on: {address}","Properties":{"address":"http://localhost:5152","EventId":{"Id":14,"Name":"ListeningOnAddress"},"SourceContext":"Microsoft.Hosting.Lifetime","ApplicationName":"Barn.Api"}}
{"Timestamp":"2023-02-06T20:53:56.8939006+01:00","Level":"Information","MessageTemplate":"Application started. Press Ctrl+C to shut down.","Properties":{"SourceContext":"Microsoft.Hosting.Lifetime","ApplicationName":"Barn.Api"}}
{"Timestamp":"2023-02-06T20:53:56.8942499+01:00","Level":"Information","MessageTemplate":"Hosting environment: {EnvName}","Properties":{"EnvName":"Development","SourceContext":"Microsoft.Hosting.Lifetime","ApplicationName":"Barn.Api"}}
{"Timestamp":"2023-02-06T20:53:56.8943317+01:00","Level":"Information","MessageTemplate":"Content root path: {ContentRoot}","Properties":{"ContentRoot":"C:\\Repos\\Birk.Barn.API\\Birk.BarnAPI","SourceContext":"Microsoft.Hosting.Lifetime","ApplicationName":"Barn.Api"}}
{"Timestamp":"2023-02-06T20:54:10.3726064+01:00","Level":"Information","MessageTemplate":"Entering {Method}","Properties":{"Method":"{ App = Api, Name = Endpoint }","SourceContext":"Birk.BarnAPI.Web.Endpoints.BarnEndpoints.GetBarnByPk","ActionId":"cd82cf6e-b57a-4117-9c33-e7ba77388d24","ActionName":"Birk.BarnAPI.Web.Endpoints.BarnEndpoints.GetBarnByPk.HandleAsync (Birk.BarnAPI.Web)","RequestId":"0HMO8FFGVO5HT:00000007","RequestPath":"/Barn/3","ConnectionId":"0HMO8FFGVO5HT","ApplicationName":"Barn.Api","CorrelationId":"c749535b-74cf-41a8-99e0-ae6d44ae26a3"}}
{"Timestamp":"2023-02-06T20:54:13.1766270+01:00","Level":"Information","MessageTemplate":"Executed DbCommand ({elapsed}ms) [Parameters=[{parameters}], CommandType='{commandType}', CommandTimeout='{commandTimeout}']{newLine}{commandText}","Properties":{"elapsed":"130","parameters":"@__barnPk_0='?' (DbType = Int32)","commandType":"Text","commandTimeout":30,"newLine":"\r\n","commandText":"SELECT TOP(1) [b].[BarnPK], [b].[Agressonummer], [b].[Anonymisert], [b].[AntallAktiveTiltak], [b].[BarnStatusEndretDato], [b].[BarnStatusTypeFK], [b].[BarnTypeFK], [b].[BarnetBeherskerEngelsk], [b].[BarnetErForsvunnet], [b].[BarnetTrengerTolk], [b].[BarnetsKommunalePersonId], [b].[BarnetsSpråkFK], [b].[BirkID], [b].[BirkidSeq], [b].[BirkidÅr], [b].[Duplikat], [b].[EndretAv], [b].[EndretDato], [b].[ErArbeidssøker], [b].[ErAsylsøker], [b].[ErEnsligMindreårig], [b].[EtnisitetAnnet], [b].[EtnisitetMerknad], [b].[EtnisitetTypeFK], [b].[EtnisitetViktig], [b].[FlyktningFraDato], [b].[FolkeGruppeTypeFK], [b].[ForeldreBeherskerEngelsk], [b].[ForeldreTrengerTolk], [b].[HjemmespråkAnnet], [b].[HjemmespråkFK], [b].[Invandrerbakgrunn], [b].[NasjonalitetTypeFK], [b].[OpprinnelseslandTypeFK], [b].[PersonFK], [b].[refBirkID], [b].[RefOdaBarnNr], [b].[refOdanr], [b].[RegAv], [b].[RegDato], [b].[ReligionAnnet], [b].[ReligionMerknad], [b].[ReligionTypeFK], [b].[ReligionViktig], [b].[Sikkerhetsnivå], [b].[SpråkLandMerknad], [b].[StatborgerskapTypeFK], [b].[Termin], [b].[TrosamfunnAnnet], [b].[TrosamfunnFK], [b].[VerdensdelTypeFK], [b].[VerdensregionTypeFK]\r\nFROM [Barn] AS [b]\r\nWHERE [b].[BarnPK] = @__barnPk_0","EventId":{"Id":20101,"Name":"Microsoft.EntityFrameworkCore.Database.Command.CommandExecuted"},"SourceContext":"Microsoft.EntityFrameworkCore.Database.Command","ActionId":"cd82cf6e-b57a-4117-9c33-e7ba77388d24","ActionName":"Birk.BarnAPI.Web.Endpoints.BarnEndpoints.GetBarnByPk.HandleAsync (Birk.BarnAPI.Web)","RequestId":"0HMO8FFGVO5HT:00000007","RequestPath":"/Barn/3","ConnectionId":"0HMO8FFGVO5HT","ApplicationName":"Barn.Api","CorrelationId":"c749535b-74cf-41a8-99e0-ae6d44ae26a3"}}
{"Timestamp":"2023-02-06T21:19:15.5563013+01:00","Level":"Information","MessageTemplate":"Now listening on: {address}","Properties":{"address":"https://localhost:7040","EventId":{"Id":14,"Name":"ListeningOnAddress"},"SourceContext":"Microsoft.Hosting.Lifetime","ApplicationName":"Barn.Api"}}
{"Timestamp":"2023-02-06T21:19:15.6127452+01:00","Level":"Information","MessageTemplate":"Now listening on: {address}","Properties":{"address":"http://localhost:5152","EventId":{"Id":14,"Name":"ListeningOnAddress"},"SourceContext":"Microsoft.Hosting.Lifetime","ApplicationName":"Barn.Api"}}
{"Timestamp":"2023-02-06T21:19:15.6149294+01:00","Level":"Information","MessageTemplate":"Application started. Press Ctrl+C to shut down.","Properties":{"SourceContext":"Microsoft.Hosting.Lifetime","ApplicationName":"Barn.Api"}}
{"Timestamp":"2023-02-06T21:19:15.6151902+01:00","Level":"Information","MessageTemplate":"Hosting environment: {EnvName}","Properties":{"EnvName":"Development","SourceContext":"Microsoft.Hosting.Lifetime","ApplicationName":"Barn.Api"}}
{"Timestamp":"2023-02-06T21:19:15.6153174+01:00","Level":"Information","MessageTemplate":"Content root path: {ContentRoot}","Properties":{"ContentRoot":"C:\\Repos\\Birk.Barn.API\\Birk.BarnAPI","SourceContext":"Microsoft.Hosting.Lifetime","ApplicationName":"Barn.Api"}}
