{"Timestamp":"2023-03-22T00:10:15.8430361+01:00","Level":"Information","MessageTemplate":"Entering {Method}","Properties":{"Method":"GetBarnOgPersonByFnr","SourceContext":"Birk.BarnAPI.Web.Endpoints.BarnEndpoints.GetBarnOgPersonByFnr","ActionId":"8db693bc-d095-43ba-a332-2e41bc198dfd","ActionName":"Birk.BarnAPI.Web.Endpoints.BarnEndpoints.GetBarnOgPersonByFnr.HandleAsync (Birk.BarnAPI.Web)","RequestId":"0HMPA9GUJ0BKD:00000001","RequestPath":"/BarnOgPersonByFnr/14011385754","ConnectionId":"0HMPA9GUJ0BKD","ApplicationName":"Barn.Api","CorrelationId":"df4b028b-35f2-4cc1-aa12-1aff1d2408ec"}}
{"Timestamp":"2023-03-22T00:10:15.9797522+01:00","Level":"Information","MessageTemplate":"Executed DbCommand ({elapsed}ms) [Parameters=[{parameters}], CommandType='{commandType}', CommandTimeout='{commandTimeout}']{newLine}{commandText}","Properties":{"elapsed":"4","parameters":"@__fnr_0='?' (Size = 12) (DbType = AnsiString)","commandType":"Text","commandTimeout":30,"newLine":"\r\n","commandText":"SELECT TOP(1) [b].[BarnPK] AS [BarnPk], [b].[BarnTypeFK] AS [BarnTypeFk], [b].[BirkID] AS [BirkId], [b].[RegAv], [b].[RegDato], [b].[EndretAv], [b].[EndretDato], [p].[Fornavn], [p].[Etternavn], [p].[KjønnTypeFK] AS [KjønnTypeFk], [p].[Født], [p].[Fødselsnummer], [p].[Personnummer]\r\nFROM [Barn] AS [b]\r\nINNER JOIN [Person] AS [p] ON [b].[PersonFK] = [p].[PersonPK]\r\nWHERE [p].[Fødselsnummer] = @__fnr_0","EventId":{"Id":20101,"Name":"Microsoft.EntityFrameworkCore.Database.Command.CommandExecuted"},"SourceContext":"Microsoft.EntityFrameworkCore.Database.Command","ActionId":"8db693bc-d095-43ba-a332-2e41bc198dfd","ActionName":"Birk.BarnAPI.Web.Endpoints.BarnEndpoints.GetBarnOgPersonByFnr.HandleAsync (Birk.BarnAPI.Web)","RequestId":"0HMPA9GUJ0BKD:00000001","RequestPath":"/BarnOgPersonByFnr/14011385754","ConnectionId":"0HMPA9GUJ0BKD","ApplicationName":"Barn.Api","CorrelationId":"df4b028b-35f2-4cc1-aa12-1aff1d2408ec"}}
{"Timestamp":"2023-03-22T00:16:21.9793583+01:00","Level":"Information","MessageTemplate":"Entering {Method}","Properties":{"Method":"GetBarnOgPersonByFnr","SourceContext":"Birk.BarnAPI.Web.Endpoints.BarnEndpoints.GetBarnOgPersonByFnr","ActionId":"8db693bc-d095-43ba-a332-2e41bc198dfd","ActionName":"Birk.BarnAPI.Web.Endpoints.BarnEndpoints.GetBarnOgPersonByFnr.HandleAsync (Birk.BarnAPI.Web)","RequestId":"0HMPA9GUJ0BKE:00000001","RequestPath":"/BarnOgPersonByFnr/14011385754","ConnectionId":"0HMPA9GUJ0BKE","ApplicationName":"Barn.Api","CorrelationId":"1e924cf8-53ca-4c09-8cc8-7f2fa8a9625e"}}
{"Timestamp":"2023-03-22T00:16:21.9857588+01:00","Level":"Information","MessageTemplate":"Executed DbCommand ({elapsed}ms) [Parameters=[{parameters}], CommandType='{commandType}', CommandTimeout='{commandTimeout}']{newLine}{commandText}","Properties":{"elapsed":"3","parameters":"@__fnr_0='?' (Size = 12) (DbType = AnsiString)","commandType":"Text","commandTimeout":30,"newLine":"\r\n","commandText":"SELECT TOP(1) [b].[BarnPK] AS [BarnPk], [b].[BarnTypeFK] AS [BarnTypeFk], [b].[BirkID] AS [BirkId], [b].[RegAv], [b].[RegDato], [b].[EndretAv], [b].[EndretDato], [p].[Fornavn], [p].[Etternavn], [p].[KjønnTypeFK] AS [KjønnTypeFk], [p].[Født], [p].[Fødselsnummer], [p].[Personnummer]\r\nFROM [Barn] AS [b]\r\nINNER JOIN [Person] AS [p] ON [b].[PersonFK] = [p].[PersonPK]\r\nWHERE [p].[Fødselsnummer] = @__fnr_0","EventId":{"Id":20101,"Name":"Microsoft.EntityFrameworkCore.Database.Command.CommandExecuted"},"SourceContext":"Microsoft.EntityFrameworkCore.Database.Command","ActionId":"8db693bc-d095-43ba-a332-2e41bc198dfd","ActionName":"Birk.BarnAPI.Web.Endpoints.BarnEndpoints.GetBarnOgPersonByFnr.HandleAsync (Birk.BarnAPI.Web)","RequestId":"0HMPA9GUJ0BKE:00000001","RequestPath":"/BarnOgPersonByFnr/14011385754","ConnectionId":"0HMPA9GUJ0BKE","ApplicationName":"Barn.Api","CorrelationId":"1e924cf8-53ca-4c09-8cc8-7f2fa8a9625e"}}
{"Timestamp":"2023-03-22T00:16:33.8432683+01:00","Level":"Information","MessageTemplate":"Entering {Method}","Properties":{"Method":"GetBarnOgPersonByFnr","SourceContext":"Birk.BarnAPI.Web.Endpoints.BarnEndpoints.GetBarnOgPersonByFnr","ActionId":"8db693bc-d095-43ba-a332-2e41bc198dfd","ActionName":"Birk.BarnAPI.Web.Endpoints.BarnEndpoints.GetBarnOgPersonByFnr.HandleAsync (Birk.BarnAPI.Web)","RequestId":"0HMPA9GUJ0BKE:00000002","RequestPath":"/BarnOgPersonByFnr/14011385750","ConnectionId":"0HMPA9GUJ0BKE","ApplicationName":"Barn.Api","CorrelationId":"df0ec813-fc1a-42a7-bd30-f54af7352412"}}
{"Timestamp":"2023-03-22T00:16:33.8499529+01:00","Level":"Information","MessageTemplate":"Executed DbCommand ({elapsed}ms) [Parameters=[{parameters}], CommandType='{commandType}', CommandTimeout='{commandTimeout}']{newLine}{commandText}","Properties":{"elapsed":"4","parameters":"@__fnr_0='?' (Size = 12) (DbType = AnsiString)","commandType":"Text","commandTimeout":30,"newLine":"\r\n","commandText":"SELECT TOP(1) [b].[BarnPK] AS [BarnPk], [b].[BarnTypeFK] AS [BarnTypeFk], [b].[BirkID] AS [BirkId], [b].[RegAv], [b].[RegDato], [b].[EndretAv], [b].[EndretDato], [p].[Fornavn], [p].[Etternavn], [p].[KjønnTypeFK] AS [KjønnTypeFk], [p].[Født], [p].[Fødselsnummer], [p].[Personnummer]\r\nFROM [Barn] AS [b]\r\nINNER JOIN [Person] AS [p] ON [b].[PersonFK] = [p].[PersonPK]\r\nWHERE [p].[Fødselsnummer] = @__fnr_0","EventId":{"Id":20101,"Name":"Microsoft.EntityFrameworkCore.Database.Command.CommandExecuted"},"SourceContext":"Microsoft.EntityFrameworkCore.Database.Command","ActionId":"8db693bc-d095-43ba-a332-2e41bc198dfd","ActionName":"Birk.BarnAPI.Web.Endpoints.BarnEndpoints.GetBarnOgPersonByFnr.HandleAsync (Birk.BarnAPI.Web)","RequestId":"0HMPA9GUJ0BKE:00000002","RequestPath":"/BarnOgPersonByFnr/14011385750","ConnectionId":"0HMPA9GUJ0BKE","ApplicationName":"Barn.Api","CorrelationId":"df0ec813-fc1a-42a7-bd30-f54af7352412"}}
{"Timestamp":"2023-03-22T00:49:54.1892892+01:00","Level":"Information","MessageTemplate":"Entering {Method}","Properties":{"Method":"GetBarnOgPersonByFnr","SourceContext":"Birk.BarnAPI.Web.Endpoints.BarnEndpoints.GetBarnOgPersonByFnr","ActionId":"8db693bc-d095-43ba-a332-2e41bc198dfd","ActionName":"Birk.BarnAPI.Web.Endpoints.BarnEndpoints.GetBarnOgPersonByFnr.HandleAsync (Birk.BarnAPI.Web)","RequestId":"0HMPA9GUJ0BKF:00000001","RequestPath":"/BarnOgPersonByFnr/11111111111","ConnectionId":"0HMPA9GUJ0BKF","ApplicationName":"Barn.Api","CorrelationId":"77a94f18-5b6d-4087-9a1e-3f41a344b61e"}}
{"Timestamp":"2023-03-22T00:49:54.2265386+01:00","Level":"Information","MessageTemplate":"Executed DbCommand ({elapsed}ms) [Parameters=[{parameters}], CommandType='{commandType}', CommandTimeout='{commandTimeout}']{newLine}{commandText}","Properties":{"elapsed":"6","parameters":"@__fnr_0='?' (Size = 12) (DbType = AnsiString)","commandType":"Text","commandTimeout":30,"newLine":"\r\n","commandText":"SELECT TOP(1) [b].[BarnPK] AS [BarnPk], [b].[BarnTypeFK] AS [BarnTypeFk], [b].[BirkID] AS [BirkId], [b].[RegAv], [b].[RegDato], [b].[EndretAv], [b].[EndretDato], [p].[Fornavn], [p].[Etternavn], [p].[KjønnTypeFK] AS [KjønnTypeFk], [p].[Født], [p].[Fødselsnummer], [p].[Personnummer]\r\nFROM [Barn] AS [b]\r\nINNER JOIN [Person] AS [p] ON [b].[PersonFK] = [p].[PersonPK]\r\nWHERE [p].[Fødselsnummer] = @__fnr_0","EventId":{"Id":20101,"Name":"Microsoft.EntityFrameworkCore.Database.Command.CommandExecuted"},"SourceContext":"Microsoft.EntityFrameworkCore.Database.Command","ActionId":"8db693bc-d095-43ba-a332-2e41bc198dfd","ActionName":"Birk.BarnAPI.Web.Endpoints.BarnEndpoints.GetBarnOgPersonByFnr.HandleAsync (Birk.BarnAPI.Web)","RequestId":"0HMPA9GUJ0BKF:00000001","RequestPath":"/BarnOgPersonByFnr/11111111111","ConnectionId":"0HMPA9GUJ0BKF","ApplicationName":"Barn.Api","CorrelationId":"77a94f18-5b6d-4087-9a1e-3f41a344b61e"}}
{"Timestamp":"2023-03-22T00:50:02.3218757+01:00","Level":"Information","MessageTemplate":"Entering {Method}","Properties":{"Method":"GetBarnOgPersonByFnr","SourceContext":"Birk.BarnAPI.Web.Endpoints.BarnEndpoints.GetBarnOgPersonByFnr","ActionId":"8db693bc-d095-43ba-a332-2e41bc198dfd","ActionName":"Birk.BarnAPI.Web.Endpoints.BarnEndpoints.GetBarnOgPersonByFnr.HandleAsync (Birk.BarnAPI.Web)","RequestId":"0HMPA9GUJ0BKF:00000002","RequestPath":"/BarnOgPersonByFnr/11111111110","ConnectionId":"0HMPA9GUJ0BKF","ApplicationName":"Barn.Api","CorrelationId":"d2e5e5c6-7eb8-480d-a976-27f0a7681880"}}
{"Timestamp":"2023-03-22T00:50:02.3279330+01:00","Level":"Information","MessageTemplate":"Executed DbCommand ({elapsed}ms) [Parameters=[{parameters}], CommandType='{commandType}', CommandTimeout='{commandTimeout}']{newLine}{commandText}","Properties":{"elapsed":"2","parameters":"@__fnr_0='?' (Size = 12) (DbType = AnsiString)","commandType":"Text","commandTimeout":30,"newLine":"\r\n","commandText":"SELECT TOP(1) [b].[BarnPK] AS [BarnPk], [b].[BarnTypeFK] AS [BarnTypeFk], [b].[BirkID] AS [BirkId], [b].[RegAv], [b].[RegDato], [b].[EndretAv], [b].[EndretDato], [p].[Fornavn], [p].[Etternavn], [p].[KjønnTypeFK] AS [KjønnTypeFk], [p].[Født], [p].[Fødselsnummer], [p].[Personnummer]\r\nFROM [Barn] AS [b]\r\nINNER JOIN [Person] AS [p] ON [b].[PersonFK] = [p].[PersonPK]\r\nWHERE [p].[Fødselsnummer] = @__fnr_0","EventId":{"Id":20101,"Name":"Microsoft.EntityFrameworkCore.Database.Command.CommandExecuted"},"SourceContext":"Microsoft.EntityFrameworkCore.Database.Command","ActionId":"8db693bc-d095-43ba-a332-2e41bc198dfd","ActionName":"Birk.BarnAPI.Web.Endpoints.BarnEndpoints.GetBarnOgPersonByFnr.HandleAsync (Birk.BarnAPI.Web)","RequestId":"0HMPA9GUJ0BKF:00000002","RequestPath":"/BarnOgPersonByFnr/11111111110","ConnectionId":"0HMPA9GUJ0BKF","ApplicationName":"Barn.Api","CorrelationId":"d2e5e5c6-7eb8-480d-a976-27f0a7681880"}}
{"Timestamp":"2023-03-22T01:27:33.3427699+01:00","Level":"Information","MessageTemplate":"Entering {Method}","Properties":{"Method":"GetBarnOgPersonByFnr","SourceContext":"Birk.BarnAPI.Web.Endpoints.BarnEndpoints.GetBarnOgPersonByFnr","ActionId":"8db693bc-d095-43ba-a332-2e41bc198dfd","ActionName":"Birk.BarnAPI.Web.Endpoints.BarnEndpoints.GetBarnOgPersonByFnr.HandleAsync (Birk.BarnAPI.Web)","RequestId":"0HMPA9GUJ0BKG:00000001","RequestPath":"/BarnOgPersonByFnr/14011385754","ConnectionId":"0HMPA9GUJ0BKG","ApplicationName":"Barn.Api","CorrelationId":"0055b2ed-6edd-46c2-a74e-5b7e2b0ae1a3"}}
{"Timestamp":"2023-03-22T01:27:33.3625438+01:00","Level":"Information","MessageTemplate":"Executed DbCommand ({elapsed}ms) [Parameters=[{parameters}], CommandType='{commandType}', CommandTimeout='{commandTimeout}']{newLine}{commandText}","Properties":{"elapsed":"1","parameters":"@__fnr_0='?' (Size = 12) (DbType = AnsiString)","commandType":"Text","commandTimeout":30,"newLine":"\r\n","commandText":"SELECT TOP(1) [b].[BarnPK] AS [BarnPk], [b].[BarnTypeFK] AS [BarnTypeFk], [b].[BirkID] AS [BirkId], [b].[RegAv], [b].[RegDato], [b].[EndretAv], [b].[EndretDato], [p].[Fornavn], [p].[Etternavn], [p].[KjønnTypeFK] AS [KjønnTypeFk], [p].[Født], [p].[Fødselsnummer], [p].[Personnummer]\r\nFROM [Barn] AS [b]\r\nINNER JOIN [Person] AS [p] ON [b].[PersonFK] = [p].[PersonPK]\r\nWHERE [p].[Fødselsnummer] = @__fnr_0","EventId":{"Id":20101,"Name":"Microsoft.EntityFrameworkCore.Database.Command.CommandExecuted"},"SourceContext":"Microsoft.EntityFrameworkCore.Database.Command","ActionId":"8db693bc-d095-43ba-a332-2e41bc198dfd","ActionName":"Birk.BarnAPI.Web.Endpoints.BarnEndpoints.GetBarnOgPersonByFnr.HandleAsync (Birk.BarnAPI.Web)","RequestId":"0HMPA9GUJ0BKG:00000001","RequestPath":"/BarnOgPersonByFnr/14011385754","ConnectionId":"0HMPA9GUJ0BKG","ApplicationName":"Barn.Api","CorrelationId":"0055b2ed-6edd-46c2-a74e-5b7e2b0ae1a3"}}
{"Timestamp":"2023-03-22T01:27:39.9022888+01:00","Level":"Information","MessageTemplate":"Entering {Method}","Properties":{"Method":"GetBarnOgPersonByFnr","SourceContext":"Birk.BarnAPI.Web.Endpoints.BarnEndpoints.GetBarnOgPersonByFnr","ActionId":"8db693bc-d095-43ba-a332-2e41bc198dfd","ActionName":"Birk.BarnAPI.Web.Endpoints.BarnEndpoints.GetBarnOgPersonByFnr.HandleAsync (Birk.BarnAPI.Web)","RequestId":"0HMPA9GUJ0BKG:00000002","RequestPath":"/BarnOgPersonByFnr/14011385750","ConnectionId":"0HMPA9GUJ0BKG","ApplicationName":"Barn.Api","CorrelationId":"fd9d6ab8-5d31-4e19-9960-9717502d889e"}}
{"Timestamp":"2023-03-22T01:27:39.9106644+01:00","Level":"Information","MessageTemplate":"Executed DbCommand ({elapsed}ms) [Parameters=[{parameters}], CommandType='{commandType}', CommandTimeout='{commandTimeout}']{newLine}{commandText}","Properties":{"elapsed":"7","parameters":"@__fnr_0='?' (Size = 12) (DbType = AnsiString)","commandType":"Text","commandTimeout":30,"newLine":"\r\n","commandText":"SELECT TOP(1) [b].[BarnPK] AS [BarnPk], [b].[BarnTypeFK] AS [BarnTypeFk], [b].[BirkID] AS [BirkId], [b].[RegAv], [b].[RegDato], [b].[EndretAv], [b].[EndretDato], [p].[Fornavn], [p].[Etternavn], [p].[KjønnTypeFK] AS [KjønnTypeFk], [p].[Født], [p].[Fødselsnummer], [p].[Personnummer]\r\nFROM [Barn] AS [b]\r\nINNER JOIN [Person] AS [p] ON [b].[PersonFK] = [p].[PersonPK]\r\nWHERE [p].[Fødselsnummer] = @__fnr_0","EventId":{"Id":20101,"Name":"Microsoft.EntityFrameworkCore.Database.Command.CommandExecuted"},"SourceContext":"Microsoft.EntityFrameworkCore.Database.Command","ActionId":"8db693bc-d095-43ba-a332-2e41bc198dfd","ActionName":"Birk.BarnAPI.Web.Endpoints.BarnEndpoints.GetBarnOgPersonByFnr.HandleAsync (Birk.BarnAPI.Web)","RequestId":"0HMPA9GUJ0BKG:00000002","RequestPath":"/BarnOgPersonByFnr/14011385750","ConnectionId":"0HMPA9GUJ0BKG","ApplicationName":"Barn.Api","CorrelationId":"fd9d6ab8-5d31-4e19-9960-9717502d889e"}}
{"Timestamp":"2023-03-22T01:31:10.4378091+01:00","Level":"Information","MessageTemplate":"Entering {Method}","Properties":{"Method":"GetBarnOgPersonByFnr","SourceContext":"Birk.BarnAPI.Web.Endpoints.BarnEndpoints.GetBarnOgPersonByFnr","ActionId":"8db693bc-d095-43ba-a332-2e41bc198dfd","ActionName":"Birk.BarnAPI.Web.Endpoints.BarnEndpoints.GetBarnOgPersonByFnr.HandleAsync (Birk.BarnAPI.Web)","RequestId":"0HMPA9GUJ0BKH:00000001","RequestPath":"/BarnOgPersonByFnr/14011385754","ConnectionId":"0HMPA9GUJ0BKH","ApplicationName":"Barn.Api","CorrelationId":"d02504ca-d784-4b26-8f22-d7efc5d14527"}}
{"Timestamp":"2023-03-22T01:31:10.4608606+01:00","Level":"Information","MessageTemplate":"Executed DbCommand ({elapsed}ms) [Parameters=[{parameters}], CommandType='{commandType}', CommandTimeout='{commandTimeout}']{newLine}{commandText}","Properties":{"elapsed":"20","parameters":"@__fnr_0='?' (Size = 12) (DbType = AnsiString)","commandType":"Text","commandTimeout":30,"newLine":"\r\n","commandText":"SELECT TOP(1) [b].[BarnPK] AS [BarnPk], [b].[BarnTypeFK] AS [BarnTypeFk], [b].[BirkID] AS [BirkId], [b].[RegAv], [b].[RegDato], [b].[EndretAv], [b].[EndretDato], [p].[Fornavn], [p].[Etternavn], [p].[KjønnTypeFK] AS [KjønnTypeFk], [p].[Født], [p].[Fødselsnummer], [p].[Personnummer]\r\nFROM [Barn] AS [b]\r\nINNER JOIN [Person] AS [p] ON [b].[PersonFK] = [p].[PersonPK]\r\nWHERE [p].[Fødselsnummer] = @__fnr_0","EventId":{"Id":20101,"Name":"Microsoft.EntityFrameworkCore.Database.Command.CommandExecuted"},"SourceContext":"Microsoft.EntityFrameworkCore.Database.Command","ActionId":"8db693bc-d095-43ba-a332-2e41bc198dfd","ActionName":"Birk.BarnAPI.Web.Endpoints.BarnEndpoints.GetBarnOgPersonByFnr.HandleAsync (Birk.BarnAPI.Web)","RequestId":"0HMPA9GUJ0BKH:00000001","RequestPath":"/BarnOgPersonByFnr/14011385754","ConnectionId":"0HMPA9GUJ0BKH","ApplicationName":"Barn.Api","CorrelationId":"d02504ca-d784-4b26-8f22-d7efc5d14527"}}
{"Timestamp":"2023-03-22T01:31:10.7893462+01:00","Level":"Information","MessageTemplate":"Entering {Method}","Properties":{"Method":"GetBarnOgPersonByFnr","SourceContext":"Birk.BarnAPI.Web.Endpoints.BarnEndpoints.GetBarnOgPersonByFnr","ActionId":"8db693bc-d095-43ba-a332-2e41bc198dfd","ActionName":"Birk.BarnAPI.Web.Endpoints.BarnEndpoints.GetBarnOgPersonByFnr.HandleAsync (Birk.BarnAPI.Web)","RequestId":"0HMPA9GUJ0BKH:00000002","RequestPath":"/BarnOgPersonByFnr/14011385754","ConnectionId":"0HMPA9GUJ0BKH","ApplicationName":"Barn.Api","CorrelationId":"fb6c2928-fe5a-4143-9ac5-003359db3c14"}}
{"Timestamp":"2023-03-22T01:31:10.8277605+01:00","Level":"Information","MessageTemplate":"Executed DbCommand ({elapsed}ms) [Parameters=[{parameters}], CommandType='{commandType}', CommandTimeout='{commandTimeout}']{newLine}{commandText}","Properties":{"elapsed":"36","parameters":"@__fnr_0='?' (Size = 12) (DbType = AnsiString)","commandType":"Text","commandTimeout":30,"newLine":"\r\n","commandText":"SELECT TOP(1) [b].[BarnPK] AS [BarnPk], [b].[BarnTypeFK] AS [BarnTypeFk], [b].[BirkID] AS [BirkId], [b].[RegAv], [b].[RegDato], [b].[EndretAv], [b].[EndretDato], [p].[Fornavn], [p].[Etternavn], [p].[KjønnTypeFK] AS [KjønnTypeFk], [p].[Født], [p].[Fødselsnummer], [p].[Personnummer]\r\nFROM [Barn] AS [b]\r\nINNER JOIN [Person] AS [p] ON [b].[PersonFK] = [p].[PersonPK]\r\nWHERE [p].[Fødselsnummer] = @__fnr_0","EventId":{"Id":20101,"Name":"Microsoft.EntityFrameworkCore.Database.Command.CommandExecuted"},"SourceContext":"Microsoft.EntityFrameworkCore.Database.Command","ActionId":"8db693bc-d095-43ba-a332-2e41bc198dfd","ActionName":"Birk.BarnAPI.Web.Endpoints.BarnEndpoints.GetBarnOgPersonByFnr.HandleAsync (Birk.BarnAPI.Web)","RequestId":"0HMPA9GUJ0BKH:00000002","RequestPath":"/BarnOgPersonByFnr/14011385754","ConnectionId":"0HMPA9GUJ0BKH","ApplicationName":"Barn.Api","CorrelationId":"fb6c2928-fe5a-4143-9ac5-003359db3c14"}}
{"Timestamp":"2023-03-22T09:36:09.1309137+01:00","Level":"Information","MessageTemplate":"Now listening on: {address}","Properties":{"address":"https://localhost:7040","EventId":{"Id":14,"Name":"ListeningOnAddress"},"SourceContext":"Microsoft.Hosting.Lifetime","ApplicationName":"Barn.Api"}}
{"Timestamp":"2023-03-22T09:36:09.1673389+01:00","Level":"Information","MessageTemplate":"Now listening on: {address}","Properties":{"address":"http://localhost:5152","EventId":{"Id":14,"Name":"ListeningOnAddress"},"SourceContext":"Microsoft.Hosting.Lifetime","ApplicationName":"Barn.Api"}}
{"Timestamp":"2023-03-22T09:36:09.1687831+01:00","Level":"Information","MessageTemplate":"Application started. Press Ctrl+C to shut down.","Properties":{"SourceContext":"Microsoft.Hosting.Lifetime","ApplicationName":"Barn.Api"}}
{"Timestamp":"2023-03-22T09:36:09.1689536+01:00","Level":"Information","MessageTemplate":"Hosting environment: {EnvName}","Properties":{"EnvName":"Development","SourceContext":"Microsoft.Hosting.Lifetime","ApplicationName":"Barn.Api"}}
{"Timestamp":"2023-03-22T09:36:09.1690108+01:00","Level":"Information","MessageTemplate":"Content root path: {ContentRoot}","Properties":{"ContentRoot":"C:\\Repos\\Birk.Barn.API\\Birk.BarnAPI","SourceContext":"Microsoft.Hosting.Lifetime","ApplicationName":"Barn.Api"}}
{"Timestamp":"2023-03-22T09:38:08.5937799+01:00","Level":"Information","MessageTemplate":"Now listening on: {address}","Properties":{"address":"https://localhost:7040","EventId":{"Id":14,"Name":"ListeningOnAddress"},"SourceContext":"Microsoft.Hosting.Lifetime","ApplicationName":"Barn.Api"}}
{"Timestamp":"2023-03-22T09:38:08.6512238+01:00","Level":"Information","MessageTemplate":"Now listening on: {address}","Properties":{"address":"http://localhost:5152","EventId":{"Id":14,"Name":"ListeningOnAddress"},"SourceContext":"Microsoft.Hosting.Lifetime","ApplicationName":"Barn.Api"}}
{"Timestamp":"2023-03-22T09:38:08.6528463+01:00","Level":"Information","MessageTemplate":"Application started. Press Ctrl+C to shut down.","Properties":{"SourceContext":"Microsoft.Hosting.Lifetime","ApplicationName":"Barn.Api"}}
{"Timestamp":"2023-03-22T09:38:08.6530632+01:00","Level":"Information","MessageTemplate":"Hosting environment: {EnvName}","Properties":{"EnvName":"Development","SourceContext":"Microsoft.Hosting.Lifetime","ApplicationName":"Barn.Api"}}
{"Timestamp":"2023-03-22T09:38:08.6531363+01:00","Level":"Information","MessageTemplate":"Content root path: {ContentRoot}","Properties":{"ContentRoot":"C:\\Repos\\Birk.Barn.API\\Birk.BarnAPI","SourceContext":"Microsoft.Hosting.Lifetime","ApplicationName":"Barn.Api"}}
{"Timestamp":"2023-03-22T09:38:59.3575938+01:00","Level":"Information","MessageTemplate":"Now listening on: {address}","Properties":{"address":"https://localhost:7040","EventId":{"Id":14,"Name":"ListeningOnAddress"},"SourceContext":"Microsoft.Hosting.Lifetime","ApplicationName":"Barn.Api"}}
{"Timestamp":"2023-03-22T09:38:59.3949932+01:00","Level":"Information","MessageTemplate":"Now listening on: {address}","Properties":{"address":"http://localhost:5152","EventId":{"Id":14,"Name":"ListeningOnAddress"},"SourceContext":"Microsoft.Hosting.Lifetime","ApplicationName":"Barn.Api"}}
{"Timestamp":"2023-03-22T09:38:59.3966953+01:00","Level":"Information","MessageTemplate":"Application started. Press Ctrl+C to shut down.","Properties":{"SourceContext":"Microsoft.Hosting.Lifetime","ApplicationName":"Barn.Api"}}
{"Timestamp":"2023-03-22T09:38:59.3969451+01:00","Level":"Information","MessageTemplate":"Hosting environment: {EnvName}","Properties":{"EnvName":"Development","SourceContext":"Microsoft.Hosting.Lifetime","ApplicationName":"Barn.Api"}}
{"Timestamp":"2023-03-22T09:38:59.3970127+01:00","Level":"Information","MessageTemplate":"Content root path: {ContentRoot}","Properties":{"ContentRoot":"C:\\Repos\\Birk.Barn.API\\Birk.BarnAPI","SourceContext":"Microsoft.Hosting.Lifetime","ApplicationName":"Barn.Api"}}
{"Timestamp":"2023-03-22T09:39:05.1655651+01:00","Level":"Information","MessageTemplate":"Entering {Method}","Properties":{"Method":"GetBarnOgPersonByFnr","SourceContext":"Birk.BarnAPI.Web.Endpoints.BarnEndpoints.GetBarnOgPersonByFnr","ActionId":"661b7eb5-4a85-44ee-8bbf-1231f69c625c","ActionName":"Birk.BarnAPI.Web.Endpoints.BarnEndpoints.GetBarnOgPersonByFnr.HandleAsync (Birk.BarnAPI.Web)","RequestId":"0HMPAM3GVQEHF:00000001","RequestPath":"/BarnOgPersonByFnr/14011385754","ConnectionId":"0HMPAM3GVQEHF","ApplicationName":"Barn.Api","CorrelationId":"a16027e6-b5bc-486b-a5a5-a9a6195e3375"}}
{"Timestamp":"2023-03-22T09:39:07.0871006+01:00","Level":"Information","MessageTemplate":"Executed DbCommand ({elapsed}ms) [Parameters=[{parameters}], CommandType='{commandType}', CommandTimeout='{commandTimeout}']{newLine}{commandText}","Properties":{"elapsed":"70","parameters":"@__fnr_0='?' (Size = 12) (DbType = AnsiString)","commandType":"Text","commandTimeout":30,"newLine":"\r\n","commandText":"SELECT TOP(1) [b].[BarnPK] AS [BarnPk], [b].[BarnTypeFK] AS [BarnTypeFk], [b].[BirkID] AS [BirkId], [b].[RegAv], [b].[RegDato], [b].[EndretAv], [b].[EndretDato], [p].[Fornavn], [p].[Etternavn], [p].[KjønnTypeFK] AS [KjønnTypeFk], [p].[Født], [p].[Fødselsnummer], [p].[Personnummer]\r\nFROM [Barn] AS [b]\r\nINNER JOIN [Person] AS [p] ON [b].[PersonFK] = [p].[PersonPK]\r\nWHERE [p].[Fødselsnummer] = @__fnr_0","EventId":{"Id":20101,"Name":"Microsoft.EntityFrameworkCore.Database.Command.CommandExecuted"},"SourceContext":"Microsoft.EntityFrameworkCore.Database.Command","ActionId":"661b7eb5-4a85-44ee-8bbf-1231f69c625c","ActionName":"Birk.BarnAPI.Web.Endpoints.BarnEndpoints.GetBarnOgPersonByFnr.HandleAsync (Birk.BarnAPI.Web)","RequestId":"0HMPAM3GVQEHF:00000001","RequestPath":"/BarnOgPersonByFnr/14011385754","ConnectionId":"0HMPAM3GVQEHF","ApplicationName":"Barn.Api","CorrelationId":"a16027e6-b5bc-486b-a5a5-a9a6195e3375"}}
{"Timestamp":"2023-03-22T18:24:49.8292416+01:00","Level":"Information","MessageTemplate":"Now listening on: {address}","Properties":{"address":"https://localhost:7040","EventId":{"Id":14,"Name":"ListeningOnAddress"},"SourceContext":"Microsoft.Hosting.Lifetime","ApplicationName":"Barn.Api"}}
{"Timestamp":"2023-03-22T18:24:50.1384529+01:00","Level":"Information","MessageTemplate":"Now listening on: {address}","Properties":{"address":"http://localhost:5152","EventId":{"Id":14,"Name":"ListeningOnAddress"},"SourceContext":"Microsoft.Hosting.Lifetime","ApplicationName":"Barn.Api"}}
{"Timestamp":"2023-03-22T18:24:50.1399815+01:00","Level":"Information","MessageTemplate":"Application started. Press Ctrl+C to shut down.","Properties":{"SourceContext":"Microsoft.Hosting.Lifetime","ApplicationName":"Barn.Api"}}
{"Timestamp":"2023-03-22T18:24:50.1401715+01:00","Level":"Information","MessageTemplate":"Hosting environment: {EnvName}","Properties":{"EnvName":"Development","SourceContext":"Microsoft.Hosting.Lifetime","ApplicationName":"Barn.Api"}}
{"Timestamp":"2023-03-22T18:24:50.1402356+01:00","Level":"Information","MessageTemplate":"Content root path: {ContentRoot}","Properties":{"ContentRoot":"C:\\Repos\\Birk.Barn.API\\Birk.BarnAPI","SourceContext":"Microsoft.Hosting.Lifetime","ApplicationName":"Barn.Api"}}
{"Timestamp":"2023-03-22T18:43:33.6930355+01:00","Level":"Information","MessageTemplate":"Entering {Method}","Properties":{"Method":"GetBarnOgPersonByFnr","SourceContext":"Birk.BarnAPI.Web.Endpoints.BarnEndpoints.GetBarnOgPersonByFnr","ActionId":"c5405220-add3-4f8d-b749-c09cbecdad24","ActionName":"Birk.BarnAPI.Web.Endpoints.BarnEndpoints.GetBarnOgPersonByFnr.HandleAsync (Birk.BarnAPI.Web)","RequestId":"0HMPAV9BTKUK3:00000001","RequestPath":"/BarnOgPersonByFnr/14011385754","ConnectionId":"0HMPAV9BTKUK3","ApplicationName":"Barn.Api","CorrelationId":"df7492f1-6be5-457e-8da6-cd11f628dfda"}}
{"Timestamp":"2023-03-22T18:43:35.4260524+01:00","Level":"Information","MessageTemplate":"Executed DbCommand ({elapsed}ms) [Parameters=[{parameters}], CommandType='{commandType}', CommandTimeout='{commandTimeout}']{newLine}{commandText}","Properties":{"elapsed":"65","parameters":"@__fnr_0='?' (Size = 12) (DbType = AnsiString)","commandType":"Text","commandTimeout":30,"newLine":"\r\n","commandText":"SELECT TOP(1) [b].[BarnPK] AS [BarnPk], [b].[BarnTypeFK] AS [BarnTypeFk], [b].[BirkID] AS [BirkId], [b].[RegAv], [b].[RegDato], [b].[EndretAv], [b].[EndretDato], [p].[Fornavn], [p].[Etternavn], [p].[KjønnTypeFK] AS [KjønnTypeFk], [p].[Født], [p].[Fødselsnummer], [p].[Personnummer]\r\nFROM [Barn] AS [b]\r\nINNER JOIN [Person] AS [p] ON [b].[PersonFK] = [p].[PersonPK]\r\nWHERE [p].[Fødselsnummer] = @__fnr_0","EventId":{"Id":20101,"Name":"Microsoft.EntityFrameworkCore.Database.Command.CommandExecuted"},"SourceContext":"Microsoft.EntityFrameworkCore.Database.Command","ActionId":"c5405220-add3-4f8d-b749-c09cbecdad24","ActionName":"Birk.BarnAPI.Web.Endpoints.BarnEndpoints.GetBarnOgPersonByFnr.HandleAsync (Birk.BarnAPI.Web)","RequestId":"0HMPAV9BTKUK3:00000001","RequestPath":"/BarnOgPersonByFnr/14011385754","ConnectionId":"0HMPAV9BTKUK3","ApplicationName":"Barn.Api","CorrelationId":"df7492f1-6be5-457e-8da6-cd11f628dfda"}}
{"Timestamp":"2023-03-22T19:20:13.1030292+01:00","Level":"Information","MessageTemplate":"Entering {Method}","Properties":{"Method":"GetBarnOgPersonByFnr","SourceContext":"Birk.BarnAPI.Web.Endpoints.BarnEndpoints.GetBarnOgPersonByFnr","ActionId":"c5405220-add3-4f8d-b749-c09cbecdad24","ActionName":"Birk.BarnAPI.Web.Endpoints.BarnEndpoints.GetBarnOgPersonByFnr.HandleAsync (Birk.BarnAPI.Web)","RequestId":"0HMPAV9BTKUK4:00000001","RequestPath":"/BarnOgPersonByFnr/14011385754","ConnectionId":"0HMPAV9BTKUK4","ApplicationName":"Barn.Api","CorrelationId":"af556ba6-19ad-464a-afd0-0756b83fdece"}}
{"Timestamp":"2023-03-22T19:20:13.1747770+01:00","Level":"Information","MessageTemplate":"Executed DbCommand ({elapsed}ms) [Parameters=[{parameters}], CommandType='{commandType}', CommandTimeout='{commandTimeout}']{newLine}{commandText}","Properties":{"elapsed":"3","parameters":"@__fnr_0='?' (Size = 12) (DbType = AnsiString)","commandType":"Text","commandTimeout":30,"newLine":"\r\n","commandText":"SELECT TOP(1) [b].[BarnPK] AS [BarnPk], [b].[BarnTypeFK] AS [BarnTypeFk], [b].[BirkID] AS [BirkId], [b].[RegAv], [b].[RegDato], [b].[EndretAv], [b].[EndretDato], [p].[Fornavn], [p].[Etternavn], [p].[KjønnTypeFK] AS [KjønnTypeFk], [p].[Født], [p].[Fødselsnummer], [p].[Personnummer]\r\nFROM [Barn] AS [b]\r\nINNER JOIN [Person] AS [p] ON [b].[PersonFK] = [p].[PersonPK]\r\nWHERE [p].[Fødselsnummer] = @__fnr_0","EventId":{"Id":20101,"Name":"Microsoft.EntityFrameworkCore.Database.Command.CommandExecuted"},"SourceContext":"Microsoft.EntityFrameworkCore.Database.Command","ActionId":"c5405220-add3-4f8d-b749-c09cbecdad24","ActionName":"Birk.BarnAPI.Web.Endpoints.BarnEndpoints.GetBarnOgPersonByFnr.HandleAsync (Birk.BarnAPI.Web)","RequestId":"0HMPAV9BTKUK4:00000001","RequestPath":"/BarnOgPersonByFnr/14011385754","ConnectionId":"0HMPAV9BTKUK4","ApplicationName":"Barn.Api","CorrelationId":"af556ba6-19ad-464a-afd0-0756b83fdece"}}
