{"Timestamp":"2023-03-24T10:55:46.2625467+01:00","Level":"Information","MessageTemplate":"Entering {Method}","Properties":{"Method":"GetBarnOgPersonByFnr","SourceContext":"Birk.BarnAPI.Web.Endpoints.BarnEndpoints.GetBarnOgPersonByFnr","ActionId":"3481b464-6ce0-4183-9fc4-4bd8b6f32ac1","ActionName":"Birk.BarnAPI.Web.Endpoints.BarnEndpoints.GetBarnOgPersonByFnr.HandleAsync (Birk.BarnAPI.Web)","RequestId":"0HMPBLQ2322CC:00000001","RequestPath":"/BarnOgPersonByFnr/14011385754","ConnectionId":"0HMPBLQ2322CC","ApplicationName":"Barn.Api","CorrelationId":"94c18397-ddfc-4bc7-b02b-d07c33a9edda"}}
{"Timestamp":"2023-03-24T10:55:46.3185203+01:00","Level":"Information","MessageTemplate":"Executed DbCommand ({elapsed}ms) [Parameters=[{parameters}], CommandType='{commandType}', CommandTimeout='{commandTimeout}']{newLine}{commandText}","Properties":{"elapsed":"6","parameters":"@__fnr_0='?' (Size = 12) (DbType = AnsiString)","commandType":"Text","commandTimeout":30,"newLine":"\r\n","commandText":"SELECT TOP(1) [b].[BarnPK] AS [BarnPk], [b].[BarnTypeFK] AS [BarnTypeFk], [b].[BirkID] AS [BirkId], [b].[RegAv], [b].[RegDato], [b].[EndretAv], [b].[EndretDato], [p].[Fornavn], [p].[Etternavn], [p].[KjønnTypeFK] AS [KjønnTypeFk], [p].[Født], [p].[Fødselsnummer], [p].[Personnummer]\r\nFROM [Barn] AS [b]\r\nINNER JOIN [Person] AS [p] ON [b].[PersonFK] = [p].[PersonPK]\r\nWHERE [p].[Fødselsnummer] = @__fnr_0","EventId":{"Id":20101,"Name":"Microsoft.EntityFrameworkCore.Database.Command.CommandExecuted"},"SourceContext":"Microsoft.EntityFrameworkCore.Database.Command","ActionId":"3481b464-6ce0-4183-9fc4-4bd8b6f32ac1","ActionName":"Birk.BarnAPI.Web.Endpoints.BarnEndpoints.GetBarnOgPersonByFnr.HandleAsync (Birk.BarnAPI.Web)","RequestId":"0HMPBLQ2322CC:00000001","RequestPath":"/BarnOgPersonByFnr/14011385754","ConnectionId":"0HMPBLQ2322CC","ApplicationName":"Barn.Api","CorrelationId":"94c18397-ddfc-4bc7-b02b-d07c33a9edda"}}
{"Timestamp":"2023-03-24T12:06:04.3277246+01:00","Level":"Information","MessageTemplate":"Entering {Method}","Properties":{"Method":"GetBarnOgPersonByFnr","SourceContext":"Birk.BarnAPI.Web.Endpoints.BarnEndpoints.GetBarnOgPersonByFnr","ActionId":"3481b464-6ce0-4183-9fc4-4bd8b6f32ac1","ActionName":"Birk.BarnAPI.Web.Endpoints.BarnEndpoints.GetBarnOgPersonByFnr.HandleAsync (Birk.BarnAPI.Web)","RequestId":"0HMPBLQ2322CD:00000001","RequestPath":"/BarnOgPersonByFnr/11111111111","ConnectionId":"0HMPBLQ2322CD","ApplicationName":"Barn.Api","CorrelationId":"bed1d66c-5af6-4539-af69-779cf83b59c0"}}
{"Timestamp":"2023-03-24T12:06:04.3457728+01:00","Level":"Information","MessageTemplate":"Executed DbCommand ({elapsed}ms) [Parameters=[{parameters}], CommandType='{commandType}', CommandTimeout='{commandTimeout}']{newLine}{commandText}","Properties":{"elapsed":"3","parameters":"@__fnr_0='?' (Size = 12) (DbType = AnsiString)","commandType":"Text","commandTimeout":30,"newLine":"\r\n","commandText":"SELECT TOP(1) [b].[BarnPK] AS [BarnPk], [b].[BarnTypeFK] AS [BarnTypeFk], [b].[BirkID] AS [BirkId], [b].[RegAv], [b].[RegDato], [b].[EndretAv], [b].[EndretDato], [p].[Fornavn], [p].[Etternavn], [p].[KjønnTypeFK] AS [KjønnTypeFk], [p].[Født], [p].[Fødselsnummer], [p].[Personnummer]\r\nFROM [Barn] AS [b]\r\nINNER JOIN [Person] AS [p] ON [b].[PersonFK] = [p].[PersonPK]\r\nWHERE [p].[Fødselsnummer] = @__fnr_0","EventId":{"Id":20101,"Name":"Microsoft.EntityFrameworkCore.Database.Command.CommandExecuted"},"SourceContext":"Microsoft.EntityFrameworkCore.Database.Command","ActionId":"3481b464-6ce0-4183-9fc4-4bd8b6f32ac1","ActionName":"Birk.BarnAPI.Web.Endpoints.BarnEndpoints.GetBarnOgPersonByFnr.HandleAsync (Birk.BarnAPI.Web)","RequestId":"0HMPBLQ2322CD:00000001","RequestPath":"/BarnOgPersonByFnr/11111111111","ConnectionId":"0HMPBLQ2322CD","ApplicationName":"Barn.Api","CorrelationId":"bed1d66c-5af6-4539-af69-779cf83b59c0"}}
