{"Timestamp":"2023-03-19T22:11:45.4022758+01:00","Level":"Information","MessageTemplate":"Now listening on: {address}","Properties":{"address":"https://localhost:7040","EventId":{"Id":14,"Name":"ListeningOnAddress"},"SourceContext":"Microsoft.Hosting.Lifetime","ApplicationName":"Barn.Api"}}
{"Timestamp":"2023-03-19T22:11:45.4376339+01:00","Level":"Information","MessageTemplate":"Now listening on: {address}","Properties":{"address":"http://localhost:5152","EventId":{"Id":14,"Name":"ListeningOnAddress"},"SourceContext":"Microsoft.Hosting.Lifetime","ApplicationName":"Barn.Api"}}
{"Timestamp":"2023-03-19T22:11:45.4396223+01:00","Level":"Information","MessageTemplate":"Application started. Press Ctrl+C to shut down.","Properties":{"SourceContext":"Microsoft.Hosting.Lifetime","ApplicationName":"Barn.Api"}}
{"Timestamp":"2023-03-19T22:11:45.4398647+01:00","Level":"Information","MessageTemplate":"Hosting environment: {EnvName}","Properties":{"EnvName":"Development","SourceContext":"Microsoft.Hosting.Lifetime","ApplicationName":"Barn.Api"}}
{"Timestamp":"2023-03-19T22:11:45.4399468+01:00","Level":"Information","MessageTemplate":"Content root path: {ContentRoot}","Properties":{"ContentRoot":"C:\\Repos\\Birk.Barn.API\\Birk.BarnAPI","SourceContext":"Microsoft.Hosting.Lifetime","ApplicationName":"Barn.Api"}}
{"Timestamp":"2023-03-19T22:26:13.4282410+01:00","Level":"Information","MessageTemplate":"Entering {Method}","Properties":{"Method":"GetBarnByFnr","SourceContext":"Birk.BarnAPI.Web.Endpoints.BarnEndpoints.GetBarnByFnr","ActionId":"e92067c2-9ffc-4fa0-8293-1a7bb26900fa","ActionName":"Birk.BarnAPI.Web.Endpoints.BarnEndpoints.GetBarnByFnr.HandleAsync (Birk.BarnAPI.Web)","RequestId":"0HMP8NQ5ROLFE:00000013","RequestPath":"/BarnByFnr/1","ConnectionId":"0HMP8NQ5ROLFE","ApplicationName":"Barn.Api","CorrelationId":"db6bb57a-f686-405f-9ca2-a8116904a687"}}
{"Timestamp":"2023-03-19T22:26:24.8400230+01:00","Level":"Information","MessageTemplate":"Entering {Method}","Properties":{"Method":"GetBarnByFnr","SourceContext":"Birk.BarnAPI.Web.Endpoints.BarnEndpoints.GetBarnByFnr","ActionId":"e92067c2-9ffc-4fa0-8293-1a7bb26900fa","ActionName":"Birk.BarnAPI.Web.Endpoints.BarnEndpoints.GetBarnByFnr.HandleAsync (Birk.BarnAPI.Web)","RequestId":"0HMP8NQ5ROLFE:00000015","RequestPath":"/BarnByFnr/14011385754","ConnectionId":"0HMP8NQ5ROLFE","ApplicationName":"Barn.Api","CorrelationId":"bc995416-a489-49ec-a77e-271cf231c4c3"}}
{"Timestamp":"2023-03-19T22:26:28.4171399+01:00","Level":"Information","MessageTemplate":"Executed DbCommand ({elapsed}ms) [Parameters=[{parameters}], CommandType='{commandType}', CommandTimeout='{commandTimeout}']{newLine}{commandText}","Properties":{"elapsed":"83","parameters":"@__fnr_0='?' (Size = 12) (DbType = AnsiString)","commandType":"Text","commandTimeout":30,"newLine":"\r\n","commandText":"SELECT TOP(1) [b].[BarnPK], [b].[Agressonummer], [b].[Anonymisert], [b].[AntallAktiveTiltak], [b].[BarnStatusEndretDato], [b].[BarnStatusTypeFK], [b].[BarnTypeFK], [b].[BarnetBeherskerEngelsk], [b].[BarnetErForsvunnet], [b].[BarnetTrengerTolk], [b].[BarnetsKommunalePersonId], [b].[BarnetsSpråkFK], [b].[BirkID], [b].[BirkidSeq], [b].[BirkidÅr], [b].[Duplikat], [b].[EndretAv], [b].[EndretDato], [b].[ErArbeidssøker], [b].[ErAsylsøker], [b].[ErEnsligMindreårig], [b].[EtnisitetAnnet], [b].[EtnisitetMerknad], [b].[EtnisitetTypeFK], [b].[EtnisitetViktig], [b].[FlyktningFraDato], [b].[FolkeGruppeTypeFK], [b].[ForeldreBeherskerEngelsk], [b].[ForeldreTrengerTolk], [b].[HjemmespråkAnnet], [b].[HjemmespråkFK], [b].[Invandrerbakgrunn], [b].[NasjonalitetTypeFK], [b].[OpprinnelseslandTypeFK], [b].[PersonFK], [b].[refBirkID], [b].[RefOdaBarnNr], [b].[refOdanr], [b].[RegAv], [b].[RegDato], [b].[ReligionAnnet], [b].[ReligionMerknad], [b].[ReligionTypeFK], [b].[ReligionViktig], [b].[Sikkerhetsnivå], [b].[SpråkLandMerknad], [b].[StatborgerskapTypeFK], [b].[Termin], [b].[TrosamfunnAnnet], [b].[TrosamfunnFK], [b].[VerdensdelTypeFK], [b].[VerdensregionTypeFK], [p].[PersonPK], [p].[BekreftetDSFAdresseDato], [p].[ComputedSearchNavnFødtBirk], [p].[Dufnummer], [p].[Død], [p].[EndretAv], [p].[EndretDato], [p].[ErSlettet], [p].[ErSlettetDato], [p].[Etternavn], [p].[EtternavnAnon], [p].[Fornavn], [p].[FornavnAnon], [p].[Fødselsnummer], [p].[Født], [p].[IsPerson], [p].[KjønnTypeFK], [p].[Navn], [p].[OpprinnelseslandTypeFk], [p].[Orgnr], [p].[PartyFK], [p].[Personnummer], [p].[RefAnsattNr], [p].[RefBrukerNavn], [p].[RefOdaFoshjemNrEgneBarn1], [p].[RefOdaFoshjemNrEgneBarn2], [p].[RefOdaFoshjemNrEgneBarn3], [p].[RefOdaFoshjemNrFar], [p].[RefOdaFoshjemNrMor], [p].[RefOdaNr], [p].[RefOdaNrFar], [p].[RefOdaNrMor], [p].[RegAv], [p].[RegDato], [p].[SivilstandTypeFK], [p].[StatborgerskapFK], [p].[Stilling], [p].[UsikkerFødselsdato], [p].[UsikkerFødselsnummer], [p].[Virksomhetsnavn]\r\nFROM [Barn] AS [b]\r\nINNER JOIN [Person] AS [p] ON [b].[PersonFK] = [p].[PersonPK]\r\nWHERE [p].[Fødselsnummer] = @__fnr_0","EventId":{"Id":20101,"Name":"Microsoft.EntityFrameworkCore.Database.Command.CommandExecuted"},"SourceContext":"Microsoft.EntityFrameworkCore.Database.Command","ActionId":"e92067c2-9ffc-4fa0-8293-1a7bb26900fa","ActionName":"Birk.BarnAPI.Web.Endpoints.BarnEndpoints.GetBarnByFnr.HandleAsync (Birk.BarnAPI.Web)","RequestId":"0HMP8NQ5ROLFE:00000015","RequestPath":"/BarnByFnr/14011385754","ConnectionId":"0HMP8NQ5ROLFE","ApplicationName":"Barn.Api","CorrelationId":"bc995416-a489-49ec-a77e-271cf231c4c3"}}
{"Timestamp":"2023-03-19T22:27:33.2564872+01:00","Level":"Information","MessageTemplate":"Now listening on: {address}","Properties":{"address":"https://localhost:7040","EventId":{"Id":14,"Name":"ListeningOnAddress"},"SourceContext":"Microsoft.Hosting.Lifetime","ApplicationName":"Barn.Api"}}
{"Timestamp":"2023-03-19T22:27:33.2875505+01:00","Level":"Information","MessageTemplate":"Now listening on: {address}","Properties":{"address":"http://localhost:5152","EventId":{"Id":14,"Name":"ListeningOnAddress"},"SourceContext":"Microsoft.Hosting.Lifetime","ApplicationName":"Barn.Api"}}
{"Timestamp":"2023-03-19T22:27:33.2890028+01:00","Level":"Information","MessageTemplate":"Application started. Press Ctrl+C to shut down.","Properties":{"SourceContext":"Microsoft.Hosting.Lifetime","ApplicationName":"Barn.Api"}}
{"Timestamp":"2023-03-19T22:27:33.2891860+01:00","Level":"Information","MessageTemplate":"Hosting environment: {EnvName}","Properties":{"EnvName":"Development","SourceContext":"Microsoft.Hosting.Lifetime","ApplicationName":"Barn.Api"}}
{"Timestamp":"2023-03-19T22:27:33.2894632+01:00","Level":"Information","MessageTemplate":"Content root path: {ContentRoot}","Properties":{"ContentRoot":"C:\\Repos\\Birk.Barn.API\\Birk.BarnAPI","SourceContext":"Microsoft.Hosting.Lifetime","ApplicationName":"Barn.Api"}}
{"Timestamp":"2023-03-19T22:28:04.0774677+01:00","Level":"Information","MessageTemplate":"Entering {Method}","Properties":{"Method":"GetBarnByFnr","SourceContext":"Birk.BarnAPI.Web.Endpoints.BarnEndpoints.GetBarnByFnr","ActionId":"40d4b0b8-8c22-4518-97e5-64d3f45ed0db","ActionName":"Birk.BarnAPI.Web.Endpoints.BarnEndpoints.GetBarnByFnr.HandleAsync (Birk.BarnAPI.Web)","RequestId":"0HMP8O30AISTQ:00000009","RequestPath":"/BarnByFnr/https:%2F%2Flocalhost:7040%2FBarnByFnr","ConnectionId":"0HMP8O30AISTQ","ApplicationName":"Barn.Api","CorrelationId":"a51b16f7-d672-436b-a0a0-e9848e3a1d70"}}
{"Timestamp":"2023-03-19T22:28:14.6136933+01:00","Level":"Information","MessageTemplate":"Entering {Method}","Properties":{"Method":"GetBarnByFnr","SourceContext":"Birk.BarnAPI.Web.Endpoints.BarnEndpoints.GetBarnByFnr","ActionId":"40d4b0b8-8c22-4518-97e5-64d3f45ed0db","ActionName":"Birk.BarnAPI.Web.Endpoints.BarnEndpoints.GetBarnByFnr.HandleAsync (Birk.BarnAPI.Web)","RequestId":"0HMP8O30AISTQ:0000000B","RequestPath":"/BarnByFnr/14011385754","ConnectionId":"0HMP8O30AISTQ","ApplicationName":"Barn.Api","CorrelationId":"346d494d-0533-41b3-a3e7-07461de10237"}}
{"Timestamp":"2023-03-19T22:28:16.2213828+01:00","Level":"Information","MessageTemplate":"Executed DbCommand ({elapsed}ms) [Parameters=[{parameters}], CommandType='{commandType}', CommandTimeout='{commandTimeout}']{newLine}{commandText}","Properties":{"elapsed":"56","parameters":"@__fnr_0='?' (Size = 12) (DbType = AnsiString)","commandType":"Text","commandTimeout":30,"newLine":"\r\n","commandText":"SELECT TOP(1) [b].[BarnPK], [b].[Agressonummer], [b].[Anonymisert], [b].[AntallAktiveTiltak], [b].[BarnStatusEndretDato], [b].[BarnStatusTypeFK], [b].[BarnTypeFK], [b].[BarnetBeherskerEngelsk], [b].[BarnetErForsvunnet], [b].[BarnetTrengerTolk], [b].[BarnetsKommunalePersonId], [b].[BarnetsSpråkFK], [b].[BirkID], [b].[BirkidSeq], [b].[BirkidÅr], [b].[Duplikat], [b].[EndretAv], [b].[EndretDato], [b].[ErArbeidssøker], [b].[ErAsylsøker], [b].[ErEnsligMindreårig], [b].[EtnisitetAnnet], [b].[EtnisitetMerknad], [b].[EtnisitetTypeFK], [b].[EtnisitetViktig], [b].[FlyktningFraDato], [b].[FolkeGruppeTypeFK], [b].[ForeldreBeherskerEngelsk], [b].[ForeldreTrengerTolk], [b].[HjemmespråkAnnet], [b].[HjemmespråkFK], [b].[Invandrerbakgrunn], [b].[NasjonalitetTypeFK], [b].[OpprinnelseslandTypeFK], [b].[PersonFK], [b].[refBirkID], [b].[RefOdaBarnNr], [b].[refOdanr], [b].[RegAv], [b].[RegDato], [b].[ReligionAnnet], [b].[ReligionMerknad], [b].[ReligionTypeFK], [b].[ReligionViktig], [b].[Sikkerhetsnivå], [b].[SpråkLandMerknad], [b].[StatborgerskapTypeFK], [b].[Termin], [b].[TrosamfunnAnnet], [b].[TrosamfunnFK], [b].[VerdensdelTypeFK], [b].[VerdensregionTypeFK], [p].[PersonPK], [p].[BekreftetDSFAdresseDato], [p].[ComputedSearchNavnFødtBirk], [p].[Dufnummer], [p].[Død], [p].[EndretAv], [p].[EndretDato], [p].[ErSlettet], [p].[ErSlettetDato], [p].[Etternavn], [p].[EtternavnAnon], [p].[Fornavn], [p].[FornavnAnon], [p].[Fødselsnummer], [p].[Født], [p].[IsPerson], [p].[KjønnTypeFK], [p].[Navn], [p].[OpprinnelseslandTypeFk], [p].[Orgnr], [p].[PartyFK], [p].[Personnummer], [p].[RefAnsattNr], [p].[RefBrukerNavn], [p].[RefOdaFoshjemNrEgneBarn1], [p].[RefOdaFoshjemNrEgneBarn2], [p].[RefOdaFoshjemNrEgneBarn3], [p].[RefOdaFoshjemNrFar], [p].[RefOdaFoshjemNrMor], [p].[RefOdaNr], [p].[RefOdaNrFar], [p].[RefOdaNrMor], [p].[RegAv], [p].[RegDato], [p].[SivilstandTypeFK], [p].[StatborgerskapFK], [p].[Stilling], [p].[UsikkerFødselsdato], [p].[UsikkerFødselsnummer], [p].[Virksomhetsnavn]\r\nFROM [Barn] AS [b]\r\nINNER JOIN [Person] AS [p] ON [b].[PersonFK] = [p].[PersonPK]\r\nWHERE [p].[Fødselsnummer] = @__fnr_0","EventId":{"Id":20101,"Name":"Microsoft.EntityFrameworkCore.Database.Command.CommandExecuted"},"SourceContext":"Microsoft.EntityFrameworkCore.Database.Command","ActionId":"40d4b0b8-8c22-4518-97e5-64d3f45ed0db","ActionName":"Birk.BarnAPI.Web.Endpoints.BarnEndpoints.GetBarnByFnr.HandleAsync (Birk.BarnAPI.Web)","RequestId":"0HMP8O30AISTQ:0000000B","RequestPath":"/BarnByFnr/14011385754","ConnectionId":"0HMP8O30AISTQ","ApplicationName":"Barn.Api","CorrelationId":"346d494d-0533-41b3-a3e7-07461de10237"}}
{"Timestamp":"2023-03-19T22:35:39.5766223+01:00","Level":"Information","MessageTemplate":"Entering {Method}","Properties":{"Method":"GetBarnByFnr","SourceContext":"Birk.BarnAPI.Web.Endpoints.BarnEndpoints.GetBarnByFnr","ActionId":"40d4b0b8-8c22-4518-97e5-64d3f45ed0db","ActionName":"Birk.BarnAPI.Web.Endpoints.BarnEndpoints.GetBarnByFnr.HandleAsync (Birk.BarnAPI.Web)","RequestId":"0HMP8O30AISTR:00000001","RequestPath":"/BarnByFnr/0","ConnectionId":"0HMP8O30AISTR","ApplicationName":"Barn.Api","CorrelationId":"3687a335-0f83-4ee6-a606-3c7bcacea7d5"}}
{"Timestamp":"2023-03-19T22:36:05.5113440+01:00","Level":"Information","MessageTemplate":"Entering {Method}","Properties":{"Method":"GetBarnByFnr","SourceContext":"Birk.BarnAPI.Web.Endpoints.BarnEndpoints.GetBarnByFnr","ActionId":"40d4b0b8-8c22-4518-97e5-64d3f45ed0db","ActionName":"Birk.BarnAPI.Web.Endpoints.BarnEndpoints.GetBarnByFnr.HandleAsync (Birk.BarnAPI.Web)","RequestId":"0HMP8O30AISTS:00000001","RequestPath":"/BarnByFnr/0","ConnectionId":"0HMP8O30AISTS","ApplicationName":"Barn.Api","CorrelationId":"b87d6a57-5828-4d96-a199-b534964e76db"}}
{"Timestamp":"2023-03-19T22:37:14.9570401+01:00","Level":"Information","MessageTemplate":"Entering {Method}","Properties":{"Method":"GetBarnByFnr","SourceContext":"Birk.BarnAPI.Web.Endpoints.BarnEndpoints.GetBarnByFnr","ActionId":"40d4b0b8-8c22-4518-97e5-64d3f45ed0db","ActionName":"Birk.BarnAPI.Web.Endpoints.BarnEndpoints.GetBarnByFnr.HandleAsync (Birk.BarnAPI.Web)","RequestId":"0HMP8O30AISTT:00000001","RequestPath":"/BarnByFnr/0","ConnectionId":"0HMP8O30AISTT","ApplicationName":"Barn.Api","CorrelationId":"bfcd5f92-ad59-4eae-b6c4-b7805fce7a8a"}}
{"Timestamp":"2023-03-19T22:37:36.4422327+01:00","Level":"Information","MessageTemplate":"Entering {Method}","Properties":{"Method":"GetBarnByFnr","SourceContext":"Birk.BarnAPI.Web.Endpoints.BarnEndpoints.GetBarnByFnr","ActionId":"40d4b0b8-8c22-4518-97e5-64d3f45ed0db","ActionName":"Birk.BarnAPI.Web.Endpoints.BarnEndpoints.GetBarnByFnr.HandleAsync (Birk.BarnAPI.Web)","RequestId":"0HMP8O30AISTU:00000001","RequestPath":"/BarnByFnr/1401138575","ConnectionId":"0HMP8O30AISTU","ApplicationName":"Barn.Api","CorrelationId":"fa1428f1-fda6-4814-bab2-c5e532c6d1c0"}}
{"Timestamp":"2023-03-19T22:38:27.1449409+01:00","Level":"Information","MessageTemplate":"Entering {Method}","Properties":{"Method":"GetBarnByFnr","SourceContext":"Birk.BarnAPI.Web.Endpoints.BarnEndpoints.GetBarnByFnr","ActionId":"40d4b0b8-8c22-4518-97e5-64d3f45ed0db","ActionName":"Birk.BarnAPI.Web.Endpoints.BarnEndpoints.GetBarnByFnr.HandleAsync (Birk.BarnAPI.Web)","RequestId":"0HMP8O30AISTV:00000001","RequestPath":"/BarnByFnr/1401138575","ConnectionId":"0HMP8O30AISTV","ApplicationName":"Barn.Api","CorrelationId":"5b445bc3-2102-46fa-9648-b41b74a8fdf4"}}
{"Timestamp":"2023-03-19T22:39:51.4248077+01:00","Level":"Information","MessageTemplate":"Entering {Method}","Properties":{"Method":"GetBarnByFnr","SourceContext":"Birk.BarnAPI.Web.Endpoints.BarnEndpoints.GetBarnByFnr","ActionId":"40d4b0b8-8c22-4518-97e5-64d3f45ed0db","ActionName":"Birk.BarnAPI.Web.Endpoints.BarnEndpoints.GetBarnByFnr.HandleAsync (Birk.BarnAPI.Web)","RequestId":"0HMP8O30AISU0:00000001","RequestPath":"/BarnByFnr/1401138575","ConnectionId":"0HMP8O30AISU0","ApplicationName":"Barn.Api","CorrelationId":"126fa42a-6ccf-4614-b5ca-1ea29b8cce8f"}}
{"Timestamp":"2023-03-19T22:40:55.6250960+01:00","Level":"Information","MessageTemplate":"Entering {Method}","Properties":{"Method":"GetBarnByFnr","SourceContext":"Birk.BarnAPI.Web.Endpoints.BarnEndpoints.GetBarnByFnr","ActionId":"40d4b0b8-8c22-4518-97e5-64d3f45ed0db","ActionName":"Birk.BarnAPI.Web.Endpoints.BarnEndpoints.GetBarnByFnr.HandleAsync (Birk.BarnAPI.Web)","RequestId":"0HMP8O30AISU1:00000001","RequestPath":"/BarnByFnr/1401138575","ConnectionId":"0HMP8O30AISU1","ApplicationName":"Barn.Api","CorrelationId":"a30b9ad8-5483-4d24-9d32-23bed131fcc4"}}
{"Timestamp":"2023-03-19T22:43:43.8422437+01:00","Level":"Information","MessageTemplate":"Entering {Method}","Properties":{"Method":"GetBarnByFnr","SourceContext":"Birk.BarnAPI.Web.Endpoints.BarnEndpoints.GetBarnByFnr","ActionId":"40d4b0b8-8c22-4518-97e5-64d3f45ed0db","ActionName":"Birk.BarnAPI.Web.Endpoints.BarnEndpoints.GetBarnByFnr.HandleAsync (Birk.BarnAPI.Web)","RequestId":"0HMP8O30AISU2:00000001","RequestPath":"/BarnByFnr/14011385754","ConnectionId":"0HMP8O30AISU2","ApplicationName":"Barn.Api","CorrelationId":"e8bda61c-299a-49ce-bbb2-3cff37c5579b"}}
{"Timestamp":"2023-03-19T22:43:43.9165630+01:00","Level":"Information","MessageTemplate":"Executed DbCommand ({elapsed}ms) [Parameters=[{parameters}], CommandType='{commandType}', CommandTimeout='{commandTimeout}']{newLine}{commandText}","Properties":{"elapsed":"8","parameters":"@__fnr_0='?' (Size = 12) (DbType = AnsiString)","commandType":"Text","commandTimeout":30,"newLine":"\r\n","commandText":"SELECT TOP(1) [b].[BarnPK], [b].[Agressonummer], [b].[Anonymisert], [b].[AntallAktiveTiltak], [b].[BarnStatusEndretDato], [b].[BarnStatusTypeFK], [b].[BarnTypeFK], [b].[BarnetBeherskerEngelsk], [b].[BarnetErForsvunnet], [b].[BarnetTrengerTolk], [b].[BarnetsKommunalePersonId], [b].[BarnetsSpråkFK], [b].[BirkID], [b].[BirkidSeq], [b].[BirkidÅr], [b].[Duplikat], [b].[EndretAv], [b].[EndretDato], [b].[ErArbeidssøker], [b].[ErAsylsøker], [b].[ErEnsligMindreårig], [b].[EtnisitetAnnet], [b].[EtnisitetMerknad], [b].[EtnisitetTypeFK], [b].[EtnisitetViktig], [b].[FlyktningFraDato], [b].[FolkeGruppeTypeFK], [b].[ForeldreBeherskerEngelsk], [b].[ForeldreTrengerTolk], [b].[HjemmespråkAnnet], [b].[HjemmespråkFK], [b].[Invandrerbakgrunn], [b].[NasjonalitetTypeFK], [b].[OpprinnelseslandTypeFK], [b].[PersonFK], [b].[refBirkID], [b].[RefOdaBarnNr], [b].[refOdanr], [b].[RegAv], [b].[RegDato], [b].[ReligionAnnet], [b].[ReligionMerknad], [b].[ReligionTypeFK], [b].[ReligionViktig], [b].[Sikkerhetsnivå], [b].[SpråkLandMerknad], [b].[StatborgerskapTypeFK], [b].[Termin], [b].[TrosamfunnAnnet], [b].[TrosamfunnFK], [b].[VerdensdelTypeFK], [b].[VerdensregionTypeFK], [p].[PersonPK], [p].[BekreftetDSFAdresseDato], [p].[ComputedSearchNavnFødtBirk], [p].[Dufnummer], [p].[Død], [p].[EndretAv], [p].[EndretDato], [p].[ErSlettet], [p].[ErSlettetDato], [p].[Etternavn], [p].[EtternavnAnon], [p].[Fornavn], [p].[FornavnAnon], [p].[Fødselsnummer], [p].[Født], [p].[IsPerson], [p].[KjønnTypeFK], [p].[Navn], [p].[OpprinnelseslandTypeFk], [p].[Orgnr], [p].[PartyFK], [p].[Personnummer], [p].[RefAnsattNr], [p].[RefBrukerNavn], [p].[RefOdaFoshjemNrEgneBarn1], [p].[RefOdaFoshjemNrEgneBarn2], [p].[RefOdaFoshjemNrEgneBarn3], [p].[RefOdaFoshjemNrFar], [p].[RefOdaFoshjemNrMor], [p].[RefOdaNr], [p].[RefOdaNrFar], [p].[RefOdaNrMor], [p].[RegAv], [p].[RegDato], [p].[SivilstandTypeFK], [p].[StatborgerskapFK], [p].[Stilling], [p].[UsikkerFødselsdato], [p].[UsikkerFødselsnummer], [p].[Virksomhetsnavn]\r\nFROM [Barn] AS [b]\r\nINNER JOIN [Person] AS [p] ON [b].[PersonFK] = [p].[PersonPK]\r\nWHERE [p].[Fødselsnummer] = @__fnr_0","EventId":{"Id":20101,"Name":"Microsoft.EntityFrameworkCore.Database.Command.CommandExecuted"},"SourceContext":"Microsoft.EntityFrameworkCore.Database.Command","ActionId":"40d4b0b8-8c22-4518-97e5-64d3f45ed0db","ActionName":"Birk.BarnAPI.Web.Endpoints.BarnEndpoints.GetBarnByFnr.HandleAsync (Birk.BarnAPI.Web)","RequestId":"0HMP8O30AISU2:00000001","RequestPath":"/BarnByFnr/14011385754","ConnectionId":"0HMP8O30AISU2","ApplicationName":"Barn.Api","CorrelationId":"e8bda61c-299a-49ce-bbb2-3cff37c5579b"}}
{"Timestamp":"2023-03-19T22:44:24.3115757+01:00","Level":"Information","MessageTemplate":"Entering {Method}","Properties":{"Method":"GetBarnByFnr","SourceContext":"Birk.BarnAPI.Web.Endpoints.BarnEndpoints.GetBarnByFnr","ActionId":"40d4b0b8-8c22-4518-97e5-64d3f45ed0db","ActionName":"Birk.BarnAPI.Web.Endpoints.BarnEndpoints.GetBarnByFnr.HandleAsync (Birk.BarnAPI.Web)","RequestId":"0HMP8O30AISU3:00000001","RequestPath":"/BarnByFnr/14011385754","ConnectionId":"0HMP8O30AISU3","ApplicationName":"Barn.Api","CorrelationId":"68e1b67f-fbf5-45f9-80aa-1be2e853ae4e"}}
{"Timestamp":"2023-03-19T22:44:43.5201082+01:00","Level":"Information","MessageTemplate":"Executed DbCommand ({elapsed}ms) [Parameters=[{parameters}], CommandType='{commandType}', CommandTimeout='{commandTimeout}']{newLine}{commandText}","Properties":{"elapsed":"9","parameters":"@__fnr_0='?' (Size = 12) (DbType = AnsiString)","commandType":"Text","commandTimeout":30,"newLine":"\r\n","commandText":"SELECT TOP(1) [b].[BarnPK], [b].[Agressonummer], [b].[Anonymisert], [b].[AntallAktiveTiltak], [b].[BarnStatusEndretDato], [b].[BarnStatusTypeFK], [b].[BarnTypeFK], [b].[BarnetBeherskerEngelsk], [b].[BarnetErForsvunnet], [b].[BarnetTrengerTolk], [b].[BarnetsKommunalePersonId], [b].[BarnetsSpråkFK], [b].[BirkID], [b].[BirkidSeq], [b].[BirkidÅr], [b].[Duplikat], [b].[EndretAv], [b].[EndretDato], [b].[ErArbeidssøker], [b].[ErAsylsøker], [b].[ErEnsligMindreårig], [b].[EtnisitetAnnet], [b].[EtnisitetMerknad], [b].[EtnisitetTypeFK], [b].[EtnisitetViktig], [b].[FlyktningFraDato], [b].[FolkeGruppeTypeFK], [b].[ForeldreBeherskerEngelsk], [b].[ForeldreTrengerTolk], [b].[HjemmespråkAnnet], [b].[HjemmespråkFK], [b].[Invandrerbakgrunn], [b].[NasjonalitetTypeFK], [b].[OpprinnelseslandTypeFK], [b].[PersonFK], [b].[refBirkID], [b].[RefOdaBarnNr], [b].[refOdanr], [b].[RegAv], [b].[RegDato], [b].[ReligionAnnet], [b].[ReligionMerknad], [b].[ReligionTypeFK], [b].[ReligionViktig], [b].[Sikkerhetsnivå], [b].[SpråkLandMerknad], [b].[StatborgerskapTypeFK], [b].[Termin], [b].[TrosamfunnAnnet], [b].[TrosamfunnFK], [b].[VerdensdelTypeFK], [b].[VerdensregionTypeFK], [p].[PersonPK], [p].[BekreftetDSFAdresseDato], [p].[ComputedSearchNavnFødtBirk], [p].[Dufnummer], [p].[Død], [p].[EndretAv], [p].[EndretDato], [p].[ErSlettet], [p].[ErSlettetDato], [p].[Etternavn], [p].[EtternavnAnon], [p].[Fornavn], [p].[FornavnAnon], [p].[Fødselsnummer], [p].[Født], [p].[IsPerson], [p].[KjønnTypeFK], [p].[Navn], [p].[OpprinnelseslandTypeFk], [p].[Orgnr], [p].[PartyFK], [p].[Personnummer], [p].[RefAnsattNr], [p].[RefBrukerNavn], [p].[RefOdaFoshjemNrEgneBarn1], [p].[RefOdaFoshjemNrEgneBarn2], [p].[RefOdaFoshjemNrEgneBarn3], [p].[RefOdaFoshjemNrFar], [p].[RefOdaFoshjemNrMor], [p].[RefOdaNr], [p].[RefOdaNrFar], [p].[RefOdaNrMor], [p].[RegAv], [p].[RegDato], [p].[SivilstandTypeFK], [p].[StatborgerskapFK], [p].[Stilling], [p].[UsikkerFødselsdato], [p].[UsikkerFødselsnummer], [p].[Virksomhetsnavn]\r\nFROM [Barn] AS [b]\r\nINNER JOIN [Person] AS [p] ON [b].[PersonFK] = [p].[PersonPK]\r\nWHERE [p].[Fødselsnummer] = @__fnr_0","EventId":{"Id":20101,"Name":"Microsoft.EntityFrameworkCore.Database.Command.CommandExecuted"},"SourceContext":"Microsoft.EntityFrameworkCore.Database.Command","ActionId":"40d4b0b8-8c22-4518-97e5-64d3f45ed0db","ActionName":"Birk.BarnAPI.Web.Endpoints.BarnEndpoints.GetBarnByFnr.HandleAsync (Birk.BarnAPI.Web)","RequestId":"0HMP8O30AISU3:00000001","RequestPath":"/BarnByFnr/14011385754","ConnectionId":"0HMP8O30AISU3","ApplicationName":"Barn.Api","CorrelationId":"68e1b67f-fbf5-45f9-80aa-1be2e853ae4e"}}
{"Timestamp":"2023-03-19T22:45:29.9957201+01:00","Level":"Information","MessageTemplate":"Entering {Method}","Properties":{"Method":"GetBarnByFnr","SourceContext":"Birk.BarnAPI.Web.Endpoints.BarnEndpoints.GetBarnByFnr","ActionId":"40d4b0b8-8c22-4518-97e5-64d3f45ed0db","ActionName":"Birk.BarnAPI.Web.Endpoints.BarnEndpoints.GetBarnByFnr.HandleAsync (Birk.BarnAPI.Web)","RequestId":"0HMP8O30AISU4:00000001","RequestPath":"/BarnByFnr/14011385754","ConnectionId":"0HMP8O30AISU4","ApplicationName":"Barn.Api","CorrelationId":"61c9f5dd-fc0a-41b1-9481-e647538e7d97"}}
{"Timestamp":"2023-03-19T22:45:30.0018836+01:00","Level":"Information","MessageTemplate":"Executed DbCommand ({elapsed}ms) [Parameters=[{parameters}], CommandType='{commandType}', CommandTimeout='{commandTimeout}']{newLine}{commandText}","Properties":{"elapsed":"4","parameters":"@__fnr_0='?' (Size = 12) (DbType = AnsiString)","commandType":"Text","commandTimeout":30,"newLine":"\r\n","commandText":"SELECT TOP(1) [b].[BarnPK], [b].[Agressonummer], [b].[Anonymisert], [b].[AntallAktiveTiltak], [b].[BarnStatusEndretDato], [b].[BarnStatusTypeFK], [b].[BarnTypeFK], [b].[BarnetBeherskerEngelsk], [b].[BarnetErForsvunnet], [b].[BarnetTrengerTolk], [b].[BarnetsKommunalePersonId], [b].[BarnetsSpråkFK], [b].[BirkID], [b].[BirkidSeq], [b].[BirkidÅr], [b].[Duplikat], [b].[EndretAv], [b].[EndretDato], [b].[ErArbeidssøker], [b].[ErAsylsøker], [b].[ErEnsligMindreårig], [b].[EtnisitetAnnet], [b].[EtnisitetMerknad], [b].[EtnisitetTypeFK], [b].[EtnisitetViktig], [b].[FlyktningFraDato], [b].[FolkeGruppeTypeFK], [b].[ForeldreBeherskerEngelsk], [b].[ForeldreTrengerTolk], [b].[HjemmespråkAnnet], [b].[HjemmespråkFK], [b].[Invandrerbakgrunn], [b].[NasjonalitetTypeFK], [b].[OpprinnelseslandTypeFK], [b].[PersonFK], [b].[refBirkID], [b].[RefOdaBarnNr], [b].[refOdanr], [b].[RegAv], [b].[RegDato], [b].[ReligionAnnet], [b].[ReligionMerknad], [b].[ReligionTypeFK], [b].[ReligionViktig], [b].[Sikkerhetsnivå], [b].[SpråkLandMerknad], [b].[StatborgerskapTypeFK], [b].[Termin], [b].[TrosamfunnAnnet], [b].[TrosamfunnFK], [b].[VerdensdelTypeFK], [b].[VerdensregionTypeFK], [p].[PersonPK], [p].[BekreftetDSFAdresseDato], [p].[ComputedSearchNavnFødtBirk], [p].[Dufnummer], [p].[Død], [p].[EndretAv], [p].[EndretDato], [p].[ErSlettet], [p].[ErSlettetDato], [p].[Etternavn], [p].[EtternavnAnon], [p].[Fornavn], [p].[FornavnAnon], [p].[Fødselsnummer], [p].[Født], [p].[IsPerson], [p].[KjønnTypeFK], [p].[Navn], [p].[OpprinnelseslandTypeFk], [p].[Orgnr], [p].[PartyFK], [p].[Personnummer], [p].[RefAnsattNr], [p].[RefBrukerNavn], [p].[RefOdaFoshjemNrEgneBarn1], [p].[RefOdaFoshjemNrEgneBarn2], [p].[RefOdaFoshjemNrEgneBarn3], [p].[RefOdaFoshjemNrFar], [p].[RefOdaFoshjemNrMor], [p].[RefOdaNr], [p].[RefOdaNrFar], [p].[RefOdaNrMor], [p].[RegAv], [p].[RegDato], [p].[SivilstandTypeFK], [p].[StatborgerskapFK], [p].[Stilling], [p].[UsikkerFødselsdato], [p].[UsikkerFødselsnummer], [p].[Virksomhetsnavn]\r\nFROM [Barn] AS [b]\r\nINNER JOIN [Person] AS [p] ON [b].[PersonFK] = [p].[PersonPK]\r\nWHERE [p].[Fødselsnummer] = @__fnr_0","EventId":{"Id":20101,"Name":"Microsoft.EntityFrameworkCore.Database.Command.CommandExecuted"},"SourceContext":"Microsoft.EntityFrameworkCore.Database.Command","ActionId":"40d4b0b8-8c22-4518-97e5-64d3f45ed0db","ActionName":"Birk.BarnAPI.Web.Endpoints.BarnEndpoints.GetBarnByFnr.HandleAsync (Birk.BarnAPI.Web)","RequestId":"0HMP8O30AISU4:00000001","RequestPath":"/BarnByFnr/14011385754","ConnectionId":"0HMP8O30AISU4","ApplicationName":"Barn.Api","CorrelationId":"61c9f5dd-fc0a-41b1-9481-e647538e7d97"}}
{"Timestamp":"2023-03-19T22:46:31.7039644+01:00","Level":"Information","MessageTemplate":"Entering {Method}","Properties":{"Method":"GetBarnByFnr","SourceContext":"Birk.BarnAPI.Web.Endpoints.BarnEndpoints.GetBarnByFnr","ActionId":"40d4b0b8-8c22-4518-97e5-64d3f45ed0db","ActionName":"Birk.BarnAPI.Web.Endpoints.BarnEndpoints.GetBarnByFnr.HandleAsync (Birk.BarnAPI.Web)","RequestId":"0HMP8O30AISU5:00000001","RequestPath":"/BarnByFnr/14011385754","ConnectionId":"0HMP8O30AISU5","ApplicationName":"Barn.Api","CorrelationId":"9eb7bae3-810e-41b4-af16-8c9f15062197"}}
{"Timestamp":"2023-03-19T22:46:31.7086994+01:00","Level":"Information","MessageTemplate":"Executed DbCommand ({elapsed}ms) [Parameters=[{parameters}], CommandType='{commandType}', CommandTimeout='{commandTimeout}']{newLine}{commandText}","Properties":{"elapsed":"3","parameters":"@__fnr_0='?' (Size = 12) (DbType = AnsiString)","commandType":"Text","commandTimeout":30,"newLine":"\r\n","commandText":"SELECT TOP(1) [b].[BarnPK], [b].[Agressonummer], [b].[Anonymisert], [b].[AntallAktiveTiltak], [b].[BarnStatusEndretDato], [b].[BarnStatusTypeFK], [b].[BarnTypeFK], [b].[BarnetBeherskerEngelsk], [b].[BarnetErForsvunnet], [b].[BarnetTrengerTolk], [b].[BarnetsKommunalePersonId], [b].[BarnetsSpråkFK], [b].[BirkID], [b].[BirkidSeq], [b].[BirkidÅr], [b].[Duplikat], [b].[EndretAv], [b].[EndretDato], [b].[ErArbeidssøker], [b].[ErAsylsøker], [b].[ErEnsligMindreårig], [b].[EtnisitetAnnet], [b].[EtnisitetMerknad], [b].[EtnisitetTypeFK], [b].[EtnisitetViktig], [b].[FlyktningFraDato], [b].[FolkeGruppeTypeFK], [b].[ForeldreBeherskerEngelsk], [b].[ForeldreTrengerTolk], [b].[HjemmespråkAnnet], [b].[HjemmespråkFK], [b].[Invandrerbakgrunn], [b].[NasjonalitetTypeFK], [b].[OpprinnelseslandTypeFK], [b].[PersonFK], [b].[refBirkID], [b].[RefOdaBarnNr], [b].[refOdanr], [b].[RegAv], [b].[RegDato], [b].[ReligionAnnet], [b].[ReligionMerknad], [b].[ReligionTypeFK], [b].[ReligionViktig], [b].[Sikkerhetsnivå], [b].[SpråkLandMerknad], [b].[StatborgerskapTypeFK], [b].[Termin], [b].[TrosamfunnAnnet], [b].[TrosamfunnFK], [b].[VerdensdelTypeFK], [b].[VerdensregionTypeFK], [p].[PersonPK], [p].[BekreftetDSFAdresseDato], [p].[ComputedSearchNavnFødtBirk], [p].[Dufnummer], [p].[Død], [p].[EndretAv], [p].[EndretDato], [p].[ErSlettet], [p].[ErSlettetDato], [p].[Etternavn], [p].[EtternavnAnon], [p].[Fornavn], [p].[FornavnAnon], [p].[Fødselsnummer], [p].[Født], [p].[IsPerson], [p].[KjønnTypeFK], [p].[Navn], [p].[OpprinnelseslandTypeFk], [p].[Orgnr], [p].[PartyFK], [p].[Personnummer], [p].[RefAnsattNr], [p].[RefBrukerNavn], [p].[RefOdaFoshjemNrEgneBarn1], [p].[RefOdaFoshjemNrEgneBarn2], [p].[RefOdaFoshjemNrEgneBarn3], [p].[RefOdaFoshjemNrFar], [p].[RefOdaFoshjemNrMor], [p].[RefOdaNr], [p].[RefOdaNrFar], [p].[RefOdaNrMor], [p].[RegAv], [p].[RegDato], [p].[SivilstandTypeFK], [p].[StatborgerskapFK], [p].[Stilling], [p].[UsikkerFødselsdato], [p].[UsikkerFødselsnummer], [p].[Virksomhetsnavn]\r\nFROM [Barn] AS [b]\r\nINNER JOIN [Person] AS [p] ON [b].[PersonFK] = [p].[PersonPK]\r\nWHERE [p].[Fødselsnummer] = @__fnr_0","EventId":{"Id":20101,"Name":"Microsoft.EntityFrameworkCore.Database.Command.CommandExecuted"},"SourceContext":"Microsoft.EntityFrameworkCore.Database.Command","ActionId":"40d4b0b8-8c22-4518-97e5-64d3f45ed0db","ActionName":"Birk.BarnAPI.Web.Endpoints.BarnEndpoints.GetBarnByFnr.HandleAsync (Birk.BarnAPI.Web)","RequestId":"0HMP8O30AISU5:00000001","RequestPath":"/BarnByFnr/14011385754","ConnectionId":"0HMP8O30AISU5","ApplicationName":"Barn.Api","CorrelationId":"9eb7bae3-810e-41b4-af16-8c9f15062197"}}
{"Timestamp":"2023-03-19T22:47:39.0960037+01:00","Level":"Information","MessageTemplate":"Entering {Method}","Properties":{"Method":"GetBarnByFnr","SourceContext":"Birk.BarnAPI.Web.Endpoints.BarnEndpoints.GetBarnByFnr","ActionId":"40d4b0b8-8c22-4518-97e5-64d3f45ed0db","ActionName":"Birk.BarnAPI.Web.Endpoints.BarnEndpoints.GetBarnByFnr.HandleAsync (Birk.BarnAPI.Web)","RequestId":"0HMP8O30AISU6:00000001","RequestPath":"/BarnByFnr/14011385754","ConnectionId":"0HMP8O30AISU6","ApplicationName":"Barn.Api","CorrelationId":"0ca49588-3dde-4da4-a4d7-4f55949288d2"}}
{"Timestamp":"2023-03-19T22:47:39.1018306+01:00","Level":"Information","MessageTemplate":"Executed DbCommand ({elapsed}ms) [Parameters=[{parameters}], CommandType='{commandType}', CommandTimeout='{commandTimeout}']{newLine}{commandText}","Properties":{"elapsed":"4","parameters":"@__fnr_0='?' (Size = 12) (DbType = AnsiString)","commandType":"Text","commandTimeout":30,"newLine":"\r\n","commandText":"SELECT TOP(1) [b].[BarnPK], [b].[Agressonummer], [b].[Anonymisert], [b].[AntallAktiveTiltak], [b].[BarnStatusEndretDato], [b].[BarnStatusTypeFK], [b].[BarnTypeFK], [b].[BarnetBeherskerEngelsk], [b].[BarnetErForsvunnet], [b].[BarnetTrengerTolk], [b].[BarnetsKommunalePersonId], [b].[BarnetsSpråkFK], [b].[BirkID], [b].[BirkidSeq], [b].[BirkidÅr], [b].[Duplikat], [b].[EndretAv], [b].[EndretDato], [b].[ErArbeidssøker], [b].[ErAsylsøker], [b].[ErEnsligMindreårig], [b].[EtnisitetAnnet], [b].[EtnisitetMerknad], [b].[EtnisitetTypeFK], [b].[EtnisitetViktig], [b].[FlyktningFraDato], [b].[FolkeGruppeTypeFK], [b].[ForeldreBeherskerEngelsk], [b].[ForeldreTrengerTolk], [b].[HjemmespråkAnnet], [b].[HjemmespråkFK], [b].[Invandrerbakgrunn], [b].[NasjonalitetTypeFK], [b].[OpprinnelseslandTypeFK], [b].[PersonFK], [b].[refBirkID], [b].[RefOdaBarnNr], [b].[refOdanr], [b].[RegAv], [b].[RegDato], [b].[ReligionAnnet], [b].[ReligionMerknad], [b].[ReligionTypeFK], [b].[ReligionViktig], [b].[Sikkerhetsnivå], [b].[SpråkLandMerknad], [b].[StatborgerskapTypeFK], [b].[Termin], [b].[TrosamfunnAnnet], [b].[TrosamfunnFK], [b].[VerdensdelTypeFK], [b].[VerdensregionTypeFK], [p].[PersonPK], [p].[BekreftetDSFAdresseDato], [p].[ComputedSearchNavnFødtBirk], [p].[Dufnummer], [p].[Død], [p].[EndretAv], [p].[EndretDato], [p].[ErSlettet], [p].[ErSlettetDato], [p].[Etternavn], [p].[EtternavnAnon], [p].[Fornavn], [p].[FornavnAnon], [p].[Fødselsnummer], [p].[Født], [p].[IsPerson], [p].[KjønnTypeFK], [p].[Navn], [p].[OpprinnelseslandTypeFk], [p].[Orgnr], [p].[PartyFK], [p].[Personnummer], [p].[RefAnsattNr], [p].[RefBrukerNavn], [p].[RefOdaFoshjemNrEgneBarn1], [p].[RefOdaFoshjemNrEgneBarn2], [p].[RefOdaFoshjemNrEgneBarn3], [p].[RefOdaFoshjemNrFar], [p].[RefOdaFoshjemNrMor], [p].[RefOdaNr], [p].[RefOdaNrFar], [p].[RefOdaNrMor], [p].[RegAv], [p].[RegDato], [p].[SivilstandTypeFK], [p].[StatborgerskapFK], [p].[Stilling], [p].[UsikkerFødselsdato], [p].[UsikkerFødselsnummer], [p].[Virksomhetsnavn]\r\nFROM [Barn] AS [b]\r\nINNER JOIN [Person] AS [p] ON [b].[PersonFK] = [p].[PersonPK]\r\nWHERE [p].[Fødselsnummer] = @__fnr_0","EventId":{"Id":20101,"Name":"Microsoft.EntityFrameworkCore.Database.Command.CommandExecuted"},"SourceContext":"Microsoft.EntityFrameworkCore.Database.Command","ActionId":"40d4b0b8-8c22-4518-97e5-64d3f45ed0db","ActionName":"Birk.BarnAPI.Web.Endpoints.BarnEndpoints.GetBarnByFnr.HandleAsync (Birk.BarnAPI.Web)","RequestId":"0HMP8O30AISU6:00000001","RequestPath":"/BarnByFnr/14011385754","ConnectionId":"0HMP8O30AISU6","ApplicationName":"Barn.Api","CorrelationId":"0ca49588-3dde-4da4-a4d7-4f55949288d2"}}
{"Timestamp":"2023-03-19T22:55:40.1162937+01:00","Level":"Information","MessageTemplate":"Entering {Method}","Properties":{"Method":"GetBarnByFnr","SourceContext":"Birk.BarnAPI.Web.Endpoints.BarnEndpoints.GetBarnByFnr","ActionId":"40d4b0b8-8c22-4518-97e5-64d3f45ed0db","ActionName":"Birk.BarnAPI.Web.Endpoints.BarnEndpoints.GetBarnByFnr.HandleAsync (Birk.BarnAPI.Web)","RequestId":"0HMP8O30AISU8:00000001","RequestPath":"/BarnByFnr/14011385754","ConnectionId":"0HMP8O30AISU8","ApplicationName":"Barn.Api","CorrelationId":"46b352db-6f9a-4875-80cf-06c42e38fd79"}}
{"Timestamp":"2023-03-19T22:55:40.1379300+01:00","Level":"Information","MessageTemplate":"Executed DbCommand ({elapsed}ms) [Parameters=[{parameters}], CommandType='{commandType}', CommandTimeout='{commandTimeout}']{newLine}{commandText}","Properties":{"elapsed":"6","parameters":"@__fnr_0='?' (Size = 12) (DbType = AnsiString)","commandType":"Text","commandTimeout":30,"newLine":"\r\n","commandText":"SELECT TOP(1) [b].[BarnPK], [b].[Agressonummer], [b].[Anonymisert], [b].[AntallAktiveTiltak], [b].[BarnStatusEndretDato], [b].[BarnStatusTypeFK], [b].[BarnTypeFK], [b].[BarnetBeherskerEngelsk], [b].[BarnetErForsvunnet], [b].[BarnetTrengerTolk], [b].[BarnetsKommunalePersonId], [b].[BarnetsSpråkFK], [b].[BirkID], [b].[BirkidSeq], [b].[BirkidÅr], [b].[Duplikat], [b].[EndretAv], [b].[EndretDato], [b].[ErArbeidssøker], [b].[ErAsylsøker], [b].[ErEnsligMindreårig], [b].[EtnisitetAnnet], [b].[EtnisitetMerknad], [b].[EtnisitetTypeFK], [b].[EtnisitetViktig], [b].[FlyktningFraDato], [b].[FolkeGruppeTypeFK], [b].[ForeldreBeherskerEngelsk], [b].[ForeldreTrengerTolk], [b].[HjemmespråkAnnet], [b].[HjemmespråkFK], [b].[Invandrerbakgrunn], [b].[NasjonalitetTypeFK], [b].[OpprinnelseslandTypeFK], [b].[PersonFK], [b].[refBirkID], [b].[RefOdaBarnNr], [b].[refOdanr], [b].[RegAv], [b].[RegDato], [b].[ReligionAnnet], [b].[ReligionMerknad], [b].[ReligionTypeFK], [b].[ReligionViktig], [b].[Sikkerhetsnivå], [b].[SpråkLandMerknad], [b].[StatborgerskapTypeFK], [b].[Termin], [b].[TrosamfunnAnnet], [b].[TrosamfunnFK], [b].[VerdensdelTypeFK], [b].[VerdensregionTypeFK], [p].[PersonPK], [p].[BekreftetDSFAdresseDato], [p].[ComputedSearchNavnFødtBirk], [p].[Dufnummer], [p].[Død], [p].[EndretAv], [p].[EndretDato], [p].[ErSlettet], [p].[ErSlettetDato], [p].[Etternavn], [p].[EtternavnAnon], [p].[Fornavn], [p].[FornavnAnon], [p].[Fødselsnummer], [p].[Født], [p].[IsPerson], [p].[KjønnTypeFK], [p].[Navn], [p].[OpprinnelseslandTypeFk], [p].[Orgnr], [p].[PartyFK], [p].[Personnummer], [p].[RefAnsattNr], [p].[RefBrukerNavn], [p].[RefOdaFoshjemNrEgneBarn1], [p].[RefOdaFoshjemNrEgneBarn2], [p].[RefOdaFoshjemNrEgneBarn3], [p].[RefOdaFoshjemNrFar], [p].[RefOdaFoshjemNrMor], [p].[RefOdaNr], [p].[RefOdaNrFar], [p].[RefOdaNrMor], [p].[RegAv], [p].[RegDato], [p].[SivilstandTypeFK], [p].[StatborgerskapFK], [p].[Stilling], [p].[UsikkerFødselsdato], [p].[UsikkerFødselsnummer], [p].[Virksomhetsnavn]\r\nFROM [Barn] AS [b]\r\nINNER JOIN [Person] AS [p] ON [b].[PersonFK] = [p].[PersonPK]\r\nWHERE [p].[Fødselsnummer] = @__fnr_0","EventId":{"Id":20101,"Name":"Microsoft.EntityFrameworkCore.Database.Command.CommandExecuted"},"SourceContext":"Microsoft.EntityFrameworkCore.Database.Command","ActionId":"40d4b0b8-8c22-4518-97e5-64d3f45ed0db","ActionName":"Birk.BarnAPI.Web.Endpoints.BarnEndpoints.GetBarnByFnr.HandleAsync (Birk.BarnAPI.Web)","RequestId":"0HMP8O30AISU8:00000001","RequestPath":"/BarnByFnr/14011385754","ConnectionId":"0HMP8O30AISU8","ApplicationName":"Barn.Api","CorrelationId":"46b352db-6f9a-4875-80cf-06c42e38fd79"}}
{"Timestamp":"2023-03-19T23:00:44.2182642+01:00","Level":"Information","MessageTemplate":"Entering {Method}","Properties":{"Method":"GetBarnByFnr","SourceContext":"Birk.BarnAPI.Web.Endpoints.BarnEndpoints.GetBarnByFnr","ActionId":"40d4b0b8-8c22-4518-97e5-64d3f45ed0db","ActionName":"Birk.BarnAPI.Web.Endpoints.BarnEndpoints.GetBarnByFnr.HandleAsync (Birk.BarnAPI.Web)","RequestId":"0HMP8O30AISU9:00000001","RequestPath":"/BarnByFnr/14011385754","ConnectionId":"0HMP8O30AISU9","ApplicationName":"Barn.Api","CorrelationId":"a64879fb-a5e7-4058-abcd-e52eb2e6383b"}}
{"Timestamp":"2023-03-19T23:00:44.2241532+01:00","Level":"Information","MessageTemplate":"Executed DbCommand ({elapsed}ms) [Parameters=[{parameters}], CommandType='{commandType}', CommandTimeout='{commandTimeout}']{newLine}{commandText}","Properties":{"elapsed":"3","parameters":"@__fnr_0='?' (Size = 12) (DbType = AnsiString)","commandType":"Text","commandTimeout":30,"newLine":"\r\n","commandText":"SELECT TOP(1) [b].[BarnPK], [b].[Agressonummer], [b].[Anonymisert], [b].[AntallAktiveTiltak], [b].[BarnStatusEndretDato], [b].[BarnStatusTypeFK], [b].[BarnTypeFK], [b].[BarnetBeherskerEngelsk], [b].[BarnetErForsvunnet], [b].[BarnetTrengerTolk], [b].[BarnetsKommunalePersonId], [b].[BarnetsSpråkFK], [b].[BirkID], [b].[BirkidSeq], [b].[BirkidÅr], [b].[Duplikat], [b].[EndretAv], [b].[EndretDato], [b].[ErArbeidssøker], [b].[ErAsylsøker], [b].[ErEnsligMindreårig], [b].[EtnisitetAnnet], [b].[EtnisitetMerknad], [b].[EtnisitetTypeFK], [b].[EtnisitetViktig], [b].[FlyktningFraDato], [b].[FolkeGruppeTypeFK], [b].[ForeldreBeherskerEngelsk], [b].[ForeldreTrengerTolk], [b].[HjemmespråkAnnet], [b].[HjemmespråkFK], [b].[Invandrerbakgrunn], [b].[NasjonalitetTypeFK], [b].[OpprinnelseslandTypeFK], [b].[PersonFK], [b].[refBirkID], [b].[RefOdaBarnNr], [b].[refOdanr], [b].[RegAv], [b].[RegDato], [b].[ReligionAnnet], [b].[ReligionMerknad], [b].[ReligionTypeFK], [b].[ReligionViktig], [b].[Sikkerhetsnivå], [b].[SpråkLandMerknad], [b].[StatborgerskapTypeFK], [b].[Termin], [b].[TrosamfunnAnnet], [b].[TrosamfunnFK], [b].[VerdensdelTypeFK], [b].[VerdensregionTypeFK], [p].[PersonPK], [p].[BekreftetDSFAdresseDato], [p].[ComputedSearchNavnFødtBirk], [p].[Dufnummer], [p].[Død], [p].[EndretAv], [p].[EndretDato], [p].[ErSlettet], [p].[ErSlettetDato], [p].[Etternavn], [p].[EtternavnAnon], [p].[Fornavn], [p].[FornavnAnon], [p].[Fødselsnummer], [p].[Født], [p].[IsPerson], [p].[KjønnTypeFK], [p].[Navn], [p].[OpprinnelseslandTypeFk], [p].[Orgnr], [p].[PartyFK], [p].[Personnummer], [p].[RefAnsattNr], [p].[RefBrukerNavn], [p].[RefOdaFoshjemNrEgneBarn1], [p].[RefOdaFoshjemNrEgneBarn2], [p].[RefOdaFoshjemNrEgneBarn3], [p].[RefOdaFoshjemNrFar], [p].[RefOdaFoshjemNrMor], [p].[RefOdaNr], [p].[RefOdaNrFar], [p].[RefOdaNrMor], [p].[RegAv], [p].[RegDato], [p].[SivilstandTypeFK], [p].[StatborgerskapFK], [p].[Stilling], [p].[UsikkerFødselsdato], [p].[UsikkerFødselsnummer], [p].[Virksomhetsnavn]\r\nFROM [Barn] AS [b]\r\nINNER JOIN [Person] AS [p] ON [b].[PersonFK] = [p].[PersonPK]\r\nWHERE [p].[Fødselsnummer] = @__fnr_0","EventId":{"Id":20101,"Name":"Microsoft.EntityFrameworkCore.Database.Command.CommandExecuted"},"SourceContext":"Microsoft.EntityFrameworkCore.Database.Command","ActionId":"40d4b0b8-8c22-4518-97e5-64d3f45ed0db","ActionName":"Birk.BarnAPI.Web.Endpoints.BarnEndpoints.GetBarnByFnr.HandleAsync (Birk.BarnAPI.Web)","RequestId":"0HMP8O30AISU9:00000001","RequestPath":"/BarnByFnr/14011385754","ConnectionId":"0HMP8O30AISU9","ApplicationName":"Barn.Api","CorrelationId":"a64879fb-a5e7-4058-abcd-e52eb2e6383b"}}
{"Timestamp":"2023-03-19T23:02:27.0424604+01:00","Level":"Information","MessageTemplate":"Entering {Method}","Properties":{"Method":"GetBarnByFnr","SourceContext":"Birk.BarnAPI.Web.Endpoints.BarnEndpoints.GetBarnByFnr","ActionId":"40d4b0b8-8c22-4518-97e5-64d3f45ed0db","ActionName":"Birk.BarnAPI.Web.Endpoints.BarnEndpoints.GetBarnByFnr.HandleAsync (Birk.BarnAPI.Web)","RequestId":"0HMP8O30AISUA:00000001","RequestPath":"/BarnByFnr/14011385754","ConnectionId":"0HMP8O30AISUA","ApplicationName":"Barn.Api","CorrelationId":"1daa5498-a2b2-4853-8382-bcd82502c736"}}
{"Timestamp":"2023-03-19T23:02:27.0487186+01:00","Level":"Information","MessageTemplate":"Executed DbCommand ({elapsed}ms) [Parameters=[{parameters}], CommandType='{commandType}', CommandTimeout='{commandTimeout}']{newLine}{commandText}","Properties":{"elapsed":"2","parameters":"@__fnr_0='?' (Size = 12) (DbType = AnsiString)","commandType":"Text","commandTimeout":30,"newLine":"\r\n","commandText":"SELECT TOP(1) [b].[BarnPK], [b].[Agressonummer], [b].[Anonymisert], [b].[AntallAktiveTiltak], [b].[BarnStatusEndretDato], [b].[BarnStatusTypeFK], [b].[BarnTypeFK], [b].[BarnetBeherskerEngelsk], [b].[BarnetErForsvunnet], [b].[BarnetTrengerTolk], [b].[BarnetsKommunalePersonId], [b].[BarnetsSpråkFK], [b].[BirkID], [b].[BirkidSeq], [b].[BirkidÅr], [b].[Duplikat], [b].[EndretAv], [b].[EndretDato], [b].[ErArbeidssøker], [b].[ErAsylsøker], [b].[ErEnsligMindreårig], [b].[EtnisitetAnnet], [b].[EtnisitetMerknad], [b].[EtnisitetTypeFK], [b].[EtnisitetViktig], [b].[FlyktningFraDato], [b].[FolkeGruppeTypeFK], [b].[ForeldreBeherskerEngelsk], [b].[ForeldreTrengerTolk], [b].[HjemmespråkAnnet], [b].[HjemmespråkFK], [b].[Invandrerbakgrunn], [b].[NasjonalitetTypeFK], [b].[OpprinnelseslandTypeFK], [b].[PersonFK], [b].[refBirkID], [b].[RefOdaBarnNr], [b].[refOdanr], [b].[RegAv], [b].[RegDato], [b].[ReligionAnnet], [b].[ReligionMerknad], [b].[ReligionTypeFK], [b].[ReligionViktig], [b].[Sikkerhetsnivå], [b].[SpråkLandMerknad], [b].[StatborgerskapTypeFK], [b].[Termin], [b].[TrosamfunnAnnet], [b].[TrosamfunnFK], [b].[VerdensdelTypeFK], [b].[VerdensregionTypeFK], [p].[PersonPK], [p].[BekreftetDSFAdresseDato], [p].[ComputedSearchNavnFødtBirk], [p].[Dufnummer], [p].[Død], [p].[EndretAv], [p].[EndretDato], [p].[ErSlettet], [p].[ErSlettetDato], [p].[Etternavn], [p].[EtternavnAnon], [p].[Fornavn], [p].[FornavnAnon], [p].[Fødselsnummer], [p].[Født], [p].[IsPerson], [p].[KjønnTypeFK], [p].[Navn], [p].[OpprinnelseslandTypeFk], [p].[Orgnr], [p].[PartyFK], [p].[Personnummer], [p].[RefAnsattNr], [p].[RefBrukerNavn], [p].[RefOdaFoshjemNrEgneBarn1], [p].[RefOdaFoshjemNrEgneBarn2], [p].[RefOdaFoshjemNrEgneBarn3], [p].[RefOdaFoshjemNrFar], [p].[RefOdaFoshjemNrMor], [p].[RefOdaNr], [p].[RefOdaNrFar], [p].[RefOdaNrMor], [p].[RegAv], [p].[RegDato], [p].[SivilstandTypeFK], [p].[StatborgerskapFK], [p].[Stilling], [p].[UsikkerFødselsdato], [p].[UsikkerFødselsnummer], [p].[Virksomhetsnavn]\r\nFROM [Barn] AS [b]\r\nINNER JOIN [Person] AS [p] ON [b].[PersonFK] = [p].[PersonPK]\r\nWHERE [p].[Fødselsnummer] = @__fnr_0","EventId":{"Id":20101,"Name":"Microsoft.EntityFrameworkCore.Database.Command.CommandExecuted"},"SourceContext":"Microsoft.EntityFrameworkCore.Database.Command","ActionId":"40d4b0b8-8c22-4518-97e5-64d3f45ed0db","ActionName":"Birk.BarnAPI.Web.Endpoints.BarnEndpoints.GetBarnByFnr.HandleAsync (Birk.BarnAPI.Web)","RequestId":"0HMP8O30AISUA:00000001","RequestPath":"/BarnByFnr/14011385754","ConnectionId":"0HMP8O30AISUA","ApplicationName":"Barn.Api","CorrelationId":"1daa5498-a2b2-4853-8382-bcd82502c736"}}
{"Timestamp":"2023-03-19T23:03:46.9196312+01:00","Level":"Information","MessageTemplate":"Entering {Method}","Properties":{"Method":"GetBarnByFnr","SourceContext":"Birk.BarnAPI.Web.Endpoints.BarnEndpoints.GetBarnByFnr","ActionId":"40d4b0b8-8c22-4518-97e5-64d3f45ed0db","ActionName":"Birk.BarnAPI.Web.Endpoints.BarnEndpoints.GetBarnByFnr.HandleAsync (Birk.BarnAPI.Web)","RequestId":"0HMP8O30AISUB:00000001","RequestPath":"/BarnByFnr/14011385754","ConnectionId":"0HMP8O30AISUB","ApplicationName":"Barn.Api","CorrelationId":"2ae3111e-3a62-4574-b7cd-8f9493b6fb48"}}
{"Timestamp":"2023-03-19T23:03:46.9278127+01:00","Level":"Information","MessageTemplate":"Executed DbCommand ({elapsed}ms) [Parameters=[{parameters}], CommandType='{commandType}', CommandTimeout='{commandTimeout}']{newLine}{commandText}","Properties":{"elapsed":"6","parameters":"@__fnr_0='?' (Size = 12) (DbType = AnsiString)","commandType":"Text","commandTimeout":30,"newLine":"\r\n","commandText":"SELECT TOP(1) [b].[BarnPK], [b].[Agressonummer], [b].[Anonymisert], [b].[AntallAktiveTiltak], [b].[BarnStatusEndretDato], [b].[BarnStatusTypeFK], [b].[BarnTypeFK], [b].[BarnetBeherskerEngelsk], [b].[BarnetErForsvunnet], [b].[BarnetTrengerTolk], [b].[BarnetsKommunalePersonId], [b].[BarnetsSpråkFK], [b].[BirkID], [b].[BirkidSeq], [b].[BirkidÅr], [b].[Duplikat], [b].[EndretAv], [b].[EndretDato], [b].[ErArbeidssøker], [b].[ErAsylsøker], [b].[ErEnsligMindreårig], [b].[EtnisitetAnnet], [b].[EtnisitetMerknad], [b].[EtnisitetTypeFK], [b].[EtnisitetViktig], [b].[FlyktningFraDato], [b].[FolkeGruppeTypeFK], [b].[ForeldreBeherskerEngelsk], [b].[ForeldreTrengerTolk], [b].[HjemmespråkAnnet], [b].[HjemmespråkFK], [b].[Invandrerbakgrunn], [b].[NasjonalitetTypeFK], [b].[OpprinnelseslandTypeFK], [b].[PersonFK], [b].[refBirkID], [b].[RefOdaBarnNr], [b].[refOdanr], [b].[RegAv], [b].[RegDato], [b].[ReligionAnnet], [b].[ReligionMerknad], [b].[ReligionTypeFK], [b].[ReligionViktig], [b].[Sikkerhetsnivå], [b].[SpråkLandMerknad], [b].[StatborgerskapTypeFK], [b].[Termin], [b].[TrosamfunnAnnet], [b].[TrosamfunnFK], [b].[VerdensdelTypeFK], [b].[VerdensregionTypeFK], [p].[PersonPK], [p].[BekreftetDSFAdresseDato], [p].[ComputedSearchNavnFødtBirk], [p].[Dufnummer], [p].[Død], [p].[EndretAv], [p].[EndretDato], [p].[ErSlettet], [p].[ErSlettetDato], [p].[Etternavn], [p].[EtternavnAnon], [p].[Fornavn], [p].[FornavnAnon], [p].[Fødselsnummer], [p].[Født], [p].[IsPerson], [p].[KjønnTypeFK], [p].[Navn], [p].[OpprinnelseslandTypeFk], [p].[Orgnr], [p].[PartyFK], [p].[Personnummer], [p].[RefAnsattNr], [p].[RefBrukerNavn], [p].[RefOdaFoshjemNrEgneBarn1], [p].[RefOdaFoshjemNrEgneBarn2], [p].[RefOdaFoshjemNrEgneBarn3], [p].[RefOdaFoshjemNrFar], [p].[RefOdaFoshjemNrMor], [p].[RefOdaNr], [p].[RefOdaNrFar], [p].[RefOdaNrMor], [p].[RegAv], [p].[RegDato], [p].[SivilstandTypeFK], [p].[StatborgerskapFK], [p].[Stilling], [p].[UsikkerFødselsdato], [p].[UsikkerFødselsnummer], [p].[Virksomhetsnavn]\r\nFROM [Barn] AS [b]\r\nINNER JOIN [Person] AS [p] ON [b].[PersonFK] = [p].[PersonPK]\r\nWHERE [p].[Fødselsnummer] = @__fnr_0","EventId":{"Id":20101,"Name":"Microsoft.EntityFrameworkCore.Database.Command.CommandExecuted"},"SourceContext":"Microsoft.EntityFrameworkCore.Database.Command","ActionId":"40d4b0b8-8c22-4518-97e5-64d3f45ed0db","ActionName":"Birk.BarnAPI.Web.Endpoints.BarnEndpoints.GetBarnByFnr.HandleAsync (Birk.BarnAPI.Web)","RequestId":"0HMP8O30AISUB:00000001","RequestPath":"/BarnByFnr/14011385754","ConnectionId":"0HMP8O30AISUB","ApplicationName":"Barn.Api","CorrelationId":"2ae3111e-3a62-4574-b7cd-8f9493b6fb48"}}
{"Timestamp":"2023-03-19T23:04:40.4237932+01:00","Level":"Information","MessageTemplate":"Now listening on: {address}","Properties":{"address":"https://localhost:7040","EventId":{"Id":14,"Name":"ListeningOnAddress"},"SourceContext":"Microsoft.Hosting.Lifetime","ApplicationName":"Barn.Api"}}
{"Timestamp":"2023-03-19T23:04:40.4954225+01:00","Level":"Information","MessageTemplate":"Now listening on: {address}","Properties":{"address":"http://localhost:5152","EventId":{"Id":14,"Name":"ListeningOnAddress"},"SourceContext":"Microsoft.Hosting.Lifetime","ApplicationName":"Barn.Api"}}
{"Timestamp":"2023-03-19T23:04:40.4967528+01:00","Level":"Information","MessageTemplate":"Application started. Press Ctrl+C to shut down.","Properties":{"SourceContext":"Microsoft.Hosting.Lifetime","ApplicationName":"Barn.Api"}}
{"Timestamp":"2023-03-19T23:04:40.4970003+01:00","Level":"Information","MessageTemplate":"Hosting environment: {EnvName}","Properties":{"EnvName":"Development","SourceContext":"Microsoft.Hosting.Lifetime","ApplicationName":"Barn.Api"}}
{"Timestamp":"2023-03-19T23:04:40.4970683+01:00","Level":"Information","MessageTemplate":"Content root path: {ContentRoot}","Properties":{"ContentRoot":"C:\\Repos\\Birk.Barn.API\\Birk.BarnAPI","SourceContext":"Microsoft.Hosting.Lifetime","ApplicationName":"Barn.Api"}}
{"Timestamp":"2023-03-19T23:05:33.4436668+01:00","Level":"Information","MessageTemplate":"Entering {Method}","Properties":{"Method":"GetBarnByFnr","SourceContext":"Birk.BarnAPI.Web.Endpoints.BarnEndpoints.GetBarnByFnr","ActionId":"d10369ee-bfc2-4530-9cfa-f2ab32faeba9","ActionName":"Birk.BarnAPI.Web.Endpoints.BarnEndpoints.GetBarnByFnr.HandleAsync (Birk.BarnAPI.Web)","RequestId":"0HMP8ONO1GTQL:00000001","RequestPath":"/BarnByFnr/14011385754","ConnectionId":"0HMP8ONO1GTQL","ApplicationName":"Barn.Api","CorrelationId":"6084d2ac-d72e-4c5e-a923-f45a9ca973da"}}
{"Timestamp":"2023-03-19T23:05:34.9781697+01:00","Level":"Information","MessageTemplate":"Executed DbCommand ({elapsed}ms) [Parameters=[{parameters}], CommandType='{commandType}', CommandTimeout='{commandTimeout}']{newLine}{commandText}","Properties":{"elapsed":"43","parameters":"@__fnr_0='?' (Size = 12) (DbType = AnsiString)","commandType":"Text","commandTimeout":30,"newLine":"\r\n","commandText":"SELECT TOP(1) [b].[BarnPK], [b].[Agressonummer], [b].[Anonymisert], [b].[AntallAktiveTiltak], [b].[BarnStatusEndretDato], [b].[BarnStatusTypeFK], [b].[BarnTypeFK], [b].[BarnetBeherskerEngelsk], [b].[BarnetErForsvunnet], [b].[BarnetTrengerTolk], [b].[BarnetsKommunalePersonId], [b].[BarnetsSpråkFK], [b].[BirkID], [b].[BirkidSeq], [b].[BirkidÅr], [b].[Duplikat], [b].[EndretAv], [b].[EndretDato], [b].[ErArbeidssøker], [b].[ErAsylsøker], [b].[ErEnsligMindreårig], [b].[EtnisitetAnnet], [b].[EtnisitetMerknad], [b].[EtnisitetTypeFK], [b].[EtnisitetViktig], [b].[FlyktningFraDato], [b].[FolkeGruppeTypeFK], [b].[ForeldreBeherskerEngelsk], [b].[ForeldreTrengerTolk], [b].[HjemmespråkAnnet], [b].[HjemmespråkFK], [b].[Invandrerbakgrunn], [b].[NasjonalitetTypeFK], [b].[OpprinnelseslandTypeFK], [b].[PersonFK], [b].[refBirkID], [b].[RefOdaBarnNr], [b].[refOdanr], [b].[RegAv], [b].[RegDato], [b].[ReligionAnnet], [b].[ReligionMerknad], [b].[ReligionTypeFK], [b].[ReligionViktig], [b].[Sikkerhetsnivå], [b].[SpråkLandMerknad], [b].[StatborgerskapTypeFK], [b].[Termin], [b].[TrosamfunnAnnet], [b].[TrosamfunnFK], [b].[VerdensdelTypeFK], [b].[VerdensregionTypeFK], [p].[PersonPK], [p].[BekreftetDSFAdresseDato], [p].[ComputedSearchNavnFødtBirk], [p].[Dufnummer], [p].[Død], [p].[EndretAv], [p].[EndretDato], [p].[ErSlettet], [p].[ErSlettetDato], [p].[Etternavn], [p].[EtternavnAnon], [p].[Fornavn], [p].[FornavnAnon], [p].[Fødselsnummer], [p].[Født], [p].[IsPerson], [p].[KjønnTypeFK], [p].[Navn], [p].[OpprinnelseslandTypeFk], [p].[Orgnr], [p].[PartyFK], [p].[Personnummer], [p].[RefAnsattNr], [p].[RefBrukerNavn], [p].[RefOdaFoshjemNrEgneBarn1], [p].[RefOdaFoshjemNrEgneBarn2], [p].[RefOdaFoshjemNrEgneBarn3], [p].[RefOdaFoshjemNrFar], [p].[RefOdaFoshjemNrMor], [p].[RefOdaNr], [p].[RefOdaNrFar], [p].[RefOdaNrMor], [p].[RegAv], [p].[RegDato], [p].[SivilstandTypeFK], [p].[StatborgerskapFK], [p].[Stilling], [p].[UsikkerFødselsdato], [p].[UsikkerFødselsnummer], [p].[Virksomhetsnavn]\r\nFROM [Barn] AS [b]\r\nINNER JOIN [Person] AS [p] ON [b].[PersonFK] = [p].[PersonPK]\r\nWHERE [p].[Fødselsnummer] = @__fnr_0","EventId":{"Id":20101,"Name":"Microsoft.EntityFrameworkCore.Database.Command.CommandExecuted"},"SourceContext":"Microsoft.EntityFrameworkCore.Database.Command","ActionId":"d10369ee-bfc2-4530-9cfa-f2ab32faeba9","ActionName":"Birk.BarnAPI.Web.Endpoints.BarnEndpoints.GetBarnByFnr.HandleAsync (Birk.BarnAPI.Web)","RequestId":"0HMP8ONO1GTQL:00000001","RequestPath":"/BarnByFnr/14011385754","ConnectionId":"0HMP8ONO1GTQL","ApplicationName":"Barn.Api","CorrelationId":"6084d2ac-d72e-4c5e-a923-f45a9ca973da"}}
{"Timestamp":"2023-03-19T23:06:54.8348828+01:00","Level":"Information","MessageTemplate":"Entering {Method}","Properties":{"Method":"GetBarnByFnr","SourceContext":"Birk.BarnAPI.Web.Endpoints.BarnEndpoints.GetBarnByFnr","ActionId":"d10369ee-bfc2-4530-9cfa-f2ab32faeba9","ActionName":"Birk.BarnAPI.Web.Endpoints.BarnEndpoints.GetBarnByFnr.HandleAsync (Birk.BarnAPI.Web)","RequestId":"0HMP8ONO1GTQM:00000001","RequestPath":"/BarnByFnr/14011385754","ConnectionId":"0HMP8ONO1GTQM","ApplicationName":"Barn.Api","CorrelationId":"b4004d79-a46a-495b-95c1-5a2745244ea5"}}
{"Timestamp":"2023-03-19T23:06:54.8884715+01:00","Level":"Information","MessageTemplate":"Executed DbCommand ({elapsed}ms) [Parameters=[{parameters}], CommandType='{commandType}', CommandTimeout='{commandTimeout}']{newLine}{commandText}","Properties":{"elapsed":"5","parameters":"@__fnr_0='?' (Size = 12) (DbType = AnsiString)","commandType":"Text","commandTimeout":30,"newLine":"\r\n","commandText":"SELECT TOP(1) [b].[BarnPK], [b].[Agressonummer], [b].[Anonymisert], [b].[AntallAktiveTiltak], [b].[BarnStatusEndretDato], [b].[BarnStatusTypeFK], [b].[BarnTypeFK], [b].[BarnetBeherskerEngelsk], [b].[BarnetErForsvunnet], [b].[BarnetTrengerTolk], [b].[BarnetsKommunalePersonId], [b].[BarnetsSpråkFK], [b].[BirkID], [b].[BirkidSeq], [b].[BirkidÅr], [b].[Duplikat], [b].[EndretAv], [b].[EndretDato], [b].[ErArbeidssøker], [b].[ErAsylsøker], [b].[ErEnsligMindreårig], [b].[EtnisitetAnnet], [b].[EtnisitetMerknad], [b].[EtnisitetTypeFK], [b].[EtnisitetViktig], [b].[FlyktningFraDato], [b].[FolkeGruppeTypeFK], [b].[ForeldreBeherskerEngelsk], [b].[ForeldreTrengerTolk], [b].[HjemmespråkAnnet], [b].[HjemmespråkFK], [b].[Invandrerbakgrunn], [b].[NasjonalitetTypeFK], [b].[OpprinnelseslandTypeFK], [b].[PersonFK], [b].[refBirkID], [b].[RefOdaBarnNr], [b].[refOdanr], [b].[RegAv], [b].[RegDato], [b].[ReligionAnnet], [b].[ReligionMerknad], [b].[ReligionTypeFK], [b].[ReligionViktig], [b].[Sikkerhetsnivå], [b].[SpråkLandMerknad], [b].[StatborgerskapTypeFK], [b].[Termin], [b].[TrosamfunnAnnet], [b].[TrosamfunnFK], [b].[VerdensdelTypeFK], [b].[VerdensregionTypeFK], [p].[PersonPK], [p].[BekreftetDSFAdresseDato], [p].[ComputedSearchNavnFødtBirk], [p].[Dufnummer], [p].[Død], [p].[EndretAv], [p].[EndretDato], [p].[ErSlettet], [p].[ErSlettetDato], [p].[Etternavn], [p].[EtternavnAnon], [p].[Fornavn], [p].[FornavnAnon], [p].[Fødselsnummer], [p].[Født], [p].[IsPerson], [p].[KjønnTypeFK], [p].[Navn], [p].[OpprinnelseslandTypeFk], [p].[Orgnr], [p].[PartyFK], [p].[Personnummer], [p].[RefAnsattNr], [p].[RefBrukerNavn], [p].[RefOdaFoshjemNrEgneBarn1], [p].[RefOdaFoshjemNrEgneBarn2], [p].[RefOdaFoshjemNrEgneBarn3], [p].[RefOdaFoshjemNrFar], [p].[RefOdaFoshjemNrMor], [p].[RefOdaNr], [p].[RefOdaNrFar], [p].[RefOdaNrMor], [p].[RegAv], [p].[RegDato], [p].[SivilstandTypeFK], [p].[StatborgerskapFK], [p].[Stilling], [p].[UsikkerFødselsdato], [p].[UsikkerFødselsnummer], [p].[Virksomhetsnavn]\r\nFROM [Barn] AS [b]\r\nINNER JOIN [Person] AS [p] ON [b].[PersonFK] = [p].[PersonPK]\r\nWHERE [p].[Fødselsnummer] = @__fnr_0","EventId":{"Id":20101,"Name":"Microsoft.EntityFrameworkCore.Database.Command.CommandExecuted"},"SourceContext":"Microsoft.EntityFrameworkCore.Database.Command","ActionId":"d10369ee-bfc2-4530-9cfa-f2ab32faeba9","ActionName":"Birk.BarnAPI.Web.Endpoints.BarnEndpoints.GetBarnByFnr.HandleAsync (Birk.BarnAPI.Web)","RequestId":"0HMP8ONO1GTQM:00000001","RequestPath":"/BarnByFnr/14011385754","ConnectionId":"0HMP8ONO1GTQM","ApplicationName":"Barn.Api","CorrelationId":"b4004d79-a46a-495b-95c1-5a2745244ea5"}}
{"Timestamp":"2023-03-19T23:09:21.5394930+01:00","Level":"Information","MessageTemplate":"Entering {Method}","Properties":{"Method":"GetBarnByFnr","SourceContext":"Birk.BarnAPI.Web.Endpoints.BarnEndpoints.GetBarnByFnr","ActionId":"d10369ee-bfc2-4530-9cfa-f2ab32faeba9","ActionName":"Birk.BarnAPI.Web.Endpoints.BarnEndpoints.GetBarnByFnr.HandleAsync (Birk.BarnAPI.Web)","RequestId":"0HMP8ONO1GTQN:00000001","RequestPath":"/BarnByFnr/14011385754","ConnectionId":"0HMP8ONO1GTQN","ApplicationName":"Barn.Api","CorrelationId":"ffe30949-7dc8-4df6-8630-824eb91d60c5"}}
{"Timestamp":"2023-03-19T23:09:21.5571283+01:00","Level":"Information","MessageTemplate":"Executed DbCommand ({elapsed}ms) [Parameters=[{parameters}], CommandType='{commandType}', CommandTimeout='{commandTimeout}']{newLine}{commandText}","Properties":{"elapsed":"6","parameters":"@__fnr_0='?' (Size = 12) (DbType = AnsiString)","commandType":"Text","commandTimeout":30,"newLine":"\r\n","commandText":"SELECT TOP(1) [b].[BarnPK], [b].[Agressonummer], [b].[Anonymisert], [b].[AntallAktiveTiltak], [b].[BarnStatusEndretDato], [b].[BarnStatusTypeFK], [b].[BarnTypeFK], [b].[BarnetBeherskerEngelsk], [b].[BarnetErForsvunnet], [b].[BarnetTrengerTolk], [b].[BarnetsKommunalePersonId], [b].[BarnetsSpråkFK], [b].[BirkID], [b].[BirkidSeq], [b].[BirkidÅr], [b].[Duplikat], [b].[EndretAv], [b].[EndretDato], [b].[ErArbeidssøker], [b].[ErAsylsøker], [b].[ErEnsligMindreårig], [b].[EtnisitetAnnet], [b].[EtnisitetMerknad], [b].[EtnisitetTypeFK], [b].[EtnisitetViktig], [b].[FlyktningFraDato], [b].[FolkeGruppeTypeFK], [b].[ForeldreBeherskerEngelsk], [b].[ForeldreTrengerTolk], [b].[HjemmespråkAnnet], [b].[HjemmespråkFK], [b].[Invandrerbakgrunn], [b].[NasjonalitetTypeFK], [b].[OpprinnelseslandTypeFK], [b].[PersonFK], [b].[refBirkID], [b].[RefOdaBarnNr], [b].[refOdanr], [b].[RegAv], [b].[RegDato], [b].[ReligionAnnet], [b].[ReligionMerknad], [b].[ReligionTypeFK], [b].[ReligionViktig], [b].[Sikkerhetsnivå], [b].[SpråkLandMerknad], [b].[StatborgerskapTypeFK], [b].[Termin], [b].[TrosamfunnAnnet], [b].[TrosamfunnFK], [b].[VerdensdelTypeFK], [b].[VerdensregionTypeFK], [p].[PersonPK], [p].[BekreftetDSFAdresseDato], [p].[ComputedSearchNavnFødtBirk], [p].[Dufnummer], [p].[Død], [p].[EndretAv], [p].[EndretDato], [p].[ErSlettet], [p].[ErSlettetDato], [p].[Etternavn], [p].[EtternavnAnon], [p].[Fornavn], [p].[FornavnAnon], [p].[Fødselsnummer], [p].[Født], [p].[IsPerson], [p].[KjønnTypeFK], [p].[Navn], [p].[OpprinnelseslandTypeFk], [p].[Orgnr], [p].[PartyFK], [p].[Personnummer], [p].[RefAnsattNr], [p].[RefBrukerNavn], [p].[RefOdaFoshjemNrEgneBarn1], [p].[RefOdaFoshjemNrEgneBarn2], [p].[RefOdaFoshjemNrEgneBarn3], [p].[RefOdaFoshjemNrFar], [p].[RefOdaFoshjemNrMor], [p].[RefOdaNr], [p].[RefOdaNrFar], [p].[RefOdaNrMor], [p].[RegAv], [p].[RegDato], [p].[SivilstandTypeFK], [p].[StatborgerskapFK], [p].[Stilling], [p].[UsikkerFødselsdato], [p].[UsikkerFødselsnummer], [p].[Virksomhetsnavn]\r\nFROM [Barn] AS [b]\r\nINNER JOIN [Person] AS [p] ON [b].[PersonFK] = [p].[PersonPK]\r\nWHERE [p].[Fødselsnummer] = @__fnr_0","EventId":{"Id":20101,"Name":"Microsoft.EntityFrameworkCore.Database.Command.CommandExecuted"},"SourceContext":"Microsoft.EntityFrameworkCore.Database.Command","ActionId":"d10369ee-bfc2-4530-9cfa-f2ab32faeba9","ActionName":"Birk.BarnAPI.Web.Endpoints.BarnEndpoints.GetBarnByFnr.HandleAsync (Birk.BarnAPI.Web)","RequestId":"0HMP8ONO1GTQN:00000001","RequestPath":"/BarnByFnr/14011385754","ConnectionId":"0HMP8ONO1GTQN","ApplicationName":"Barn.Api","CorrelationId":"ffe30949-7dc8-4df6-8630-824eb91d60c5"}}
{"Timestamp":"2023-03-19T23:09:41.1511831+01:00","Level":"Information","MessageTemplate":"Entering {Method}","Properties":{"Method":"GetBarnByFnr","SourceContext":"Birk.BarnAPI.Web.Endpoints.BarnEndpoints.GetBarnByFnr","ActionId":"d10369ee-bfc2-4530-9cfa-f2ab32faeba9","ActionName":"Birk.BarnAPI.Web.Endpoints.BarnEndpoints.GetBarnByFnr.HandleAsync (Birk.BarnAPI.Web)","RequestId":"0HMP8ONO1GTQO:00000001","RequestPath":"/BarnByFnr/14011385754","ConnectionId":"0HMP8ONO1GTQO","ApplicationName":"Barn.Api","CorrelationId":"9b874168-1a81-403e-9d58-a26540a8af0c"}}
{"Timestamp":"2023-03-19T23:09:41.1561006+01:00","Level":"Information","MessageTemplate":"Executed DbCommand ({elapsed}ms) [Parameters=[{parameters}], CommandType='{commandType}', CommandTimeout='{commandTimeout}']{newLine}{commandText}","Properties":{"elapsed":"3","parameters":"@__fnr_0='?' (Size = 12) (DbType = AnsiString)","commandType":"Text","commandTimeout":30,"newLine":"\r\n","commandText":"SELECT TOP(1) [b].[BarnPK], [b].[Agressonummer], [b].[Anonymisert], [b].[AntallAktiveTiltak], [b].[BarnStatusEndretDato], [b].[BarnStatusTypeFK], [b].[BarnTypeFK], [b].[BarnetBeherskerEngelsk], [b].[BarnetErForsvunnet], [b].[BarnetTrengerTolk], [b].[BarnetsKommunalePersonId], [b].[BarnetsSpråkFK], [b].[BirkID], [b].[BirkidSeq], [b].[BirkidÅr], [b].[Duplikat], [b].[EndretAv], [b].[EndretDato], [b].[ErArbeidssøker], [b].[ErAsylsøker], [b].[ErEnsligMindreårig], [b].[EtnisitetAnnet], [b].[EtnisitetMerknad], [b].[EtnisitetTypeFK], [b].[EtnisitetViktig], [b].[FlyktningFraDato], [b].[FolkeGruppeTypeFK], [b].[ForeldreBeherskerEngelsk], [b].[ForeldreTrengerTolk], [b].[HjemmespråkAnnet], [b].[HjemmespråkFK], [b].[Invandrerbakgrunn], [b].[NasjonalitetTypeFK], [b].[OpprinnelseslandTypeFK], [b].[PersonFK], [b].[refBirkID], [b].[RefOdaBarnNr], [b].[refOdanr], [b].[RegAv], [b].[RegDato], [b].[ReligionAnnet], [b].[ReligionMerknad], [b].[ReligionTypeFK], [b].[ReligionViktig], [b].[Sikkerhetsnivå], [b].[SpråkLandMerknad], [b].[StatborgerskapTypeFK], [b].[Termin], [b].[TrosamfunnAnnet], [b].[TrosamfunnFK], [b].[VerdensdelTypeFK], [b].[VerdensregionTypeFK], [p].[PersonPK], [p].[BekreftetDSFAdresseDato], [p].[ComputedSearchNavnFødtBirk], [p].[Dufnummer], [p].[Død], [p].[EndretAv], [p].[EndretDato], [p].[ErSlettet], [p].[ErSlettetDato], [p].[Etternavn], [p].[EtternavnAnon], [p].[Fornavn], [p].[FornavnAnon], [p].[Fødselsnummer], [p].[Født], [p].[IsPerson], [p].[KjønnTypeFK], [p].[Navn], [p].[OpprinnelseslandTypeFk], [p].[Orgnr], [p].[PartyFK], [p].[Personnummer], [p].[RefAnsattNr], [p].[RefBrukerNavn], [p].[RefOdaFoshjemNrEgneBarn1], [p].[RefOdaFoshjemNrEgneBarn2], [p].[RefOdaFoshjemNrEgneBarn3], [p].[RefOdaFoshjemNrFar], [p].[RefOdaFoshjemNrMor], [p].[RefOdaNr], [p].[RefOdaNrFar], [p].[RefOdaNrMor], [p].[RegAv], [p].[RegDato], [p].[SivilstandTypeFK], [p].[StatborgerskapFK], [p].[Stilling], [p].[UsikkerFødselsdato], [p].[UsikkerFødselsnummer], [p].[Virksomhetsnavn]\r\nFROM [Barn] AS [b]\r\nINNER JOIN [Person] AS [p] ON [b].[PersonFK] = [p].[PersonPK]\r\nWHERE [p].[Fødselsnummer] = @__fnr_0","EventId":{"Id":20101,"Name":"Microsoft.EntityFrameworkCore.Database.Command.CommandExecuted"},"SourceContext":"Microsoft.EntityFrameworkCore.Database.Command","ActionId":"d10369ee-bfc2-4530-9cfa-f2ab32faeba9","ActionName":"Birk.BarnAPI.Web.Endpoints.BarnEndpoints.GetBarnByFnr.HandleAsync (Birk.BarnAPI.Web)","RequestId":"0HMP8ONO1GTQO:00000001","RequestPath":"/BarnByFnr/14011385754","ConnectionId":"0HMP8ONO1GTQO","ApplicationName":"Barn.Api","CorrelationId":"9b874168-1a81-403e-9d58-a26540a8af0c"}}
{"Timestamp":"2023-03-19T23:10:02.2791112+01:00","Level":"Information","MessageTemplate":"Entering {Method}","Properties":{"Method":"GetBarnByFnr","SourceContext":"Birk.BarnAPI.Web.Endpoints.BarnEndpoints.GetBarnByFnr","ActionId":"d10369ee-bfc2-4530-9cfa-f2ab32faeba9","ActionName":"Birk.BarnAPI.Web.Endpoints.BarnEndpoints.GetBarnByFnr.HandleAsync (Birk.BarnAPI.Web)","RequestId":"0HMP8ONO1GTQP:00000001","RequestPath":"/BarnByFnr/14011385754","ConnectionId":"0HMP8ONO1GTQP","ApplicationName":"Barn.Api","CorrelationId":"8a84bc3a-a287-48f9-a3de-8f59ea47d4c2"}}
{"Timestamp":"2023-03-19T23:10:02.2834679+01:00","Level":"Information","MessageTemplate":"Executed DbCommand ({elapsed}ms) [Parameters=[{parameters}], CommandType='{commandType}', CommandTimeout='{commandTimeout}']{newLine}{commandText}","Properties":{"elapsed":"3","parameters":"@__fnr_0='?' (Size = 12) (DbType = AnsiString)","commandType":"Text","commandTimeout":30,"newLine":"\r\n","commandText":"SELECT TOP(1) [b].[BarnPK], [b].[Agressonummer], [b].[Anonymisert], [b].[AntallAktiveTiltak], [b].[BarnStatusEndretDato], [b].[BarnStatusTypeFK], [b].[BarnTypeFK], [b].[BarnetBeherskerEngelsk], [b].[BarnetErForsvunnet], [b].[BarnetTrengerTolk], [b].[BarnetsKommunalePersonId], [b].[BarnetsSpråkFK], [b].[BirkID], [b].[BirkidSeq], [b].[BirkidÅr], [b].[Duplikat], [b].[EndretAv], [b].[EndretDato], [b].[ErArbeidssøker], [b].[ErAsylsøker], [b].[ErEnsligMindreårig], [b].[EtnisitetAnnet], [b].[EtnisitetMerknad], [b].[EtnisitetTypeFK], [b].[EtnisitetViktig], [b].[FlyktningFraDato], [b].[FolkeGruppeTypeFK], [b].[ForeldreBeherskerEngelsk], [b].[ForeldreTrengerTolk], [b].[HjemmespråkAnnet], [b].[HjemmespråkFK], [b].[Invandrerbakgrunn], [b].[NasjonalitetTypeFK], [b].[OpprinnelseslandTypeFK], [b].[PersonFK], [b].[refBirkID], [b].[RefOdaBarnNr], [b].[refOdanr], [b].[RegAv], [b].[RegDato], [b].[ReligionAnnet], [b].[ReligionMerknad], [b].[ReligionTypeFK], [b].[ReligionViktig], [b].[Sikkerhetsnivå], [b].[SpråkLandMerknad], [b].[StatborgerskapTypeFK], [b].[Termin], [b].[TrosamfunnAnnet], [b].[TrosamfunnFK], [b].[VerdensdelTypeFK], [b].[VerdensregionTypeFK], [p].[PersonPK], [p].[BekreftetDSFAdresseDato], [p].[ComputedSearchNavnFødtBirk], [p].[Dufnummer], [p].[Død], [p].[EndretAv], [p].[EndretDato], [p].[ErSlettet], [p].[ErSlettetDato], [p].[Etternavn], [p].[EtternavnAnon], [p].[Fornavn], [p].[FornavnAnon], [p].[Fødselsnummer], [p].[Født], [p].[IsPerson], [p].[KjønnTypeFK], [p].[Navn], [p].[OpprinnelseslandTypeFk], [p].[Orgnr], [p].[PartyFK], [p].[Personnummer], [p].[RefAnsattNr], [p].[RefBrukerNavn], [p].[RefOdaFoshjemNrEgneBarn1], [p].[RefOdaFoshjemNrEgneBarn2], [p].[RefOdaFoshjemNrEgneBarn3], [p].[RefOdaFoshjemNrFar], [p].[RefOdaFoshjemNrMor], [p].[RefOdaNr], [p].[RefOdaNrFar], [p].[RefOdaNrMor], [p].[RegAv], [p].[RegDato], [p].[SivilstandTypeFK], [p].[StatborgerskapFK], [p].[Stilling], [p].[UsikkerFødselsdato], [p].[UsikkerFødselsnummer], [p].[Virksomhetsnavn]\r\nFROM [Barn] AS [b]\r\nINNER JOIN [Person] AS [p] ON [b].[PersonFK] = [p].[PersonPK]\r\nWHERE [p].[Fødselsnummer] = @__fnr_0","EventId":{"Id":20101,"Name":"Microsoft.EntityFrameworkCore.Database.Command.CommandExecuted"},"SourceContext":"Microsoft.EntityFrameworkCore.Database.Command","ActionId":"d10369ee-bfc2-4530-9cfa-f2ab32faeba9","ActionName":"Birk.BarnAPI.Web.Endpoints.BarnEndpoints.GetBarnByFnr.HandleAsync (Birk.BarnAPI.Web)","RequestId":"0HMP8ONO1GTQP:00000001","RequestPath":"/BarnByFnr/14011385754","ConnectionId":"0HMP8ONO1GTQP","ApplicationName":"Barn.Api","CorrelationId":"8a84bc3a-a287-48f9-a3de-8f59ea47d4c2"}}
{"Timestamp":"2023-03-19T23:11:28.8357418+01:00","Level":"Information","MessageTemplate":"Entering {Method}","Properties":{"Method":"GetBarnByFnr","SourceContext":"Birk.BarnAPI.Web.Endpoints.BarnEndpoints.GetBarnByFnr","ActionId":"d10369ee-bfc2-4530-9cfa-f2ab32faeba9","ActionName":"Birk.BarnAPI.Web.Endpoints.BarnEndpoints.GetBarnByFnr.HandleAsync (Birk.BarnAPI.Web)","RequestId":"0HMP8ONO1GTQQ:00000001","RequestPath":"/BarnByFnr/14011385754","ConnectionId":"0HMP8ONO1GTQQ","ApplicationName":"Barn.Api","CorrelationId":"4e7a02c9-ff07-4506-891a-da09a936ca16"}}
{"Timestamp":"2023-03-19T23:11:28.8454117+01:00","Level":"Information","MessageTemplate":"Executed DbCommand ({elapsed}ms) [Parameters=[{parameters}], CommandType='{commandType}', CommandTimeout='{commandTimeout}']{newLine}{commandText}","Properties":{"elapsed":"5","parameters":"@__fnr_0='?' (Size = 12) (DbType = AnsiString)","commandType":"Text","commandTimeout":30,"newLine":"\r\n","commandText":"SELECT TOP(1) [b].[BarnPK], [b].[Agressonummer], [b].[Anonymisert], [b].[AntallAktiveTiltak], [b].[BarnStatusEndretDato], [b].[BarnStatusTypeFK], [b].[BarnTypeFK], [b].[BarnetBeherskerEngelsk], [b].[BarnetErForsvunnet], [b].[BarnetTrengerTolk], [b].[BarnetsKommunalePersonId], [b].[BarnetsSpråkFK], [b].[BirkID], [b].[BirkidSeq], [b].[BirkidÅr], [b].[Duplikat], [b].[EndretAv], [b].[EndretDato], [b].[ErArbeidssøker], [b].[ErAsylsøker], [b].[ErEnsligMindreårig], [b].[EtnisitetAnnet], [b].[EtnisitetMerknad], [b].[EtnisitetTypeFK], [b].[EtnisitetViktig], [b].[FlyktningFraDato], [b].[FolkeGruppeTypeFK], [b].[ForeldreBeherskerEngelsk], [b].[ForeldreTrengerTolk], [b].[HjemmespråkAnnet], [b].[HjemmespråkFK], [b].[Invandrerbakgrunn], [b].[NasjonalitetTypeFK], [b].[OpprinnelseslandTypeFK], [b].[PersonFK], [b].[refBirkID], [b].[RefOdaBarnNr], [b].[refOdanr], [b].[RegAv], [b].[RegDato], [b].[ReligionAnnet], [b].[ReligionMerknad], [b].[ReligionTypeFK], [b].[ReligionViktig], [b].[Sikkerhetsnivå], [b].[SpråkLandMerknad], [b].[StatborgerskapTypeFK], [b].[Termin], [b].[TrosamfunnAnnet], [b].[TrosamfunnFK], [b].[VerdensdelTypeFK], [b].[VerdensregionTypeFK], [p].[PersonPK], [p].[BekreftetDSFAdresseDato], [p].[ComputedSearchNavnFødtBirk], [p].[Dufnummer], [p].[Død], [p].[EndretAv], [p].[EndretDato], [p].[ErSlettet], [p].[ErSlettetDato], [p].[Etternavn], [p].[EtternavnAnon], [p].[Fornavn], [p].[FornavnAnon], [p].[Fødselsnummer], [p].[Født], [p].[IsPerson], [p].[KjønnTypeFK], [p].[Navn], [p].[OpprinnelseslandTypeFk], [p].[Orgnr], [p].[PartyFK], [p].[Personnummer], [p].[RefAnsattNr], [p].[RefBrukerNavn], [p].[RefOdaFoshjemNrEgneBarn1], [p].[RefOdaFoshjemNrEgneBarn2], [p].[RefOdaFoshjemNrEgneBarn3], [p].[RefOdaFoshjemNrFar], [p].[RefOdaFoshjemNrMor], [p].[RefOdaNr], [p].[RefOdaNrFar], [p].[RefOdaNrMor], [p].[RegAv], [p].[RegDato], [p].[SivilstandTypeFK], [p].[StatborgerskapFK], [p].[Stilling], [p].[UsikkerFødselsdato], [p].[UsikkerFødselsnummer], [p].[Virksomhetsnavn]\r\nFROM [Barn] AS [b]\r\nINNER JOIN [Person] AS [p] ON [b].[PersonFK] = [p].[PersonPK]\r\nWHERE [p].[Fødselsnummer] = @__fnr_0","EventId":{"Id":20101,"Name":"Microsoft.EntityFrameworkCore.Database.Command.CommandExecuted"},"SourceContext":"Microsoft.EntityFrameworkCore.Database.Command","ActionId":"d10369ee-bfc2-4530-9cfa-f2ab32faeba9","ActionName":"Birk.BarnAPI.Web.Endpoints.BarnEndpoints.GetBarnByFnr.HandleAsync (Birk.BarnAPI.Web)","RequestId":"0HMP8ONO1GTQQ:00000001","RequestPath":"/BarnByFnr/14011385754","ConnectionId":"0HMP8ONO1GTQQ","ApplicationName":"Barn.Api","CorrelationId":"4e7a02c9-ff07-4506-891a-da09a936ca16"}}
{"Timestamp":"2023-03-19T23:13:06.2248089+01:00","Level":"Information","MessageTemplate":"Entering {Method}","Properties":{"Method":"GetBarnByFnr","SourceContext":"Birk.BarnAPI.Web.Endpoints.BarnEndpoints.GetBarnByFnr","ActionId":"d10369ee-bfc2-4530-9cfa-f2ab32faeba9","ActionName":"Birk.BarnAPI.Web.Endpoints.BarnEndpoints.GetBarnByFnr.HandleAsync (Birk.BarnAPI.Web)","RequestId":"0HMP8ONO1GTQR:00000001","RequestPath":"/BarnByFnr/14011385754","ConnectionId":"0HMP8ONO1GTQR","ApplicationName":"Barn.Api","CorrelationId":"7cde521f-26b4-4ddc-9b6f-eed6fd631bd8"}}
{"Timestamp":"2023-03-19T23:13:06.2288246+01:00","Level":"Information","MessageTemplate":"Executed DbCommand ({elapsed}ms) [Parameters=[{parameters}], CommandType='{commandType}', CommandTimeout='{commandTimeout}']{newLine}{commandText}","Properties":{"elapsed":"2","parameters":"@__fnr_0='?' (Size = 12) (DbType = AnsiString)","commandType":"Text","commandTimeout":30,"newLine":"\r\n","commandText":"SELECT TOP(1) [b].[BarnPK], [b].[Agressonummer], [b].[Anonymisert], [b].[AntallAktiveTiltak], [b].[BarnStatusEndretDato], [b].[BarnStatusTypeFK], [b].[BarnTypeFK], [b].[BarnetBeherskerEngelsk], [b].[BarnetErForsvunnet], [b].[BarnetTrengerTolk], [b].[BarnetsKommunalePersonId], [b].[BarnetsSpråkFK], [b].[BirkID], [b].[BirkidSeq], [b].[BirkidÅr], [b].[Duplikat], [b].[EndretAv], [b].[EndretDato], [b].[ErArbeidssøker], [b].[ErAsylsøker], [b].[ErEnsligMindreårig], [b].[EtnisitetAnnet], [b].[EtnisitetMerknad], [b].[EtnisitetTypeFK], [b].[EtnisitetViktig], [b].[FlyktningFraDato], [b].[FolkeGruppeTypeFK], [b].[ForeldreBeherskerEngelsk], [b].[ForeldreTrengerTolk], [b].[HjemmespråkAnnet], [b].[HjemmespråkFK], [b].[Invandrerbakgrunn], [b].[NasjonalitetTypeFK], [b].[OpprinnelseslandTypeFK], [b].[PersonFK], [b].[refBirkID], [b].[RefOdaBarnNr], [b].[refOdanr], [b].[RegAv], [b].[RegDato], [b].[ReligionAnnet], [b].[ReligionMerknad], [b].[ReligionTypeFK], [b].[ReligionViktig], [b].[Sikkerhetsnivå], [b].[SpråkLandMerknad], [b].[StatborgerskapTypeFK], [b].[Termin], [b].[TrosamfunnAnnet], [b].[TrosamfunnFK], [b].[VerdensdelTypeFK], [b].[VerdensregionTypeFK], [p].[PersonPK], [p].[BekreftetDSFAdresseDato], [p].[ComputedSearchNavnFødtBirk], [p].[Dufnummer], [p].[Død], [p].[EndretAv], [p].[EndretDato], [p].[ErSlettet], [p].[ErSlettetDato], [p].[Etternavn], [p].[EtternavnAnon], [p].[Fornavn], [p].[FornavnAnon], [p].[Fødselsnummer], [p].[Født], [p].[IsPerson], [p].[KjønnTypeFK], [p].[Navn], [p].[OpprinnelseslandTypeFk], [p].[Orgnr], [p].[PartyFK], [p].[Personnummer], [p].[RefAnsattNr], [p].[RefBrukerNavn], [p].[RefOdaFoshjemNrEgneBarn1], [p].[RefOdaFoshjemNrEgneBarn2], [p].[RefOdaFoshjemNrEgneBarn3], [p].[RefOdaFoshjemNrFar], [p].[RefOdaFoshjemNrMor], [p].[RefOdaNr], [p].[RefOdaNrFar], [p].[RefOdaNrMor], [p].[RegAv], [p].[RegDato], [p].[SivilstandTypeFK], [p].[StatborgerskapFK], [p].[Stilling], [p].[UsikkerFødselsdato], [p].[UsikkerFødselsnummer], [p].[Virksomhetsnavn]\r\nFROM [Barn] AS [b]\r\nINNER JOIN [Person] AS [p] ON [b].[PersonFK] = [p].[PersonPK]\r\nWHERE [p].[Fødselsnummer] = @__fnr_0","EventId":{"Id":20101,"Name":"Microsoft.EntityFrameworkCore.Database.Command.CommandExecuted"},"SourceContext":"Microsoft.EntityFrameworkCore.Database.Command","ActionId":"d10369ee-bfc2-4530-9cfa-f2ab32faeba9","ActionName":"Birk.BarnAPI.Web.Endpoints.BarnEndpoints.GetBarnByFnr.HandleAsync (Birk.BarnAPI.Web)","RequestId":"0HMP8ONO1GTQR:00000001","RequestPath":"/BarnByFnr/14011385754","ConnectionId":"0HMP8ONO1GTQR","ApplicationName":"Barn.Api","CorrelationId":"7cde521f-26b4-4ddc-9b6f-eed6fd631bd8"}}
{"Timestamp":"2023-03-19T23:14:12.5346382+01:00","Level":"Information","MessageTemplate":"Entering {Method}","Properties":{"Method":"GetBarnByFnr","SourceContext":"Birk.BarnAPI.Web.Endpoints.BarnEndpoints.GetBarnByFnr","ActionId":"d10369ee-bfc2-4530-9cfa-f2ab32faeba9","ActionName":"Birk.BarnAPI.Web.Endpoints.BarnEndpoints.GetBarnByFnr.HandleAsync (Birk.BarnAPI.Web)","RequestId":"0HMP8ONO1GTQS:00000001","RequestPath":"/BarnByFnr/14011385754","ConnectionId":"0HMP8ONO1GTQS","ApplicationName":"Barn.Api","CorrelationId":"27229885-e54b-4731-9c72-49d75fce1bf2"}}
{"Timestamp":"2023-03-19T23:14:12.5410664+01:00","Level":"Information","MessageTemplate":"Executed DbCommand ({elapsed}ms) [Parameters=[{parameters}], CommandType='{commandType}', CommandTimeout='{commandTimeout}']{newLine}{commandText}","Properties":{"elapsed":"3","parameters":"@__fnr_0='?' (Size = 12) (DbType = AnsiString)","commandType":"Text","commandTimeout":30,"newLine":"\r\n","commandText":"SELECT TOP(1) [b].[BarnPK], [b].[Agressonummer], [b].[Anonymisert], [b].[AntallAktiveTiltak], [b].[BarnStatusEndretDato], [b].[BarnStatusTypeFK], [b].[BarnTypeFK], [b].[BarnetBeherskerEngelsk], [b].[BarnetErForsvunnet], [b].[BarnetTrengerTolk], [b].[BarnetsKommunalePersonId], [b].[BarnetsSpråkFK], [b].[BirkID], [b].[BirkidSeq], [b].[BirkidÅr], [b].[Duplikat], [b].[EndretAv], [b].[EndretDato], [b].[ErArbeidssøker], [b].[ErAsylsøker], [b].[ErEnsligMindreårig], [b].[EtnisitetAnnet], [b].[EtnisitetMerknad], [b].[EtnisitetTypeFK], [b].[EtnisitetViktig], [b].[FlyktningFraDato], [b].[FolkeGruppeTypeFK], [b].[ForeldreBeherskerEngelsk], [b].[ForeldreTrengerTolk], [b].[HjemmespråkAnnet], [b].[HjemmespråkFK], [b].[Invandrerbakgrunn], [b].[NasjonalitetTypeFK], [b].[OpprinnelseslandTypeFK], [b].[PersonFK], [b].[refBirkID], [b].[RefOdaBarnNr], [b].[refOdanr], [b].[RegAv], [b].[RegDato], [b].[ReligionAnnet], [b].[ReligionMerknad], [b].[ReligionTypeFK], [b].[ReligionViktig], [b].[Sikkerhetsnivå], [b].[SpråkLandMerknad], [b].[StatborgerskapTypeFK], [b].[Termin], [b].[TrosamfunnAnnet], [b].[TrosamfunnFK], [b].[VerdensdelTypeFK], [b].[VerdensregionTypeFK], [p].[PersonPK], [p].[BekreftetDSFAdresseDato], [p].[ComputedSearchNavnFødtBirk], [p].[Dufnummer], [p].[Død], [p].[EndretAv], [p].[EndretDato], [p].[ErSlettet], [p].[ErSlettetDato], [p].[Etternavn], [p].[EtternavnAnon], [p].[Fornavn], [p].[FornavnAnon], [p].[Fødselsnummer], [p].[Født], [p].[IsPerson], [p].[KjønnTypeFK], [p].[Navn], [p].[OpprinnelseslandTypeFk], [p].[Orgnr], [p].[PartyFK], [p].[Personnummer], [p].[RefAnsattNr], [p].[RefBrukerNavn], [p].[RefOdaFoshjemNrEgneBarn1], [p].[RefOdaFoshjemNrEgneBarn2], [p].[RefOdaFoshjemNrEgneBarn3], [p].[RefOdaFoshjemNrFar], [p].[RefOdaFoshjemNrMor], [p].[RefOdaNr], [p].[RefOdaNrFar], [p].[RefOdaNrMor], [p].[RegAv], [p].[RegDato], [p].[SivilstandTypeFK], [p].[StatborgerskapFK], [p].[Stilling], [p].[UsikkerFødselsdato], [p].[UsikkerFødselsnummer], [p].[Virksomhetsnavn]\r\nFROM [Barn] AS [b]\r\nINNER JOIN [Person] AS [p] ON [b].[PersonFK] = [p].[PersonPK]\r\nWHERE [p].[Fødselsnummer] = @__fnr_0","EventId":{"Id":20101,"Name":"Microsoft.EntityFrameworkCore.Database.Command.CommandExecuted"},"SourceContext":"Microsoft.EntityFrameworkCore.Database.Command","ActionId":"d10369ee-bfc2-4530-9cfa-f2ab32faeba9","ActionName":"Birk.BarnAPI.Web.Endpoints.BarnEndpoints.GetBarnByFnr.HandleAsync (Birk.BarnAPI.Web)","RequestId":"0HMP8ONO1GTQS:00000001","RequestPath":"/BarnByFnr/14011385754","ConnectionId":"0HMP8ONO1GTQS","ApplicationName":"Barn.Api","CorrelationId":"27229885-e54b-4731-9c72-49d75fce1bf2"}}
{"Timestamp":"2023-03-19T23:14:52.8208606+01:00","Level":"Information","MessageTemplate":"Entering {Method}","Properties":{"Method":"GetBarnByFnr","SourceContext":"Birk.BarnAPI.Web.Endpoints.BarnEndpoints.GetBarnByFnr","ActionId":"d10369ee-bfc2-4530-9cfa-f2ab32faeba9","ActionName":"Birk.BarnAPI.Web.Endpoints.BarnEndpoints.GetBarnByFnr.HandleAsync (Birk.BarnAPI.Web)","RequestId":"0HMP8ONO1GTQT:00000001","RequestPath":"/BarnByFnr/14011385754","ConnectionId":"0HMP8ONO1GTQT","ApplicationName":"Barn.Api","CorrelationId":"143b0fd3-7bab-4e99-ad31-0388206301c0"}}
{"Timestamp":"2023-03-19T23:14:52.8255336+01:00","Level":"Information","MessageTemplate":"Executed DbCommand ({elapsed}ms) [Parameters=[{parameters}], CommandType='{commandType}', CommandTimeout='{commandTimeout}']{newLine}{commandText}","Properties":{"elapsed":"3","parameters":"@__fnr_0='?' (Size = 12) (DbType = AnsiString)","commandType":"Text","commandTimeout":30,"newLine":"\r\n","commandText":"SELECT TOP(1) [b].[BarnPK], [b].[Agressonummer], [b].[Anonymisert], [b].[AntallAktiveTiltak], [b].[BarnStatusEndretDato], [b].[BarnStatusTypeFK], [b].[BarnTypeFK], [b].[BarnetBeherskerEngelsk], [b].[BarnetErForsvunnet], [b].[BarnetTrengerTolk], [b].[BarnetsKommunalePersonId], [b].[BarnetsSpråkFK], [b].[BirkID], [b].[BirkidSeq], [b].[BirkidÅr], [b].[Duplikat], [b].[EndretAv], [b].[EndretDato], [b].[ErArbeidssøker], [b].[ErAsylsøker], [b].[ErEnsligMindreårig], [b].[EtnisitetAnnet], [b].[EtnisitetMerknad], [b].[EtnisitetTypeFK], [b].[EtnisitetViktig], [b].[FlyktningFraDato], [b].[FolkeGruppeTypeFK], [b].[ForeldreBeherskerEngelsk], [b].[ForeldreTrengerTolk], [b].[HjemmespråkAnnet], [b].[HjemmespråkFK], [b].[Invandrerbakgrunn], [b].[NasjonalitetTypeFK], [b].[OpprinnelseslandTypeFK], [b].[PersonFK], [b].[refBirkID], [b].[RefOdaBarnNr], [b].[refOdanr], [b].[RegAv], [b].[RegDato], [b].[ReligionAnnet], [b].[ReligionMerknad], [b].[ReligionTypeFK], [b].[ReligionViktig], [b].[Sikkerhetsnivå], [b].[SpråkLandMerknad], [b].[StatborgerskapTypeFK], [b].[Termin], [b].[TrosamfunnAnnet], [b].[TrosamfunnFK], [b].[VerdensdelTypeFK], [b].[VerdensregionTypeFK], [p].[PersonPK], [p].[BekreftetDSFAdresseDato], [p].[ComputedSearchNavnFødtBirk], [p].[Dufnummer], [p].[Død], [p].[EndretAv], [p].[EndretDato], [p].[ErSlettet], [p].[ErSlettetDato], [p].[Etternavn], [p].[EtternavnAnon], [p].[Fornavn], [p].[FornavnAnon], [p].[Fødselsnummer], [p].[Født], [p].[IsPerson], [p].[KjønnTypeFK], [p].[Navn], [p].[OpprinnelseslandTypeFk], [p].[Orgnr], [p].[PartyFK], [p].[Personnummer], [p].[RefAnsattNr], [p].[RefBrukerNavn], [p].[RefOdaFoshjemNrEgneBarn1], [p].[RefOdaFoshjemNrEgneBarn2], [p].[RefOdaFoshjemNrEgneBarn3], [p].[RefOdaFoshjemNrFar], [p].[RefOdaFoshjemNrMor], [p].[RefOdaNr], [p].[RefOdaNrFar], [p].[RefOdaNrMor], [p].[RegAv], [p].[RegDato], [p].[SivilstandTypeFK], [p].[StatborgerskapFK], [p].[Stilling], [p].[UsikkerFødselsdato], [p].[UsikkerFødselsnummer], [p].[Virksomhetsnavn]\r\nFROM [Barn] AS [b]\r\nINNER JOIN [Person] AS [p] ON [b].[PersonFK] = [p].[PersonPK]\r\nWHERE [p].[Fødselsnummer] = @__fnr_0","EventId":{"Id":20101,"Name":"Microsoft.EntityFrameworkCore.Database.Command.CommandExecuted"},"SourceContext":"Microsoft.EntityFrameworkCore.Database.Command","ActionId":"d10369ee-bfc2-4530-9cfa-f2ab32faeba9","ActionName":"Birk.BarnAPI.Web.Endpoints.BarnEndpoints.GetBarnByFnr.HandleAsync (Birk.BarnAPI.Web)","RequestId":"0HMP8ONO1GTQT:00000001","RequestPath":"/BarnByFnr/14011385754","ConnectionId":"0HMP8ONO1GTQT","ApplicationName":"Barn.Api","CorrelationId":"143b0fd3-7bab-4e99-ad31-0388206301c0"}}
{"Timestamp":"2023-03-19T23:15:45.9997497+01:00","Level":"Information","MessageTemplate":"Entering {Method}","Properties":{"Method":"GetBarnByFnr","SourceContext":"Birk.BarnAPI.Web.Endpoints.BarnEndpoints.GetBarnByFnr","ActionId":"d10369ee-bfc2-4530-9cfa-f2ab32faeba9","ActionName":"Birk.BarnAPI.Web.Endpoints.BarnEndpoints.GetBarnByFnr.HandleAsync (Birk.BarnAPI.Web)","RequestId":"0HMP8ONO1GTQU:00000001","RequestPath":"/BarnByFnr/14011385754","ConnectionId":"0HMP8ONO1GTQU","ApplicationName":"Barn.Api","CorrelationId":"0329073f-3f52-4685-a85f-ec4531ba53b2"}}
{"Timestamp":"2023-03-19T23:15:46.0068630+01:00","Level":"Information","MessageTemplate":"Executed DbCommand ({elapsed}ms) [Parameters=[{parameters}], CommandType='{commandType}', CommandTimeout='{commandTimeout}']{newLine}{commandText}","Properties":{"elapsed":"4","parameters":"@__fnr_0='?' (Size = 12) (DbType = AnsiString)","commandType":"Text","commandTimeout":30,"newLine":"\r\n","commandText":"SELECT TOP(1) [b].[BarnPK], [b].[Agressonummer], [b].[Anonymisert], [b].[AntallAktiveTiltak], [b].[BarnStatusEndretDato], [b].[BarnStatusTypeFK], [b].[BarnTypeFK], [b].[BarnetBeherskerEngelsk], [b].[BarnetErForsvunnet], [b].[BarnetTrengerTolk], [b].[BarnetsKommunalePersonId], [b].[BarnetsSpråkFK], [b].[BirkID], [b].[BirkidSeq], [b].[BirkidÅr], [b].[Duplikat], [b].[EndretAv], [b].[EndretDato], [b].[ErArbeidssøker], [b].[ErAsylsøker], [b].[ErEnsligMindreårig], [b].[EtnisitetAnnet], [b].[EtnisitetMerknad], [b].[EtnisitetTypeFK], [b].[EtnisitetViktig], [b].[FlyktningFraDato], [b].[FolkeGruppeTypeFK], [b].[ForeldreBeherskerEngelsk], [b].[ForeldreTrengerTolk], [b].[HjemmespråkAnnet], [b].[HjemmespråkFK], [b].[Invandrerbakgrunn], [b].[NasjonalitetTypeFK], [b].[OpprinnelseslandTypeFK], [b].[PersonFK], [b].[refBirkID], [b].[RefOdaBarnNr], [b].[refOdanr], [b].[RegAv], [b].[RegDato], [b].[ReligionAnnet], [b].[ReligionMerknad], [b].[ReligionTypeFK], [b].[ReligionViktig], [b].[Sikkerhetsnivå], [b].[SpråkLandMerknad], [b].[StatborgerskapTypeFK], [b].[Termin], [b].[TrosamfunnAnnet], [b].[TrosamfunnFK], [b].[VerdensdelTypeFK], [b].[VerdensregionTypeFK], [p].[PersonPK], [p].[BekreftetDSFAdresseDato], [p].[ComputedSearchNavnFødtBirk], [p].[Dufnummer], [p].[Død], [p].[EndretAv], [p].[EndretDato], [p].[ErSlettet], [p].[ErSlettetDato], [p].[Etternavn], [p].[EtternavnAnon], [p].[Fornavn], [p].[FornavnAnon], [p].[Fødselsnummer], [p].[Født], [p].[IsPerson], [p].[KjønnTypeFK], [p].[Navn], [p].[OpprinnelseslandTypeFk], [p].[Orgnr], [p].[PartyFK], [p].[Personnummer], [p].[RefAnsattNr], [p].[RefBrukerNavn], [p].[RefOdaFoshjemNrEgneBarn1], [p].[RefOdaFoshjemNrEgneBarn2], [p].[RefOdaFoshjemNrEgneBarn3], [p].[RefOdaFoshjemNrFar], [p].[RefOdaFoshjemNrMor], [p].[RefOdaNr], [p].[RefOdaNrFar], [p].[RefOdaNrMor], [p].[RegAv], [p].[RegDato], [p].[SivilstandTypeFK], [p].[StatborgerskapFK], [p].[Stilling], [p].[UsikkerFødselsdato], [p].[UsikkerFødselsnummer], [p].[Virksomhetsnavn]\r\nFROM [Barn] AS [b]\r\nINNER JOIN [Person] AS [p] ON [b].[PersonFK] = [p].[PersonPK]\r\nWHERE [p].[Fødselsnummer] = @__fnr_0","EventId":{"Id":20101,"Name":"Microsoft.EntityFrameworkCore.Database.Command.CommandExecuted"},"SourceContext":"Microsoft.EntityFrameworkCore.Database.Command","ActionId":"d10369ee-bfc2-4530-9cfa-f2ab32faeba9","ActionName":"Birk.BarnAPI.Web.Endpoints.BarnEndpoints.GetBarnByFnr.HandleAsync (Birk.BarnAPI.Web)","RequestId":"0HMP8ONO1GTQU:00000001","RequestPath":"/BarnByFnr/14011385754","ConnectionId":"0HMP8ONO1GTQU","ApplicationName":"Barn.Api","CorrelationId":"0329073f-3f52-4685-a85f-ec4531ba53b2"}}
