{"Timestamp":"2023-03-20T12:14:33.2823897+01:00","Level":"Information","MessageTemplate":"Now listening on: {address}","Properties":{"address":"https://localhost:7040","EventId":{"Id":14,"Name":"ListeningOnAddress"},"SourceContext":"Microsoft.Hosting.Lifetime","ApplicationName":"Barn.Api"}}
{"Timestamp":"2023-03-20T12:14:33.3245523+01:00","Level":"Information","MessageTemplate":"Now listening on: {address}","Properties":{"address":"http://localhost:5152","EventId":{"Id":14,"Name":"ListeningOnAddress"},"SourceContext":"Microsoft.Hosting.Lifetime","ApplicationName":"Barn.Api"}}
{"Timestamp":"2023-03-20T12:14:33.3264570+01:00","Level":"Information","MessageTemplate":"Application started. Press Ctrl+C to shut down.","Properties":{"SourceContext":"Microsoft.Hosting.Lifetime","ApplicationName":"Barn.Api"}}
{"Timestamp":"2023-03-20T12:14:33.3267007+01:00","Level":"Information","MessageTemplate":"Hosting environment: {EnvName}","Properties":{"EnvName":"Development","SourceContext":"Microsoft.Hosting.Lifetime","ApplicationName":"Barn.Api"}}
{"Timestamp":"2023-03-20T12:14:33.3267773+01:00","Level":"Information","MessageTemplate":"Content root path: {ContentRoot}","Properties":{"ContentRoot":"C:\\Repos\\Birk.Barn.API\\Birk.BarnAPI","SourceContext":"Microsoft.Hosting.Lifetime","ApplicationName":"Barn.Api"}}
{"Timestamp":"2023-03-20T12:45:51.3926803+01:00","Level":"Information","MessageTemplate":"Entering {Method}","Properties":{"Method":"GetBarnByFnr","SourceContext":"Birk.BarnAPI.Web.Endpoints.BarnEndpoints.GetBarnByFnr","ActionId":"c6657a59-83d1-4763-a1ac-4f8f6faeb498","ActionName":"Birk.BarnAPI.Web.Endpoints.BarnEndpoints.GetBarnByFnr.HandleAsync (Birk.BarnAPI.Web)","RequestId":"0HMP96H4BA1OO:00000001","RequestPath":"/BarnByFnr/14011385754","ConnectionId":"0HMP96H4BA1OO","ApplicationName":"Barn.Api","CorrelationId":"45a3e614-1d8c-49e9-ac13-46ed3e44706b"}}
{"Timestamp":"2023-03-20T12:45:53.2595456+01:00","Level":"Information","MessageTemplate":"Executed DbCommand ({elapsed}ms) [Parameters=[{parameters}], CommandType='{commandType}', CommandTimeout='{commandTimeout}']{newLine}{commandText}","Properties":{"elapsed":"91","parameters":"@__fnr_0='?' (Size = 12) (DbType = AnsiString)","commandType":"Text","commandTimeout":30,"newLine":"\r\n","commandText":"SELECT TOP(1) [b].[BarnPK], [b].[Agressonummer], [b].[Anonymisert], [b].[AntallAktiveTiltak], [b].[BarnStatusEndretDato], [b].[BarnStatusTypeFK], [b].[BarnTypeFK], [b].[BarnetBeherskerEngelsk], [b].[BarnetErForsvunnet], [b].[BarnetTrengerTolk], [b].[BarnetsKommunalePersonId], [b].[BarnetsSpråkFK], [b].[BirkID], [b].[BirkidSeq], [b].[BirkidÅr], [b].[Duplikat], [b].[EndretAv], [b].[EndretDato], [b].[ErArbeidssøker], [b].[ErAsylsøker], [b].[ErEnsligMindreårig], [b].[EtnisitetAnnet], [b].[EtnisitetMerknad], [b].[EtnisitetTypeFK], [b].[EtnisitetViktig], [b].[FlyktningFraDato], [b].[FolkeGruppeTypeFK], [b].[ForeldreBeherskerEngelsk], [b].[ForeldreTrengerTolk], [b].[HjemmespråkAnnet], [b].[HjemmespråkFK], [b].[Invandrerbakgrunn], [b].[NasjonalitetTypeFK], [b].[OpprinnelseslandTypeFK], [b].[PersonFK], [b].[refBirkID], [b].[RefOdaBarnNr], [b].[refOdanr], [b].[RegAv], [b].[RegDato], [b].[ReligionAnnet], [b].[ReligionMerknad], [b].[ReligionTypeFK], [b].[ReligionViktig], [b].[Sikkerhetsnivå], [b].[SpråkLandMerknad], [b].[StatborgerskapTypeFK], [b].[Termin], [b].[TrosamfunnAnnet], [b].[TrosamfunnFK], [b].[VerdensdelTypeFK], [b].[VerdensregionTypeFK], [p].[PersonPK], [p].[BekreftetDSFAdresseDato], [p].[ComputedSearchNavnFødtBirk], [p].[Dufnummer], [p].[Død], [p].[EndretAv], [p].[EndretDato], [p].[ErSlettet], [p].[ErSlettetDato], [p].[Etternavn], [p].[EtternavnAnon], [p].[Fornavn], [p].[FornavnAnon], [p].[Fødselsnummer], [p].[Født], [p].[IsPerson], [p].[KjønnTypeFK], [p].[Navn], [p].[OpprinnelseslandTypeFk], [p].[Orgnr], [p].[PartyFK], [p].[Personnummer], [p].[RefAnsattNr], [p].[RefBrukerNavn], [p].[RefOdaFoshjemNrEgneBarn1], [p].[RefOdaFoshjemNrEgneBarn2], [p].[RefOdaFoshjemNrEgneBarn3], [p].[RefOdaFoshjemNrFar], [p].[RefOdaFoshjemNrMor], [p].[RefOdaNr], [p].[RefOdaNrFar], [p].[RefOdaNrMor], [p].[RegAv], [p].[RegDato], [p].[SivilstandTypeFK], [p].[StatborgerskapFK], [p].[Stilling], [p].[UsikkerFødselsdato], [p].[UsikkerFødselsnummer], [p].[Virksomhetsnavn]\r\nFROM [Barn] AS [b]\r\nINNER JOIN [Person] AS [p] ON [b].[PersonFK] = [p].[PersonPK]\r\nWHERE [p].[Fødselsnummer] = @__fnr_0","EventId":{"Id":20101,"Name":"Microsoft.EntityFrameworkCore.Database.Command.CommandExecuted"},"SourceContext":"Microsoft.EntityFrameworkCore.Database.Command","ActionId":"c6657a59-83d1-4763-a1ac-4f8f6faeb498","ActionName":"Birk.BarnAPI.Web.Endpoints.BarnEndpoints.GetBarnByFnr.HandleAsync (Birk.BarnAPI.Web)","RequestId":"0HMP96H4BA1OO:00000001","RequestPath":"/BarnByFnr/14011385754","ConnectionId":"0HMP96H4BA1OO","ApplicationName":"Barn.Api","CorrelationId":"45a3e614-1d8c-49e9-ac13-46ed3e44706b"}}
{"Timestamp":"2023-03-20T12:45:54.9896072+01:00","Level":"Information","MessageTemplate":"Entering {Method}","Properties":{"Method":"GetBarnByFnr","SourceContext":"Birk.BarnAPI.Web.Endpoints.BarnEndpoints.GetBarnByFnr","ActionId":"c6657a59-83d1-4763-a1ac-4f8f6faeb498","ActionName":"Birk.BarnAPI.Web.Endpoints.BarnEndpoints.GetBarnByFnr.HandleAsync (Birk.BarnAPI.Web)","RequestId":"0HMP96H4BA1OP:00000001","RequestPath":"/BarnByFnr/14011385754","ConnectionId":"0HMP96H4BA1OP","ApplicationName":"Barn.Api","CorrelationId":"42cc068f-370b-4a2f-910c-8cfe09344311"}}
{"Timestamp":"2023-03-20T12:45:55.0476157+01:00","Level":"Information","MessageTemplate":"Executed DbCommand ({elapsed}ms) [Parameters=[{parameters}], CommandType='{commandType}', CommandTimeout='{commandTimeout}']{newLine}{commandText}","Properties":{"elapsed":"5","parameters":"@__fnr_0='?' (Size = 12) (DbType = AnsiString)","commandType":"Text","commandTimeout":30,"newLine":"\r\n","commandText":"SELECT TOP(1) [b].[BarnPK], [b].[Agressonummer], [b].[Anonymisert], [b].[AntallAktiveTiltak], [b].[BarnStatusEndretDato], [b].[BarnStatusTypeFK], [b].[BarnTypeFK], [b].[BarnetBeherskerEngelsk], [b].[BarnetErForsvunnet], [b].[BarnetTrengerTolk], [b].[BarnetsKommunalePersonId], [b].[BarnetsSpråkFK], [b].[BirkID], [b].[BirkidSeq], [b].[BirkidÅr], [b].[Duplikat], [b].[EndretAv], [b].[EndretDato], [b].[ErArbeidssøker], [b].[ErAsylsøker], [b].[ErEnsligMindreårig], [b].[EtnisitetAnnet], [b].[EtnisitetMerknad], [b].[EtnisitetTypeFK], [b].[EtnisitetViktig], [b].[FlyktningFraDato], [b].[FolkeGruppeTypeFK], [b].[ForeldreBeherskerEngelsk], [b].[ForeldreTrengerTolk], [b].[HjemmespråkAnnet], [b].[HjemmespråkFK], [b].[Invandrerbakgrunn], [b].[NasjonalitetTypeFK], [b].[OpprinnelseslandTypeFK], [b].[PersonFK], [b].[refBirkID], [b].[RefOdaBarnNr], [b].[refOdanr], [b].[RegAv], [b].[RegDato], [b].[ReligionAnnet], [b].[ReligionMerknad], [b].[ReligionTypeFK], [b].[ReligionViktig], [b].[Sikkerhetsnivå], [b].[SpråkLandMerknad], [b].[StatborgerskapTypeFK], [b].[Termin], [b].[TrosamfunnAnnet], [b].[TrosamfunnFK], [b].[VerdensdelTypeFK], [b].[VerdensregionTypeFK], [p].[PersonPK], [p].[BekreftetDSFAdresseDato], [p].[ComputedSearchNavnFødtBirk], [p].[Dufnummer], [p].[Død], [p].[EndretAv], [p].[EndretDato], [p].[ErSlettet], [p].[ErSlettetDato], [p].[Etternavn], [p].[EtternavnAnon], [p].[Fornavn], [p].[FornavnAnon], [p].[Fødselsnummer], [p].[Født], [p].[IsPerson], [p].[KjønnTypeFK], [p].[Navn], [p].[OpprinnelseslandTypeFk], [p].[Orgnr], [p].[PartyFK], [p].[Personnummer], [p].[RefAnsattNr], [p].[RefBrukerNavn], [p].[RefOdaFoshjemNrEgneBarn1], [p].[RefOdaFoshjemNrEgneBarn2], [p].[RefOdaFoshjemNrEgneBarn3], [p].[RefOdaFoshjemNrFar], [p].[RefOdaFoshjemNrMor], [p].[RefOdaNr], [p].[RefOdaNrFar], [p].[RefOdaNrMor], [p].[RegAv], [p].[RegDato], [p].[SivilstandTypeFK], [p].[StatborgerskapFK], [p].[Stilling], [p].[UsikkerFødselsdato], [p].[UsikkerFødselsnummer], [p].[Virksomhetsnavn]\r\nFROM [Barn] AS [b]\r\nINNER JOIN [Person] AS [p] ON [b].[PersonFK] = [p].[PersonPK]\r\nWHERE [p].[Fødselsnummer] = @__fnr_0","EventId":{"Id":20101,"Name":"Microsoft.EntityFrameworkCore.Database.Command.CommandExecuted"},"SourceContext":"Microsoft.EntityFrameworkCore.Database.Command","ActionId":"c6657a59-83d1-4763-a1ac-4f8f6faeb498","ActionName":"Birk.BarnAPI.Web.Endpoints.BarnEndpoints.GetBarnByFnr.HandleAsync (Birk.BarnAPI.Web)","RequestId":"0HMP96H4BA1OP:00000001","RequestPath":"/BarnByFnr/14011385754","ConnectionId":"0HMP96H4BA1OP","ApplicationName":"Barn.Api","CorrelationId":"42cc068f-370b-4a2f-910c-8cfe09344311"}}
{"Timestamp":"2023-03-20T12:46:05.0662543+01:00","Level":"Information","MessageTemplate":"Entering {Method}","Properties":{"Method":"GetBarnByFnr","SourceContext":"Birk.BarnAPI.Web.Endpoints.BarnEndpoints.GetBarnByFnr","ActionId":"c6657a59-83d1-4763-a1ac-4f8f6faeb498","ActionName":"Birk.BarnAPI.Web.Endpoints.BarnEndpoints.GetBarnByFnr.HandleAsync (Birk.BarnAPI.Web)","RequestId":"0HMP96H4BA1OQ:00000001","RequestPath":"/BarnByFnr/1","ConnectionId":"0HMP96H4BA1OQ","ApplicationName":"Barn.Api","CorrelationId":"719c676b-8143-41b9-8cf1-a9855a184816"}}
{"Timestamp":"2023-03-20T12:46:08.8432716+01:00","Level":"Information","MessageTemplate":"Entering {Method}","Properties":{"Method":"GetBarnByFnr","SourceContext":"Birk.BarnAPI.Web.Endpoints.BarnEndpoints.GetBarnByFnr","ActionId":"c6657a59-83d1-4763-a1ac-4f8f6faeb498","ActionName":"Birk.BarnAPI.Web.Endpoints.BarnEndpoints.GetBarnByFnr.HandleAsync (Birk.BarnAPI.Web)","RequestId":"0HMP96H4BA1OR:00000001","RequestPath":"/BarnByFnr/14011385754","ConnectionId":"0HMP96H4BA1OR","ApplicationName":"Barn.Api","CorrelationId":"1b13a30d-ee3f-4119-80d7-4f88bfa849fd"}}
{"Timestamp":"2023-03-20T12:46:08.8781786+01:00","Level":"Information","MessageTemplate":"Executed DbCommand ({elapsed}ms) [Parameters=[{parameters}], CommandType='{commandType}', CommandTimeout='{commandTimeout}']{newLine}{commandText}","Properties":{"elapsed":"24","parameters":"@__fnr_0='?' (Size = 12) (DbType = AnsiString)","commandType":"Text","commandTimeout":30,"newLine":"\r\n","commandText":"SELECT TOP(1) [b].[BarnPK], [b].[Agressonummer], [b].[Anonymisert], [b].[AntallAktiveTiltak], [b].[BarnStatusEndretDato], [b].[BarnStatusTypeFK], [b].[BarnTypeFK], [b].[BarnetBeherskerEngelsk], [b].[BarnetErForsvunnet], [b].[BarnetTrengerTolk], [b].[BarnetsKommunalePersonId], [b].[BarnetsSpråkFK], [b].[BirkID], [b].[BirkidSeq], [b].[BirkidÅr], [b].[Duplikat], [b].[EndretAv], [b].[EndretDato], [b].[ErArbeidssøker], [b].[ErAsylsøker], [b].[ErEnsligMindreårig], [b].[EtnisitetAnnet], [b].[EtnisitetMerknad], [b].[EtnisitetTypeFK], [b].[EtnisitetViktig], [b].[FlyktningFraDato], [b].[FolkeGruppeTypeFK], [b].[ForeldreBeherskerEngelsk], [b].[ForeldreTrengerTolk], [b].[HjemmespråkAnnet], [b].[HjemmespråkFK], [b].[Invandrerbakgrunn], [b].[NasjonalitetTypeFK], [b].[OpprinnelseslandTypeFK], [b].[PersonFK], [b].[refBirkID], [b].[RefOdaBarnNr], [b].[refOdanr], [b].[RegAv], [b].[RegDato], [b].[ReligionAnnet], [b].[ReligionMerknad], [b].[ReligionTypeFK], [b].[ReligionViktig], [b].[Sikkerhetsnivå], [b].[SpråkLandMerknad], [b].[StatborgerskapTypeFK], [b].[Termin], [b].[TrosamfunnAnnet], [b].[TrosamfunnFK], [b].[VerdensdelTypeFK], [b].[VerdensregionTypeFK], [p].[PersonPK], [p].[BekreftetDSFAdresseDato], [p].[ComputedSearchNavnFødtBirk], [p].[Dufnummer], [p].[Død], [p].[EndretAv], [p].[EndretDato], [p].[ErSlettet], [p].[ErSlettetDato], [p].[Etternavn], [p].[EtternavnAnon], [p].[Fornavn], [p].[FornavnAnon], [p].[Fødselsnummer], [p].[Født], [p].[IsPerson], [p].[KjønnTypeFK], [p].[Navn], [p].[OpprinnelseslandTypeFk], [p].[Orgnr], [p].[PartyFK], [p].[Personnummer], [p].[RefAnsattNr], [p].[RefBrukerNavn], [p].[RefOdaFoshjemNrEgneBarn1], [p].[RefOdaFoshjemNrEgneBarn2], [p].[RefOdaFoshjemNrEgneBarn3], [p].[RefOdaFoshjemNrFar], [p].[RefOdaFoshjemNrMor], [p].[RefOdaNr], [p].[RefOdaNrFar], [p].[RefOdaNrMor], [p].[RegAv], [p].[RegDato], [p].[SivilstandTypeFK], [p].[StatborgerskapFK], [p].[Stilling], [p].[UsikkerFødselsdato], [p].[UsikkerFødselsnummer], [p].[Virksomhetsnavn]\r\nFROM [Barn] AS [b]\r\nINNER JOIN [Person] AS [p] ON [b].[PersonFK] = [p].[PersonPK]\r\nWHERE [p].[Fødselsnummer] = @__fnr_0","EventId":{"Id":20101,"Name":"Microsoft.EntityFrameworkCore.Database.Command.CommandExecuted"},"SourceContext":"Microsoft.EntityFrameworkCore.Database.Command","ActionId":"c6657a59-83d1-4763-a1ac-4f8f6faeb498","ActionName":"Birk.BarnAPI.Web.Endpoints.BarnEndpoints.GetBarnByFnr.HandleAsync (Birk.BarnAPI.Web)","RequestId":"0HMP96H4BA1OR:00000001","RequestPath":"/BarnByFnr/14011385754","ConnectionId":"0HMP96H4BA1OR","ApplicationName":"Barn.Api","CorrelationId":"1b13a30d-ee3f-4119-80d7-4f88bfa849fd"}}
{"Timestamp":"2023-03-20T12:46:19.3538801+01:00","Level":"Information","MessageTemplate":"Entering {Method}","Properties":{"Method":"GetBarnByFnr","SourceContext":"Birk.BarnAPI.Web.Endpoints.BarnEndpoints.GetBarnByFnr","ActionId":"c6657a59-83d1-4763-a1ac-4f8f6faeb498","ActionName":"Birk.BarnAPI.Web.Endpoints.BarnEndpoints.GetBarnByFnr.HandleAsync (Birk.BarnAPI.Web)","RequestId":"0HMP96H4BA1OS:00000001","RequestPath":"/BarnByFnr/14011385754","ConnectionId":"0HMP96H4BA1OS","ApplicationName":"Barn.Api","CorrelationId":"2a2f0df4-5472-417c-bf04-b02ba330bae0"}}
{"Timestamp":"2023-03-20T12:46:19.3692441+01:00","Level":"Information","MessageTemplate":"Executed DbCommand ({elapsed}ms) [Parameters=[{parameters}], CommandType='{commandType}', CommandTimeout='{commandTimeout}']{newLine}{commandText}","Properties":{"elapsed":"11","parameters":"@__fnr_0='?' (Size = 12) (DbType = AnsiString)","commandType":"Text","commandTimeout":30,"newLine":"\r\n","commandText":"SELECT TOP(1) [b].[BarnPK], [b].[Agressonummer], [b].[Anonymisert], [b].[AntallAktiveTiltak], [b].[BarnStatusEndretDato], [b].[BarnStatusTypeFK], [b].[BarnTypeFK], [b].[BarnetBeherskerEngelsk], [b].[BarnetErForsvunnet], [b].[BarnetTrengerTolk], [b].[BarnetsKommunalePersonId], [b].[BarnetsSpråkFK], [b].[BirkID], [b].[BirkidSeq], [b].[BirkidÅr], [b].[Duplikat], [b].[EndretAv], [b].[EndretDato], [b].[ErArbeidssøker], [b].[ErAsylsøker], [b].[ErEnsligMindreårig], [b].[EtnisitetAnnet], [b].[EtnisitetMerknad], [b].[EtnisitetTypeFK], [b].[EtnisitetViktig], [b].[FlyktningFraDato], [b].[FolkeGruppeTypeFK], [b].[ForeldreBeherskerEngelsk], [b].[ForeldreTrengerTolk], [b].[HjemmespråkAnnet], [b].[HjemmespråkFK], [b].[Invandrerbakgrunn], [b].[NasjonalitetTypeFK], [b].[OpprinnelseslandTypeFK], [b].[PersonFK], [b].[refBirkID], [b].[RefOdaBarnNr], [b].[refOdanr], [b].[RegAv], [b].[RegDato], [b].[ReligionAnnet], [b].[ReligionMerknad], [b].[ReligionTypeFK], [b].[ReligionViktig], [b].[Sikkerhetsnivå], [b].[SpråkLandMerknad], [b].[StatborgerskapTypeFK], [b].[Termin], [b].[TrosamfunnAnnet], [b].[TrosamfunnFK], [b].[VerdensdelTypeFK], [b].[VerdensregionTypeFK], [p].[PersonPK], [p].[BekreftetDSFAdresseDato], [p].[ComputedSearchNavnFødtBirk], [p].[Dufnummer], [p].[Død], [p].[EndretAv], [p].[EndretDato], [p].[ErSlettet], [p].[ErSlettetDato], [p].[Etternavn], [p].[EtternavnAnon], [p].[Fornavn], [p].[FornavnAnon], [p].[Fødselsnummer], [p].[Født], [p].[IsPerson], [p].[KjønnTypeFK], [p].[Navn], [p].[OpprinnelseslandTypeFk], [p].[Orgnr], [p].[PartyFK], [p].[Personnummer], [p].[RefAnsattNr], [p].[RefBrukerNavn], [p].[RefOdaFoshjemNrEgneBarn1], [p].[RefOdaFoshjemNrEgneBarn2], [p].[RefOdaFoshjemNrEgneBarn3], [p].[RefOdaFoshjemNrFar], [p].[RefOdaFoshjemNrMor], [p].[RefOdaNr], [p].[RefOdaNrFar], [p].[RefOdaNrMor], [p].[RegAv], [p].[RegDato], [p].[SivilstandTypeFK], [p].[StatborgerskapFK], [p].[Stilling], [p].[UsikkerFødselsdato], [p].[UsikkerFødselsnummer], [p].[Virksomhetsnavn]\r\nFROM [Barn] AS [b]\r\nINNER JOIN [Person] AS [p] ON [b].[PersonFK] = [p].[PersonPK]\r\nWHERE [p].[Fødselsnummer] = @__fnr_0","EventId":{"Id":20101,"Name":"Microsoft.EntityFrameworkCore.Database.Command.CommandExecuted"},"SourceContext":"Microsoft.EntityFrameworkCore.Database.Command","ActionId":"c6657a59-83d1-4763-a1ac-4f8f6faeb498","ActionName":"Birk.BarnAPI.Web.Endpoints.BarnEndpoints.GetBarnByFnr.HandleAsync (Birk.BarnAPI.Web)","RequestId":"0HMP96H4BA1OS:00000001","RequestPath":"/BarnByFnr/14011385754","ConnectionId":"0HMP96H4BA1OS","ApplicationName":"Barn.Api","CorrelationId":"2a2f0df4-5472-417c-bf04-b02ba330bae0"}}
{"Timestamp":"2023-03-20T12:46:32.3025322+01:00","Level":"Information","MessageTemplate":"Entering {Method}","Properties":{"Method":"GetBarnByFnr","SourceContext":"Birk.BarnAPI.Web.Endpoints.BarnEndpoints.GetBarnByFnr","ActionId":"c6657a59-83d1-4763-a1ac-4f8f6faeb498","ActionName":"Birk.BarnAPI.Web.Endpoints.BarnEndpoints.GetBarnByFnr.HandleAsync (Birk.BarnAPI.Web)","RequestId":"0HMP96H4BA1OT:00000001","RequestPath":"/BarnByFnr/14011385754","ConnectionId":"0HMP96H4BA1OT","ApplicationName":"Barn.Api","CorrelationId":"b03d4e84-8324-40c1-a7a6-92129e148276"}}
{"Timestamp":"2023-03-20T12:46:32.3301851+01:00","Level":"Information","MessageTemplate":"Executed DbCommand ({elapsed}ms) [Parameters=[{parameters}], CommandType='{commandType}', CommandTimeout='{commandTimeout}']{newLine}{commandText}","Properties":{"elapsed":"26","parameters":"@__fnr_0='?' (Size = 12) (DbType = AnsiString)","commandType":"Text","commandTimeout":30,"newLine":"\r\n","commandText":"SELECT TOP(1) [b].[BarnPK], [b].[Agressonummer], [b].[Anonymisert], [b].[AntallAktiveTiltak], [b].[BarnStatusEndretDato], [b].[BarnStatusTypeFK], [b].[BarnTypeFK], [b].[BarnetBeherskerEngelsk], [b].[BarnetErForsvunnet], [b].[BarnetTrengerTolk], [b].[BarnetsKommunalePersonId], [b].[BarnetsSpråkFK], [b].[BirkID], [b].[BirkidSeq], [b].[BirkidÅr], [b].[Duplikat], [b].[EndretAv], [b].[EndretDato], [b].[ErArbeidssøker], [b].[ErAsylsøker], [b].[ErEnsligMindreårig], [b].[EtnisitetAnnet], [b].[EtnisitetMerknad], [b].[EtnisitetTypeFK], [b].[EtnisitetViktig], [b].[FlyktningFraDato], [b].[FolkeGruppeTypeFK], [b].[ForeldreBeherskerEngelsk], [b].[ForeldreTrengerTolk], [b].[HjemmespråkAnnet], [b].[HjemmespråkFK], [b].[Invandrerbakgrunn], [b].[NasjonalitetTypeFK], [b].[OpprinnelseslandTypeFK], [b].[PersonFK], [b].[refBirkID], [b].[RefOdaBarnNr], [b].[refOdanr], [b].[RegAv], [b].[RegDato], [b].[ReligionAnnet], [b].[ReligionMerknad], [b].[ReligionTypeFK], [b].[ReligionViktig], [b].[Sikkerhetsnivå], [b].[SpråkLandMerknad], [b].[StatborgerskapTypeFK], [b].[Termin], [b].[TrosamfunnAnnet], [b].[TrosamfunnFK], [b].[VerdensdelTypeFK], [b].[VerdensregionTypeFK], [p].[PersonPK], [p].[BekreftetDSFAdresseDato], [p].[ComputedSearchNavnFødtBirk], [p].[Dufnummer], [p].[Død], [p].[EndretAv], [p].[EndretDato], [p].[ErSlettet], [p].[ErSlettetDato], [p].[Etternavn], [p].[EtternavnAnon], [p].[Fornavn], [p].[FornavnAnon], [p].[Fødselsnummer], [p].[Født], [p].[IsPerson], [p].[KjønnTypeFK], [p].[Navn], [p].[OpprinnelseslandTypeFk], [p].[Orgnr], [p].[PartyFK], [p].[Personnummer], [p].[RefAnsattNr], [p].[RefBrukerNavn], [p].[RefOdaFoshjemNrEgneBarn1], [p].[RefOdaFoshjemNrEgneBarn2], [p].[RefOdaFoshjemNrEgneBarn3], [p].[RefOdaFoshjemNrFar], [p].[RefOdaFoshjemNrMor], [p].[RefOdaNr], [p].[RefOdaNrFar], [p].[RefOdaNrMor], [p].[RegAv], [p].[RegDato], [p].[SivilstandTypeFK], [p].[StatborgerskapFK], [p].[Stilling], [p].[UsikkerFødselsdato], [p].[UsikkerFødselsnummer], [p].[Virksomhetsnavn]\r\nFROM [Barn] AS [b]\r\nINNER JOIN [Person] AS [p] ON [b].[PersonFK] = [p].[PersonPK]\r\nWHERE [p].[Fødselsnummer] = @__fnr_0","EventId":{"Id":20101,"Name":"Microsoft.EntityFrameworkCore.Database.Command.CommandExecuted"},"SourceContext":"Microsoft.EntityFrameworkCore.Database.Command","ActionId":"c6657a59-83d1-4763-a1ac-4f8f6faeb498","ActionName":"Birk.BarnAPI.Web.Endpoints.BarnEndpoints.GetBarnByFnr.HandleAsync (Birk.BarnAPI.Web)","RequestId":"0HMP96H4BA1OT:00000001","RequestPath":"/BarnByFnr/14011385754","ConnectionId":"0HMP96H4BA1OT","ApplicationName":"Barn.Api","CorrelationId":"b03d4e84-8324-40c1-a7a6-92129e148276"}}
{"Timestamp":"2023-03-20T20:44:12.7636511+01:00","Level":"Information","MessageTemplate":"Now listening on: {address}","Properties":{"address":"https://localhost:7040","EventId":{"Id":14,"Name":"ListeningOnAddress"},"SourceContext":"Microsoft.Hosting.Lifetime","ApplicationName":"Barn.Api"}}
{"Timestamp":"2023-03-20T20:44:12.8210899+01:00","Level":"Information","MessageTemplate":"Now listening on: {address}","Properties":{"address":"http://localhost:5152","EventId":{"Id":14,"Name":"ListeningOnAddress"},"SourceContext":"Microsoft.Hosting.Lifetime","ApplicationName":"Barn.Api"}}
{"Timestamp":"2023-03-20T20:44:12.8224679+01:00","Level":"Information","MessageTemplate":"Application started. Press Ctrl+C to shut down.","Properties":{"SourceContext":"Microsoft.Hosting.Lifetime","ApplicationName":"Barn.Api"}}
{"Timestamp":"2023-03-20T20:44:12.8227134+01:00","Level":"Information","MessageTemplate":"Hosting environment: {EnvName}","Properties":{"EnvName":"Development","SourceContext":"Microsoft.Hosting.Lifetime","ApplicationName":"Barn.Api"}}
{"Timestamp":"2023-03-20T20:44:12.8227843+01:00","Level":"Information","MessageTemplate":"Content root path: {ContentRoot}","Properties":{"ContentRoot":"C:\\Repos\\Birk.Barn.API\\Birk.BarnAPI","SourceContext":"Microsoft.Hosting.Lifetime","ApplicationName":"Barn.Api"}}
{"Timestamp":"2023-03-20T21:28:31.6670816+01:00","Level":"Information","MessageTemplate":"Entering {Method}","Properties":{"Method":"GetBarnByFnr","SourceContext":"Birk.BarnAPI.Web.Endpoints.BarnEndpoints.GetBarnByFnr","ActionId":"e119396b-16a1-408e-88a8-d6f23b2c84bd","ActionName":"Birk.BarnAPI.Web.Endpoints.BarnEndpoints.GetBarnByFnr.HandleAsync (Birk.BarnAPI.Web)","RequestId":"0HMP9FDTNB7H2:00000001","RequestPath":"/BarnByFnr/14011385754","ConnectionId":"0HMP9FDTNB7H2","ApplicationName":"Barn.Api","CorrelationId":"8db9ab06-97ce-4f9d-92b9-571d176a07f4"}}
{"Timestamp":"2023-03-20T21:28:33.5271554+01:00","Level":"Information","MessageTemplate":"Executed DbCommand ({elapsed}ms) [Parameters=[{parameters}], CommandType='{commandType}', CommandTimeout='{commandTimeout}']{newLine}{commandText}","Properties":{"elapsed":"54","parameters":"@__fnr_0='?' (Size = 12) (DbType = AnsiString)","commandType":"Text","commandTimeout":30,"newLine":"\r\n","commandText":"SELECT TOP(1) [b].[BarnPK], [b].[Agressonummer], [b].[Anonymisert], [b].[AntallAktiveTiltak], [b].[BarnStatusEndretDato], [b].[BarnStatusTypeFK], [b].[BarnTypeFK], [b].[BarnetBeherskerEngelsk], [b].[BarnetErForsvunnet], [b].[BarnetTrengerTolk], [b].[BarnetsKommunalePersonId], [b].[BarnetsSpråkFK], [b].[BirkID], [b].[BirkidSeq], [b].[BirkidÅr], [b].[Duplikat], [b].[EndretAv], [b].[EndretDato], [b].[ErArbeidssøker], [b].[ErAsylsøker], [b].[ErEnsligMindreårig], [b].[EtnisitetAnnet], [b].[EtnisitetMerknad], [b].[EtnisitetTypeFK], [b].[EtnisitetViktig], [b].[FlyktningFraDato], [b].[FolkeGruppeTypeFK], [b].[ForeldreBeherskerEngelsk], [b].[ForeldreTrengerTolk], [b].[HjemmespråkAnnet], [b].[HjemmespråkFK], [b].[Invandrerbakgrunn], [b].[NasjonalitetTypeFK], [b].[OpprinnelseslandTypeFK], [b].[PersonFK], [b].[refBirkID], [b].[RefOdaBarnNr], [b].[refOdanr], [b].[RegAv], [b].[RegDato], [b].[ReligionAnnet], [b].[ReligionMerknad], [b].[ReligionTypeFK], [b].[ReligionViktig], [b].[Sikkerhetsnivå], [b].[SpråkLandMerknad], [b].[StatborgerskapTypeFK], [b].[Termin], [b].[TrosamfunnAnnet], [b].[TrosamfunnFK], [b].[VerdensdelTypeFK], [b].[VerdensregionTypeFK], [p].[PersonPK], [p].[BekreftetDSFAdresseDato], [p].[ComputedSearchNavnFødtBirk], [p].[Dufnummer], [p].[Død], [p].[EndretAv], [p].[EndretDato], [p].[ErSlettet], [p].[ErSlettetDato], [p].[Etternavn], [p].[EtternavnAnon], [p].[Fornavn], [p].[FornavnAnon], [p].[Fødselsnummer], [p].[Født], [p].[IsPerson], [p].[KjønnTypeFK], [p].[Navn], [p].[OpprinnelseslandTypeFk], [p].[Orgnr], [p].[PartyFK], [p].[Personnummer], [p].[RefAnsattNr], [p].[RefBrukerNavn], [p].[RefOdaFoshjemNrEgneBarn1], [p].[RefOdaFoshjemNrEgneBarn2], [p].[RefOdaFoshjemNrEgneBarn3], [p].[RefOdaFoshjemNrFar], [p].[RefOdaFoshjemNrMor], [p].[RefOdaNr], [p].[RefOdaNrFar], [p].[RefOdaNrMor], [p].[RegAv], [p].[RegDato], [p].[SivilstandTypeFK], [p].[StatborgerskapFK], [p].[Stilling], [p].[UsikkerFødselsdato], [p].[UsikkerFødselsnummer], [p].[Virksomhetsnavn]\r\nFROM [Barn] AS [b]\r\nINNER JOIN [Person] AS [p] ON [b].[PersonFK] = [p].[PersonPK]\r\nWHERE [p].[Fødselsnummer] = @__fnr_0","EventId":{"Id":20101,"Name":"Microsoft.EntityFrameworkCore.Database.Command.CommandExecuted"},"SourceContext":"Microsoft.EntityFrameworkCore.Database.Command","ActionId":"e119396b-16a1-408e-88a8-d6f23b2c84bd","ActionName":"Birk.BarnAPI.Web.Endpoints.BarnEndpoints.GetBarnByFnr.HandleAsync (Birk.BarnAPI.Web)","RequestId":"0HMP9FDTNB7H2:00000001","RequestPath":"/BarnByFnr/14011385754","ConnectionId":"0HMP9FDTNB7H2","ApplicationName":"Barn.Api","CorrelationId":"8db9ab06-97ce-4f9d-92b9-571d176a07f4"}}
{"Timestamp":"2023-03-20T21:33:54.9205836+01:00","Level":"Information","MessageTemplate":"Entering {Method}","Properties":{"Method":"GetBarnByFnr","SourceContext":"Birk.BarnAPI.Web.Endpoints.BarnEndpoints.GetBarnByFnr","ActionId":"e119396b-16a1-408e-88a8-d6f23b2c84bd","ActionName":"Birk.BarnAPI.Web.Endpoints.BarnEndpoints.GetBarnByFnr.HandleAsync (Birk.BarnAPI.Web)","RequestId":"0HMP9FDTNB7H3:00000001","RequestPath":"/BarnByFnr/14011385754","ConnectionId":"0HMP9FDTNB7H3","ApplicationName":"Barn.Api","CorrelationId":"2cf15386-a96a-4d99-8e12-90173b92fed6"}}
{"Timestamp":"2023-03-20T21:33:54.9823508+01:00","Level":"Information","MessageTemplate":"Executed DbCommand ({elapsed}ms) [Parameters=[{parameters}], CommandType='{commandType}', CommandTimeout='{commandTimeout}']{newLine}{commandText}","Properties":{"elapsed":"8","parameters":"@__fnr_0='?' (Size = 12) (DbType = AnsiString)","commandType":"Text","commandTimeout":30,"newLine":"\r\n","commandText":"SELECT TOP(1) [b].[BarnPK], [b].[Agressonummer], [b].[Anonymisert], [b].[AntallAktiveTiltak], [b].[BarnStatusEndretDato], [b].[BarnStatusTypeFK], [b].[BarnTypeFK], [b].[BarnetBeherskerEngelsk], [b].[BarnetErForsvunnet], [b].[BarnetTrengerTolk], [b].[BarnetsKommunalePersonId], [b].[BarnetsSpråkFK], [b].[BirkID], [b].[BirkidSeq], [b].[BirkidÅr], [b].[Duplikat], [b].[EndretAv], [b].[EndretDato], [b].[ErArbeidssøker], [b].[ErAsylsøker], [b].[ErEnsligMindreårig], [b].[EtnisitetAnnet], [b].[EtnisitetMerknad], [b].[EtnisitetTypeFK], [b].[EtnisitetViktig], [b].[FlyktningFraDato], [b].[FolkeGruppeTypeFK], [b].[ForeldreBeherskerEngelsk], [b].[ForeldreTrengerTolk], [b].[HjemmespråkAnnet], [b].[HjemmespråkFK], [b].[Invandrerbakgrunn], [b].[NasjonalitetTypeFK], [b].[OpprinnelseslandTypeFK], [b].[PersonFK], [b].[refBirkID], [b].[RefOdaBarnNr], [b].[refOdanr], [b].[RegAv], [b].[RegDato], [b].[ReligionAnnet], [b].[ReligionMerknad], [b].[ReligionTypeFK], [b].[ReligionViktig], [b].[Sikkerhetsnivå], [b].[SpråkLandMerknad], [b].[StatborgerskapTypeFK], [b].[Termin], [b].[TrosamfunnAnnet], [b].[TrosamfunnFK], [b].[VerdensdelTypeFK], [b].[VerdensregionTypeFK], [p].[PersonPK], [p].[BekreftetDSFAdresseDato], [p].[ComputedSearchNavnFødtBirk], [p].[Dufnummer], [p].[Død], [p].[EndretAv], [p].[EndretDato], [p].[ErSlettet], [p].[ErSlettetDato], [p].[Etternavn], [p].[EtternavnAnon], [p].[Fornavn], [p].[FornavnAnon], [p].[Fødselsnummer], [p].[Født], [p].[IsPerson], [p].[KjønnTypeFK], [p].[Navn], [p].[OpprinnelseslandTypeFk], [p].[Orgnr], [p].[PartyFK], [p].[Personnummer], [p].[RefAnsattNr], [p].[RefBrukerNavn], [p].[RefOdaFoshjemNrEgneBarn1], [p].[RefOdaFoshjemNrEgneBarn2], [p].[RefOdaFoshjemNrEgneBarn3], [p].[RefOdaFoshjemNrFar], [p].[RefOdaFoshjemNrMor], [p].[RefOdaNr], [p].[RefOdaNrFar], [p].[RefOdaNrMor], [p].[RegAv], [p].[RegDato], [p].[SivilstandTypeFK], [p].[StatborgerskapFK], [p].[Stilling], [p].[UsikkerFødselsdato], [p].[UsikkerFødselsnummer], [p].[Virksomhetsnavn]\r\nFROM [Barn] AS [b]\r\nINNER JOIN [Person] AS [p] ON [b].[PersonFK] = [p].[PersonPK]\r\nWHERE [p].[Fødselsnummer] = @__fnr_0","EventId":{"Id":20101,"Name":"Microsoft.EntityFrameworkCore.Database.Command.CommandExecuted"},"SourceContext":"Microsoft.EntityFrameworkCore.Database.Command","ActionId":"e119396b-16a1-408e-88a8-d6f23b2c84bd","ActionName":"Birk.BarnAPI.Web.Endpoints.BarnEndpoints.GetBarnByFnr.HandleAsync (Birk.BarnAPI.Web)","RequestId":"0HMP9FDTNB7H3:00000001","RequestPath":"/BarnByFnr/14011385754","ConnectionId":"0HMP9FDTNB7H3","ApplicationName":"Barn.Api","CorrelationId":"2cf15386-a96a-4d99-8e12-90173b92fed6"}}
{"Timestamp":"2023-03-20T21:40:41.9863006+01:00","Level":"Information","MessageTemplate":"Entering {Method}","Properties":{"Method":"GetBarnByFnr","SourceContext":"Birk.BarnAPI.Web.Endpoints.BarnEndpoints.GetBarnByFnr","ActionId":"e119396b-16a1-408e-88a8-d6f23b2c84bd","ActionName":"Birk.BarnAPI.Web.Endpoints.BarnEndpoints.GetBarnByFnr.HandleAsync (Birk.BarnAPI.Web)","RequestId":"0HMP9FDTNB7H4:00000001","RequestPath":"/BarnByFnr/14011385754","ConnectionId":"0HMP9FDTNB7H4","ApplicationName":"Barn.Api","CorrelationId":"c15b94a7-139e-41e8-99eb-ffd11d4951a3"}}
{"Timestamp":"2023-03-20T21:40:42.0308896+01:00","Level":"Information","MessageTemplate":"Executed DbCommand ({elapsed}ms) [Parameters=[{parameters}], CommandType='{commandType}', CommandTimeout='{commandTimeout}']{newLine}{commandText}","Properties":{"elapsed":"5","parameters":"@__fnr_0='?' (Size = 12) (DbType = AnsiString)","commandType":"Text","commandTimeout":30,"newLine":"\r\n","commandText":"SELECT TOP(1) [b].[BarnPK], [b].[Agressonummer], [b].[Anonymisert], [b].[AntallAktiveTiltak], [b].[BarnStatusEndretDato], [b].[BarnStatusTypeFK], [b].[BarnTypeFK], [b].[BarnetBeherskerEngelsk], [b].[BarnetErForsvunnet], [b].[BarnetTrengerTolk], [b].[BarnetsKommunalePersonId], [b].[BarnetsSpråkFK], [b].[BirkID], [b].[BirkidSeq], [b].[BirkidÅr], [b].[Duplikat], [b].[EndretAv], [b].[EndretDato], [b].[ErArbeidssøker], [b].[ErAsylsøker], [b].[ErEnsligMindreårig], [b].[EtnisitetAnnet], [b].[EtnisitetMerknad], [b].[EtnisitetTypeFK], [b].[EtnisitetViktig], [b].[FlyktningFraDato], [b].[FolkeGruppeTypeFK], [b].[ForeldreBeherskerEngelsk], [b].[ForeldreTrengerTolk], [b].[HjemmespråkAnnet], [b].[HjemmespråkFK], [b].[Invandrerbakgrunn], [b].[NasjonalitetTypeFK], [b].[OpprinnelseslandTypeFK], [b].[PersonFK], [b].[refBirkID], [b].[RefOdaBarnNr], [b].[refOdanr], [b].[RegAv], [b].[RegDato], [b].[ReligionAnnet], [b].[ReligionMerknad], [b].[ReligionTypeFK], [b].[ReligionViktig], [b].[Sikkerhetsnivå], [b].[SpråkLandMerknad], [b].[StatborgerskapTypeFK], [b].[Termin], [b].[TrosamfunnAnnet], [b].[TrosamfunnFK], [b].[VerdensdelTypeFK], [b].[VerdensregionTypeFK], [p].[PersonPK], [p].[BekreftetDSFAdresseDato], [p].[ComputedSearchNavnFødtBirk], [p].[Dufnummer], [p].[Død], [p].[EndretAv], [p].[EndretDato], [p].[ErSlettet], [p].[ErSlettetDato], [p].[Etternavn], [p].[EtternavnAnon], [p].[Fornavn], [p].[FornavnAnon], [p].[Fødselsnummer], [p].[Født], [p].[IsPerson], [p].[KjønnTypeFK], [p].[Navn], [p].[OpprinnelseslandTypeFk], [p].[Orgnr], [p].[PartyFK], [p].[Personnummer], [p].[RefAnsattNr], [p].[RefBrukerNavn], [p].[RefOdaFoshjemNrEgneBarn1], [p].[RefOdaFoshjemNrEgneBarn2], [p].[RefOdaFoshjemNrEgneBarn3], [p].[RefOdaFoshjemNrFar], [p].[RefOdaFoshjemNrMor], [p].[RefOdaNr], [p].[RefOdaNrFar], [p].[RefOdaNrMor], [p].[RegAv], [p].[RegDato], [p].[SivilstandTypeFK], [p].[StatborgerskapFK], [p].[Stilling], [p].[UsikkerFødselsdato], [p].[UsikkerFødselsnummer], [p].[Virksomhetsnavn]\r\nFROM [Barn] AS [b]\r\nINNER JOIN [Person] AS [p] ON [b].[PersonFK] = [p].[PersonPK]\r\nWHERE [p].[Fødselsnummer] = @__fnr_0","EventId":{"Id":20101,"Name":"Microsoft.EntityFrameworkCore.Database.Command.CommandExecuted"},"SourceContext":"Microsoft.EntityFrameworkCore.Database.Command","ActionId":"e119396b-16a1-408e-88a8-d6f23b2c84bd","ActionName":"Birk.BarnAPI.Web.Endpoints.BarnEndpoints.GetBarnByFnr.HandleAsync (Birk.BarnAPI.Web)","RequestId":"0HMP9FDTNB7H4:00000001","RequestPath":"/BarnByFnr/14011385754","ConnectionId":"0HMP9FDTNB7H4","ApplicationName":"Barn.Api","CorrelationId":"c15b94a7-139e-41e8-99eb-ffd11d4951a3"}}
{"Timestamp":"2023-03-20T21:47:08.1083559+01:00","Level":"Information","MessageTemplate":"Entering {Method}","Properties":{"Method":"GetBarnByFnr","SourceContext":"Birk.BarnAPI.Web.Endpoints.BarnEndpoints.GetBarnByFnr","ActionId":"e119396b-16a1-408e-88a8-d6f23b2c84bd","ActionName":"Birk.BarnAPI.Web.Endpoints.BarnEndpoints.GetBarnByFnr.HandleAsync (Birk.BarnAPI.Web)","RequestId":"0HMP9FDTNB7H5:00000001","RequestPath":"/BarnByFnr/14011385754","ConnectionId":"0HMP9FDTNB7H5","ApplicationName":"Barn.Api","CorrelationId":"3746d15d-d480-4747-b79b-ae020d57fcda"}}
{"Timestamp":"2023-03-20T21:47:08.1152001+01:00","Level":"Information","MessageTemplate":"Executed DbCommand ({elapsed}ms) [Parameters=[{parameters}], CommandType='{commandType}', CommandTimeout='{commandTimeout}']{newLine}{commandText}","Properties":{"elapsed":"4","parameters":"@__fnr_0='?' (Size = 12) (DbType = AnsiString)","commandType":"Text","commandTimeout":30,"newLine":"\r\n","commandText":"SELECT TOP(1) [b].[BarnPK], [b].[Agressonummer], [b].[Anonymisert], [b].[AntallAktiveTiltak], [b].[BarnStatusEndretDato], [b].[BarnStatusTypeFK], [b].[BarnTypeFK], [b].[BarnetBeherskerEngelsk], [b].[BarnetErForsvunnet], [b].[BarnetTrengerTolk], [b].[BarnetsKommunalePersonId], [b].[BarnetsSpråkFK], [b].[BirkID], [b].[BirkidSeq], [b].[BirkidÅr], [b].[Duplikat], [b].[EndretAv], [b].[EndretDato], [b].[ErArbeidssøker], [b].[ErAsylsøker], [b].[ErEnsligMindreårig], [b].[EtnisitetAnnet], [b].[EtnisitetMerknad], [b].[EtnisitetTypeFK], [b].[EtnisitetViktig], [b].[FlyktningFraDato], [b].[FolkeGruppeTypeFK], [b].[ForeldreBeherskerEngelsk], [b].[ForeldreTrengerTolk], [b].[HjemmespråkAnnet], [b].[HjemmespråkFK], [b].[Invandrerbakgrunn], [b].[NasjonalitetTypeFK], [b].[OpprinnelseslandTypeFK], [b].[PersonFK], [b].[refBirkID], [b].[RefOdaBarnNr], [b].[refOdanr], [b].[RegAv], [b].[RegDato], [b].[ReligionAnnet], [b].[ReligionMerknad], [b].[ReligionTypeFK], [b].[ReligionViktig], [b].[Sikkerhetsnivå], [b].[SpråkLandMerknad], [b].[StatborgerskapTypeFK], [b].[Termin], [b].[TrosamfunnAnnet], [b].[TrosamfunnFK], [b].[VerdensdelTypeFK], [b].[VerdensregionTypeFK], [p].[PersonPK], [p].[BekreftetDSFAdresseDato], [p].[ComputedSearchNavnFødtBirk], [p].[Dufnummer], [p].[Død], [p].[EndretAv], [p].[EndretDato], [p].[ErSlettet], [p].[ErSlettetDato], [p].[Etternavn], [p].[EtternavnAnon], [p].[Fornavn], [p].[FornavnAnon], [p].[Fødselsnummer], [p].[Født], [p].[IsPerson], [p].[KjønnTypeFK], [p].[Navn], [p].[OpprinnelseslandTypeFk], [p].[Orgnr], [p].[PartyFK], [p].[Personnummer], [p].[RefAnsattNr], [p].[RefBrukerNavn], [p].[RefOdaFoshjemNrEgneBarn1], [p].[RefOdaFoshjemNrEgneBarn2], [p].[RefOdaFoshjemNrEgneBarn3], [p].[RefOdaFoshjemNrFar], [p].[RefOdaFoshjemNrMor], [p].[RefOdaNr], [p].[RefOdaNrFar], [p].[RefOdaNrMor], [p].[RegAv], [p].[RegDato], [p].[SivilstandTypeFK], [p].[StatborgerskapFK], [p].[Stilling], [p].[UsikkerFødselsdato], [p].[UsikkerFødselsnummer], [p].[Virksomhetsnavn]\r\nFROM [Barn] AS [b]\r\nINNER JOIN [Person] AS [p] ON [b].[PersonFK] = [p].[PersonPK]\r\nWHERE [p].[Fødselsnummer] = @__fnr_0","EventId":{"Id":20101,"Name":"Microsoft.EntityFrameworkCore.Database.Command.CommandExecuted"},"SourceContext":"Microsoft.EntityFrameworkCore.Database.Command","ActionId":"e119396b-16a1-408e-88a8-d6f23b2c84bd","ActionName":"Birk.BarnAPI.Web.Endpoints.BarnEndpoints.GetBarnByFnr.HandleAsync (Birk.BarnAPI.Web)","RequestId":"0HMP9FDTNB7H5:00000001","RequestPath":"/BarnByFnr/14011385754","ConnectionId":"0HMP9FDTNB7H5","ApplicationName":"Barn.Api","CorrelationId":"3746d15d-d480-4747-b79b-ae020d57fcda"}}
{"Timestamp":"2023-03-20T22:00:34.5003195+01:00","Level":"Information","MessageTemplate":"Entering {Method}","Properties":{"Method":"GetBarnByFnr","SourceContext":"Birk.BarnAPI.Web.Endpoints.BarnEndpoints.GetBarnByFnr","ActionId":"e119396b-16a1-408e-88a8-d6f23b2c84bd","ActionName":"Birk.BarnAPI.Web.Endpoints.BarnEndpoints.GetBarnByFnr.HandleAsync (Birk.BarnAPI.Web)","RequestId":"0HMP9FDTNB7H6:00000001","RequestPath":"/BarnByFnr/14011385754","ConnectionId":"0HMP9FDTNB7H6","ApplicationName":"Barn.Api","CorrelationId":"64691f1f-843a-436c-b6e7-593f955f0c43"}}
{"Timestamp":"2023-03-20T22:00:34.5238277+01:00","Level":"Information","MessageTemplate":"Executed DbCommand ({elapsed}ms) [Parameters=[{parameters}], CommandType='{commandType}', CommandTimeout='{commandTimeout}']{newLine}{commandText}","Properties":{"elapsed":"3","parameters":"@__fnr_0='?' (Size = 12) (DbType = AnsiString)","commandType":"Text","commandTimeout":30,"newLine":"\r\n","commandText":"SELECT TOP(1) [b].[BarnPK], [b].[Agressonummer], [b].[Anonymisert], [b].[AntallAktiveTiltak], [b].[BarnStatusEndretDato], [b].[BarnStatusTypeFK], [b].[BarnTypeFK], [b].[BarnetBeherskerEngelsk], [b].[BarnetErForsvunnet], [b].[BarnetTrengerTolk], [b].[BarnetsKommunalePersonId], [b].[BarnetsSpråkFK], [b].[BirkID], [b].[BirkidSeq], [b].[BirkidÅr], [b].[Duplikat], [b].[EndretAv], [b].[EndretDato], [b].[ErArbeidssøker], [b].[ErAsylsøker], [b].[ErEnsligMindreårig], [b].[EtnisitetAnnet], [b].[EtnisitetMerknad], [b].[EtnisitetTypeFK], [b].[EtnisitetViktig], [b].[FlyktningFraDato], [b].[FolkeGruppeTypeFK], [b].[ForeldreBeherskerEngelsk], [b].[ForeldreTrengerTolk], [b].[HjemmespråkAnnet], [b].[HjemmespråkFK], [b].[Invandrerbakgrunn], [b].[NasjonalitetTypeFK], [b].[OpprinnelseslandTypeFK], [b].[PersonFK], [b].[refBirkID], [b].[RefOdaBarnNr], [b].[refOdanr], [b].[RegAv], [b].[RegDato], [b].[ReligionAnnet], [b].[ReligionMerknad], [b].[ReligionTypeFK], [b].[ReligionViktig], [b].[Sikkerhetsnivå], [b].[SpråkLandMerknad], [b].[StatborgerskapTypeFK], [b].[Termin], [b].[TrosamfunnAnnet], [b].[TrosamfunnFK], [b].[VerdensdelTypeFK], [b].[VerdensregionTypeFK], [p].[PersonPK], [p].[BekreftetDSFAdresseDato], [p].[ComputedSearchNavnFødtBirk], [p].[Dufnummer], [p].[Død], [p].[EndretAv], [p].[EndretDato], [p].[ErSlettet], [p].[ErSlettetDato], [p].[Etternavn], [p].[EtternavnAnon], [p].[Fornavn], [p].[FornavnAnon], [p].[Fødselsnummer], [p].[Født], [p].[IsPerson], [p].[KjønnTypeFK], [p].[Navn], [p].[OpprinnelseslandTypeFk], [p].[Orgnr], [p].[PartyFK], [p].[Personnummer], [p].[RefAnsattNr], [p].[RefBrukerNavn], [p].[RefOdaFoshjemNrEgneBarn1], [p].[RefOdaFoshjemNrEgneBarn2], [p].[RefOdaFoshjemNrEgneBarn3], [p].[RefOdaFoshjemNrFar], [p].[RefOdaFoshjemNrMor], [p].[RefOdaNr], [p].[RefOdaNrFar], [p].[RefOdaNrMor], [p].[RegAv], [p].[RegDato], [p].[SivilstandTypeFK], [p].[StatborgerskapFK], [p].[Stilling], [p].[UsikkerFødselsdato], [p].[UsikkerFødselsnummer], [p].[Virksomhetsnavn]\r\nFROM [Barn] AS [b]\r\nINNER JOIN [Person] AS [p] ON [b].[PersonFK] = [p].[PersonPK]\r\nWHERE [p].[Fødselsnummer] = @__fnr_0","EventId":{"Id":20101,"Name":"Microsoft.EntityFrameworkCore.Database.Command.CommandExecuted"},"SourceContext":"Microsoft.EntityFrameworkCore.Database.Command","ActionId":"e119396b-16a1-408e-88a8-d6f23b2c84bd","ActionName":"Birk.BarnAPI.Web.Endpoints.BarnEndpoints.GetBarnByFnr.HandleAsync (Birk.BarnAPI.Web)","RequestId":"0HMP9FDTNB7H6:00000001","RequestPath":"/BarnByFnr/14011385754","ConnectionId":"0HMP9FDTNB7H6","ApplicationName":"Barn.Api","CorrelationId":"64691f1f-843a-436c-b6e7-593f955f0c43"}}
{"Timestamp":"2023-03-20T22:00:38.3040801+01:00","Level":"Information","MessageTemplate":"Entering {Method}","Properties":{"Method":"GetBarnByFnr","SourceContext":"Birk.BarnAPI.Web.Endpoints.BarnEndpoints.GetBarnByFnr","ActionId":"e119396b-16a1-408e-88a8-d6f23b2c84bd","ActionName":"Birk.BarnAPI.Web.Endpoints.BarnEndpoints.GetBarnByFnr.HandleAsync (Birk.BarnAPI.Web)","RequestId":"0HMP9FDTNB7H7:00000001","RequestPath":"/BarnByFnr/14011385754","ConnectionId":"0HMP9FDTNB7H7","ApplicationName":"Barn.Api","CorrelationId":"d63f7045-4003-4aec-84ed-c90c3019ef5c"}}
{"Timestamp":"2023-03-20T22:00:38.3082751+01:00","Level":"Information","MessageTemplate":"Executed DbCommand ({elapsed}ms) [Parameters=[{parameters}], CommandType='{commandType}', CommandTimeout='{commandTimeout}']{newLine}{commandText}","Properties":{"elapsed":"3","parameters":"@__fnr_0='?' (Size = 12) (DbType = AnsiString)","commandType":"Text","commandTimeout":30,"newLine":"\r\n","commandText":"SELECT TOP(1) [b].[BarnPK], [b].[Agressonummer], [b].[Anonymisert], [b].[AntallAktiveTiltak], [b].[BarnStatusEndretDato], [b].[BarnStatusTypeFK], [b].[BarnTypeFK], [b].[BarnetBeherskerEngelsk], [b].[BarnetErForsvunnet], [b].[BarnetTrengerTolk], [b].[BarnetsKommunalePersonId], [b].[BarnetsSpråkFK], [b].[BirkID], [b].[BirkidSeq], [b].[BirkidÅr], [b].[Duplikat], [b].[EndretAv], [b].[EndretDato], [b].[ErArbeidssøker], [b].[ErAsylsøker], [b].[ErEnsligMindreårig], [b].[EtnisitetAnnet], [b].[EtnisitetMerknad], [b].[EtnisitetTypeFK], [b].[EtnisitetViktig], [b].[FlyktningFraDato], [b].[FolkeGruppeTypeFK], [b].[ForeldreBeherskerEngelsk], [b].[ForeldreTrengerTolk], [b].[HjemmespråkAnnet], [b].[HjemmespråkFK], [b].[Invandrerbakgrunn], [b].[NasjonalitetTypeFK], [b].[OpprinnelseslandTypeFK], [b].[PersonFK], [b].[refBirkID], [b].[RefOdaBarnNr], [b].[refOdanr], [b].[RegAv], [b].[RegDato], [b].[ReligionAnnet], [b].[ReligionMerknad], [b].[ReligionTypeFK], [b].[ReligionViktig], [b].[Sikkerhetsnivå], [b].[SpråkLandMerknad], [b].[StatborgerskapTypeFK], [b].[Termin], [b].[TrosamfunnAnnet], [b].[TrosamfunnFK], [b].[VerdensdelTypeFK], [b].[VerdensregionTypeFK], [p].[PersonPK], [p].[BekreftetDSFAdresseDato], [p].[ComputedSearchNavnFødtBirk], [p].[Dufnummer], [p].[Død], [p].[EndretAv], [p].[EndretDato], [p].[ErSlettet], [p].[ErSlettetDato], [p].[Etternavn], [p].[EtternavnAnon], [p].[Fornavn], [p].[FornavnAnon], [p].[Fødselsnummer], [p].[Født], [p].[IsPerson], [p].[KjønnTypeFK], [p].[Navn], [p].[OpprinnelseslandTypeFk], [p].[Orgnr], [p].[PartyFK], [p].[Personnummer], [p].[RefAnsattNr], [p].[RefBrukerNavn], [p].[RefOdaFoshjemNrEgneBarn1], [p].[RefOdaFoshjemNrEgneBarn2], [p].[RefOdaFoshjemNrEgneBarn3], [p].[RefOdaFoshjemNrFar], [p].[RefOdaFoshjemNrMor], [p].[RefOdaNr], [p].[RefOdaNrFar], [p].[RefOdaNrMor], [p].[RegAv], [p].[RegDato], [p].[SivilstandTypeFK], [p].[StatborgerskapFK], [p].[Stilling], [p].[UsikkerFødselsdato], [p].[UsikkerFødselsnummer], [p].[Virksomhetsnavn]\r\nFROM [Barn] AS [b]\r\nINNER JOIN [Person] AS [p] ON [b].[PersonFK] = [p].[PersonPK]\r\nWHERE [p].[Fødselsnummer] = @__fnr_0","EventId":{"Id":20101,"Name":"Microsoft.EntityFrameworkCore.Database.Command.CommandExecuted"},"SourceContext":"Microsoft.EntityFrameworkCore.Database.Command","ActionId":"e119396b-16a1-408e-88a8-d6f23b2c84bd","ActionName":"Birk.BarnAPI.Web.Endpoints.BarnEndpoints.GetBarnByFnr.HandleAsync (Birk.BarnAPI.Web)","RequestId":"0HMP9FDTNB7H7:00000001","RequestPath":"/BarnByFnr/14011385754","ConnectionId":"0HMP9FDTNB7H7","ApplicationName":"Barn.Api","CorrelationId":"d63f7045-4003-4aec-84ed-c90c3019ef5c"}}
{"Timestamp":"2023-03-20T22:00:42.6983083+01:00","Level":"Information","MessageTemplate":"Entering {Method}","Properties":{"Method":"GetBarnByFnr","SourceContext":"Birk.BarnAPI.Web.Endpoints.BarnEndpoints.GetBarnByFnr","ActionId":"e119396b-16a1-408e-88a8-d6f23b2c84bd","ActionName":"Birk.BarnAPI.Web.Endpoints.BarnEndpoints.GetBarnByFnr.HandleAsync (Birk.BarnAPI.Web)","RequestId":"0HMP9FDTNB7H8:00000001","RequestPath":"/BarnByFnr/14011385754","ConnectionId":"0HMP9FDTNB7H8","ApplicationName":"Barn.Api","CorrelationId":"252e306c-9a54-4f3b-9e70-8a94ba5360af"}}
{"Timestamp":"2023-03-20T22:00:42.7016714+01:00","Level":"Information","MessageTemplate":"Executed DbCommand ({elapsed}ms) [Parameters=[{parameters}], CommandType='{commandType}', CommandTimeout='{commandTimeout}']{newLine}{commandText}","Properties":{"elapsed":"2","parameters":"@__fnr_0='?' (Size = 12) (DbType = AnsiString)","commandType":"Text","commandTimeout":30,"newLine":"\r\n","commandText":"SELECT TOP(1) [b].[BarnPK], [b].[Agressonummer], [b].[Anonymisert], [b].[AntallAktiveTiltak], [b].[BarnStatusEndretDato], [b].[BarnStatusTypeFK], [b].[BarnTypeFK], [b].[BarnetBeherskerEngelsk], [b].[BarnetErForsvunnet], [b].[BarnetTrengerTolk], [b].[BarnetsKommunalePersonId], [b].[BarnetsSpråkFK], [b].[BirkID], [b].[BirkidSeq], [b].[BirkidÅr], [b].[Duplikat], [b].[EndretAv], [b].[EndretDato], [b].[ErArbeidssøker], [b].[ErAsylsøker], [b].[ErEnsligMindreårig], [b].[EtnisitetAnnet], [b].[EtnisitetMerknad], [b].[EtnisitetTypeFK], [b].[EtnisitetViktig], [b].[FlyktningFraDato], [b].[FolkeGruppeTypeFK], [b].[ForeldreBeherskerEngelsk], [b].[ForeldreTrengerTolk], [b].[HjemmespråkAnnet], [b].[HjemmespråkFK], [b].[Invandrerbakgrunn], [b].[NasjonalitetTypeFK], [b].[OpprinnelseslandTypeFK], [b].[PersonFK], [b].[refBirkID], [b].[RefOdaBarnNr], [b].[refOdanr], [b].[RegAv], [b].[RegDato], [b].[ReligionAnnet], [b].[ReligionMerknad], [b].[ReligionTypeFK], [b].[ReligionViktig], [b].[Sikkerhetsnivå], [b].[SpråkLandMerknad], [b].[StatborgerskapTypeFK], [b].[Termin], [b].[TrosamfunnAnnet], [b].[TrosamfunnFK], [b].[VerdensdelTypeFK], [b].[VerdensregionTypeFK], [p].[PersonPK], [p].[BekreftetDSFAdresseDato], [p].[ComputedSearchNavnFødtBirk], [p].[Dufnummer], [p].[Død], [p].[EndretAv], [p].[EndretDato], [p].[ErSlettet], [p].[ErSlettetDato], [p].[Etternavn], [p].[EtternavnAnon], [p].[Fornavn], [p].[FornavnAnon], [p].[Fødselsnummer], [p].[Født], [p].[IsPerson], [p].[KjønnTypeFK], [p].[Navn], [p].[OpprinnelseslandTypeFk], [p].[Orgnr], [p].[PartyFK], [p].[Personnummer], [p].[RefAnsattNr], [p].[RefBrukerNavn], [p].[RefOdaFoshjemNrEgneBarn1], [p].[RefOdaFoshjemNrEgneBarn2], [p].[RefOdaFoshjemNrEgneBarn3], [p].[RefOdaFoshjemNrFar], [p].[RefOdaFoshjemNrMor], [p].[RefOdaNr], [p].[RefOdaNrFar], [p].[RefOdaNrMor], [p].[RegAv], [p].[RegDato], [p].[SivilstandTypeFK], [p].[StatborgerskapFK], [p].[Stilling], [p].[UsikkerFødselsdato], [p].[UsikkerFødselsnummer], [p].[Virksomhetsnavn]\r\nFROM [Barn] AS [b]\r\nINNER JOIN [Person] AS [p] ON [b].[PersonFK] = [p].[PersonPK]\r\nWHERE [p].[Fødselsnummer] = @__fnr_0","EventId":{"Id":20101,"Name":"Microsoft.EntityFrameworkCore.Database.Command.CommandExecuted"},"SourceContext":"Microsoft.EntityFrameworkCore.Database.Command","ActionId":"e119396b-16a1-408e-88a8-d6f23b2c84bd","ActionName":"Birk.BarnAPI.Web.Endpoints.BarnEndpoints.GetBarnByFnr.HandleAsync (Birk.BarnAPI.Web)","RequestId":"0HMP9FDTNB7H8:00000001","RequestPath":"/BarnByFnr/14011385754","ConnectionId":"0HMP9FDTNB7H8","ApplicationName":"Barn.Api","CorrelationId":"252e306c-9a54-4f3b-9e70-8a94ba5360af"}}
{"Timestamp":"2023-03-20T22:00:45.4593757+01:00","Level":"Information","MessageTemplate":"Entering {Method}","Properties":{"Method":"GetBarnByFnr","SourceContext":"Birk.BarnAPI.Web.Endpoints.BarnEndpoints.GetBarnByFnr","ActionId":"e119396b-16a1-408e-88a8-d6f23b2c84bd","ActionName":"Birk.BarnAPI.Web.Endpoints.BarnEndpoints.GetBarnByFnr.HandleAsync (Birk.BarnAPI.Web)","RequestId":"0HMP9FDTNB7H9:00000001","RequestPath":"/BarnByFnr/14011385754","ConnectionId":"0HMP9FDTNB7H9","ApplicationName":"Barn.Api","CorrelationId":"fe1b5a63-0c06-4907-9df4-84eef629ad7e"}}
{"Timestamp":"2023-03-20T22:00:45.4634877+01:00","Level":"Information","MessageTemplate":"Executed DbCommand ({elapsed}ms) [Parameters=[{parameters}], CommandType='{commandType}', CommandTimeout='{commandTimeout}']{newLine}{commandText}","Properties":{"elapsed":"3","parameters":"@__fnr_0='?' (Size = 12) (DbType = AnsiString)","commandType":"Text","commandTimeout":30,"newLine":"\r\n","commandText":"SELECT TOP(1) [b].[BarnPK], [b].[Agressonummer], [b].[Anonymisert], [b].[AntallAktiveTiltak], [b].[BarnStatusEndretDato], [b].[BarnStatusTypeFK], [b].[BarnTypeFK], [b].[BarnetBeherskerEngelsk], [b].[BarnetErForsvunnet], [b].[BarnetTrengerTolk], [b].[BarnetsKommunalePersonId], [b].[BarnetsSpråkFK], [b].[BirkID], [b].[BirkidSeq], [b].[BirkidÅr], [b].[Duplikat], [b].[EndretAv], [b].[EndretDato], [b].[ErArbeidssøker], [b].[ErAsylsøker], [b].[ErEnsligMindreårig], [b].[EtnisitetAnnet], [b].[EtnisitetMerknad], [b].[EtnisitetTypeFK], [b].[EtnisitetViktig], [b].[FlyktningFraDato], [b].[FolkeGruppeTypeFK], [b].[ForeldreBeherskerEngelsk], [b].[ForeldreTrengerTolk], [b].[HjemmespråkAnnet], [b].[HjemmespråkFK], [b].[Invandrerbakgrunn], [b].[NasjonalitetTypeFK], [b].[OpprinnelseslandTypeFK], [b].[PersonFK], [b].[refBirkID], [b].[RefOdaBarnNr], [b].[refOdanr], [b].[RegAv], [b].[RegDato], [b].[ReligionAnnet], [b].[ReligionMerknad], [b].[ReligionTypeFK], [b].[ReligionViktig], [b].[Sikkerhetsnivå], [b].[SpråkLandMerknad], [b].[StatborgerskapTypeFK], [b].[Termin], [b].[TrosamfunnAnnet], [b].[TrosamfunnFK], [b].[VerdensdelTypeFK], [b].[VerdensregionTypeFK], [p].[PersonPK], [p].[BekreftetDSFAdresseDato], [p].[ComputedSearchNavnFødtBirk], [p].[Dufnummer], [p].[Død], [p].[EndretAv], [p].[EndretDato], [p].[ErSlettet], [p].[ErSlettetDato], [p].[Etternavn], [p].[EtternavnAnon], [p].[Fornavn], [p].[FornavnAnon], [p].[Fødselsnummer], [p].[Født], [p].[IsPerson], [p].[KjønnTypeFK], [p].[Navn], [p].[OpprinnelseslandTypeFk], [p].[Orgnr], [p].[PartyFK], [p].[Personnummer], [p].[RefAnsattNr], [p].[RefBrukerNavn], [p].[RefOdaFoshjemNrEgneBarn1], [p].[RefOdaFoshjemNrEgneBarn2], [p].[RefOdaFoshjemNrEgneBarn3], [p].[RefOdaFoshjemNrFar], [p].[RefOdaFoshjemNrMor], [p].[RefOdaNr], [p].[RefOdaNrFar], [p].[RefOdaNrMor], [p].[RegAv], [p].[RegDato], [p].[SivilstandTypeFK], [p].[StatborgerskapFK], [p].[Stilling], [p].[UsikkerFødselsdato], [p].[UsikkerFødselsnummer], [p].[Virksomhetsnavn]\r\nFROM [Barn] AS [b]\r\nINNER JOIN [Person] AS [p] ON [b].[PersonFK] = [p].[PersonPK]\r\nWHERE [p].[Fødselsnummer] = @__fnr_0","EventId":{"Id":20101,"Name":"Microsoft.EntityFrameworkCore.Database.Command.CommandExecuted"},"SourceContext":"Microsoft.EntityFrameworkCore.Database.Command","ActionId":"e119396b-16a1-408e-88a8-d6f23b2c84bd","ActionName":"Birk.BarnAPI.Web.Endpoints.BarnEndpoints.GetBarnByFnr.HandleAsync (Birk.BarnAPI.Web)","RequestId":"0HMP9FDTNB7H9:00000001","RequestPath":"/BarnByFnr/14011385754","ConnectionId":"0HMP9FDTNB7H9","ApplicationName":"Barn.Api","CorrelationId":"fe1b5a63-0c06-4907-9df4-84eef629ad7e"}}
{"Timestamp":"2023-03-20T22:20:51.1440660+01:00","Level":"Information","MessageTemplate":"Entering {Method}","Properties":{"Method":"GetBarnByFnr","SourceContext":"Birk.BarnAPI.Web.Endpoints.BarnEndpoints.GetBarnByFnr","ActionId":"e119396b-16a1-408e-88a8-d6f23b2c84bd","ActionName":"Birk.BarnAPI.Web.Endpoints.BarnEndpoints.GetBarnByFnr.HandleAsync (Birk.BarnAPI.Web)","RequestId":"0HMP9FDTNB7HA:00000001","RequestPath":"/BarnByFnr/14011385754","ConnectionId":"0HMP9FDTNB7HA","ApplicationName":"Barn.Api","CorrelationId":"1e8c5d70-dfed-4b88-aa07-d6f3a03f3b61"}}
{"Timestamp":"2023-03-20T22:20:51.1630802+01:00","Level":"Information","MessageTemplate":"Executed DbCommand ({elapsed}ms) [Parameters=[{parameters}], CommandType='{commandType}', CommandTimeout='{commandTimeout}']{newLine}{commandText}","Properties":{"elapsed":"5","parameters":"@__fnr_0='?' (Size = 12) (DbType = AnsiString)","commandType":"Text","commandTimeout":30,"newLine":"\r\n","commandText":"SELECT TOP(1) [b].[BarnPK], [b].[Agressonummer], [b].[Anonymisert], [b].[AntallAktiveTiltak], [b].[BarnStatusEndretDato], [b].[BarnStatusTypeFK], [b].[BarnTypeFK], [b].[BarnetBeherskerEngelsk], [b].[BarnetErForsvunnet], [b].[BarnetTrengerTolk], [b].[BarnetsKommunalePersonId], [b].[BarnetsSpråkFK], [b].[BirkID], [b].[BirkidSeq], [b].[BirkidÅr], [b].[Duplikat], [b].[EndretAv], [b].[EndretDato], [b].[ErArbeidssøker], [b].[ErAsylsøker], [b].[ErEnsligMindreårig], [b].[EtnisitetAnnet], [b].[EtnisitetMerknad], [b].[EtnisitetTypeFK], [b].[EtnisitetViktig], [b].[FlyktningFraDato], [b].[FolkeGruppeTypeFK], [b].[ForeldreBeherskerEngelsk], [b].[ForeldreTrengerTolk], [b].[HjemmespråkAnnet], [b].[HjemmespråkFK], [b].[Invandrerbakgrunn], [b].[NasjonalitetTypeFK], [b].[OpprinnelseslandTypeFK], [b].[PersonFK], [b].[refBirkID], [b].[RefOdaBarnNr], [b].[refOdanr], [b].[RegAv], [b].[RegDato], [b].[ReligionAnnet], [b].[ReligionMerknad], [b].[ReligionTypeFK], [b].[ReligionViktig], [b].[Sikkerhetsnivå], [b].[SpråkLandMerknad], [b].[StatborgerskapTypeFK], [b].[Termin], [b].[TrosamfunnAnnet], [b].[TrosamfunnFK], [b].[VerdensdelTypeFK], [b].[VerdensregionTypeFK], [p].[PersonPK], [p].[BekreftetDSFAdresseDato], [p].[ComputedSearchNavnFødtBirk], [p].[Dufnummer], [p].[Død], [p].[EndretAv], [p].[EndretDato], [p].[ErSlettet], [p].[ErSlettetDato], [p].[Etternavn], [p].[EtternavnAnon], [p].[Fornavn], [p].[FornavnAnon], [p].[Fødselsnummer], [p].[Født], [p].[IsPerson], [p].[KjønnTypeFK], [p].[Navn], [p].[OpprinnelseslandTypeFk], [p].[Orgnr], [p].[PartyFK], [p].[Personnummer], [p].[RefAnsattNr], [p].[RefBrukerNavn], [p].[RefOdaFoshjemNrEgneBarn1], [p].[RefOdaFoshjemNrEgneBarn2], [p].[RefOdaFoshjemNrEgneBarn3], [p].[RefOdaFoshjemNrFar], [p].[RefOdaFoshjemNrMor], [p].[RefOdaNr], [p].[RefOdaNrFar], [p].[RefOdaNrMor], [p].[RegAv], [p].[RegDato], [p].[SivilstandTypeFK], [p].[StatborgerskapFK], [p].[Stilling], [p].[UsikkerFødselsdato], [p].[UsikkerFødselsnummer], [p].[Virksomhetsnavn]\r\nFROM [Barn] AS [b]\r\nINNER JOIN [Person] AS [p] ON [b].[PersonFK] = [p].[PersonPK]\r\nWHERE [p].[Fødselsnummer] = @__fnr_0","EventId":{"Id":20101,"Name":"Microsoft.EntityFrameworkCore.Database.Command.CommandExecuted"},"SourceContext":"Microsoft.EntityFrameworkCore.Database.Command","ActionId":"e119396b-16a1-408e-88a8-d6f23b2c84bd","ActionName":"Birk.BarnAPI.Web.Endpoints.BarnEndpoints.GetBarnByFnr.HandleAsync (Birk.BarnAPI.Web)","RequestId":"0HMP9FDTNB7HA:00000001","RequestPath":"/BarnByFnr/14011385754","ConnectionId":"0HMP9FDTNB7HA","ApplicationName":"Barn.Api","CorrelationId":"1e8c5d70-dfed-4b88-aa07-d6f3a03f3b61"}}
{"Timestamp":"2023-03-20T22:25:22.9060434+01:00","Level":"Information","MessageTemplate":"Entering {Method}","Properties":{"Method":"GetBarnByFnr","SourceContext":"Birk.BarnAPI.Web.Endpoints.BarnEndpoints.GetBarnByFnr","ActionId":"e119396b-16a1-408e-88a8-d6f23b2c84bd","ActionName":"Birk.BarnAPI.Web.Endpoints.BarnEndpoints.GetBarnByFnr.HandleAsync (Birk.BarnAPI.Web)","RequestId":"0HMP9FDTNB7HB:00000001","RequestPath":"/BarnByFnr/14011385754","ConnectionId":"0HMP9FDTNB7HB","ApplicationName":"Barn.Api","CorrelationId":"8a297eac-abc7-4d8e-9581-a2f447e850aa"}}
{"Timestamp":"2023-03-20T22:25:22.9100767+01:00","Level":"Information","MessageTemplate":"Executed DbCommand ({elapsed}ms) [Parameters=[{parameters}], CommandType='{commandType}', CommandTimeout='{commandTimeout}']{newLine}{commandText}","Properties":{"elapsed":"2","parameters":"@__fnr_0='?' (Size = 12) (DbType = AnsiString)","commandType":"Text","commandTimeout":30,"newLine":"\r\n","commandText":"SELECT TOP(1) [b].[BarnPK], [b].[Agressonummer], [b].[Anonymisert], [b].[AntallAktiveTiltak], [b].[BarnStatusEndretDato], [b].[BarnStatusTypeFK], [b].[BarnTypeFK], [b].[BarnetBeherskerEngelsk], [b].[BarnetErForsvunnet], [b].[BarnetTrengerTolk], [b].[BarnetsKommunalePersonId], [b].[BarnetsSpråkFK], [b].[BirkID], [b].[BirkidSeq], [b].[BirkidÅr], [b].[Duplikat], [b].[EndretAv], [b].[EndretDato], [b].[ErArbeidssøker], [b].[ErAsylsøker], [b].[ErEnsligMindreårig], [b].[EtnisitetAnnet], [b].[EtnisitetMerknad], [b].[EtnisitetTypeFK], [b].[EtnisitetViktig], [b].[FlyktningFraDato], [b].[FolkeGruppeTypeFK], [b].[ForeldreBeherskerEngelsk], [b].[ForeldreTrengerTolk], [b].[HjemmespråkAnnet], [b].[HjemmespråkFK], [b].[Invandrerbakgrunn], [b].[NasjonalitetTypeFK], [b].[OpprinnelseslandTypeFK], [b].[PersonFK], [b].[refBirkID], [b].[RefOdaBarnNr], [b].[refOdanr], [b].[RegAv], [b].[RegDato], [b].[ReligionAnnet], [b].[ReligionMerknad], [b].[ReligionTypeFK], [b].[ReligionViktig], [b].[Sikkerhetsnivå], [b].[SpråkLandMerknad], [b].[StatborgerskapTypeFK], [b].[Termin], [b].[TrosamfunnAnnet], [b].[TrosamfunnFK], [b].[VerdensdelTypeFK], [b].[VerdensregionTypeFK], [p].[PersonPK], [p].[BekreftetDSFAdresseDato], [p].[ComputedSearchNavnFødtBirk], [p].[Dufnummer], [p].[Død], [p].[EndretAv], [p].[EndretDato], [p].[ErSlettet], [p].[ErSlettetDato], [p].[Etternavn], [p].[EtternavnAnon], [p].[Fornavn], [p].[FornavnAnon], [p].[Fødselsnummer], [p].[Født], [p].[IsPerson], [p].[KjønnTypeFK], [p].[Navn], [p].[OpprinnelseslandTypeFk], [p].[Orgnr], [p].[PartyFK], [p].[Personnummer], [p].[RefAnsattNr], [p].[RefBrukerNavn], [p].[RefOdaFoshjemNrEgneBarn1], [p].[RefOdaFoshjemNrEgneBarn2], [p].[RefOdaFoshjemNrEgneBarn3], [p].[RefOdaFoshjemNrFar], [p].[RefOdaFoshjemNrMor], [p].[RefOdaNr], [p].[RefOdaNrFar], [p].[RefOdaNrMor], [p].[RegAv], [p].[RegDato], [p].[SivilstandTypeFK], [p].[StatborgerskapFK], [p].[Stilling], [p].[UsikkerFødselsdato], [p].[UsikkerFødselsnummer], [p].[Virksomhetsnavn]\r\nFROM [Barn] AS [b]\r\nINNER JOIN [Person] AS [p] ON [b].[PersonFK] = [p].[PersonPK]\r\nWHERE [p].[Fødselsnummer] = @__fnr_0","EventId":{"Id":20101,"Name":"Microsoft.EntityFrameworkCore.Database.Command.CommandExecuted"},"SourceContext":"Microsoft.EntityFrameworkCore.Database.Command","ActionId":"e119396b-16a1-408e-88a8-d6f23b2c84bd","ActionName":"Birk.BarnAPI.Web.Endpoints.BarnEndpoints.GetBarnByFnr.HandleAsync (Birk.BarnAPI.Web)","RequestId":"0HMP9FDTNB7HB:00000001","RequestPath":"/BarnByFnr/14011385754","ConnectionId":"0HMP9FDTNB7HB","ApplicationName":"Barn.Api","CorrelationId":"8a297eac-abc7-4d8e-9581-a2f447e850aa"}}
{"Timestamp":"2023-03-20T22:25:38.2994881+01:00","Level":"Information","MessageTemplate":"Entering {Method}","Properties":{"Method":"GetBarnByFnr","SourceContext":"Birk.BarnAPI.Web.Endpoints.BarnEndpoints.GetBarnByFnr","ActionId":"e119396b-16a1-408e-88a8-d6f23b2c84bd","ActionName":"Birk.BarnAPI.Web.Endpoints.BarnEndpoints.GetBarnByFnr.HandleAsync (Birk.BarnAPI.Web)","RequestId":"0HMP9FDTNB7HC:00000001","RequestPath":"/BarnByFnr/1401138575","ConnectionId":"0HMP9FDTNB7HC","ApplicationName":"Barn.Api","CorrelationId":"8f51b241-553f-408b-8f05-f216bd6ed5e1"}}
{"Timestamp":"2023-03-20T22:28:31.7544521+01:00","Level":"Information","MessageTemplate":"Entering {Method}","Properties":{"Method":"GetBarnByFnr","SourceContext":"Birk.BarnAPI.Web.Endpoints.BarnEndpoints.GetBarnByFnr","ActionId":"e119396b-16a1-408e-88a8-d6f23b2c84bd","ActionName":"Birk.BarnAPI.Web.Endpoints.BarnEndpoints.GetBarnByFnr.HandleAsync (Birk.BarnAPI.Web)","RequestId":"0HMP9FDTNB7HD:00000001","RequestPath":"/BarnByFnr/19050778587","ConnectionId":"0HMP9FDTNB7HD","ApplicationName":"Barn.Api","CorrelationId":"7ade8785-d241-4bf8-b85f-7c1c3c86a353"}}
{"Timestamp":"2023-03-20T22:28:31.7582581+01:00","Level":"Information","MessageTemplate":"Executed DbCommand ({elapsed}ms) [Parameters=[{parameters}], CommandType='{commandType}', CommandTimeout='{commandTimeout}']{newLine}{commandText}","Properties":{"elapsed":"2","parameters":"@__fnr_0='?' (Size = 12) (DbType = AnsiString)","commandType":"Text","commandTimeout":30,"newLine":"\r\n","commandText":"SELECT TOP(1) [b].[BarnPK], [b].[Agressonummer], [b].[Anonymisert], [b].[AntallAktiveTiltak], [b].[BarnStatusEndretDato], [b].[BarnStatusTypeFK], [b].[BarnTypeFK], [b].[BarnetBeherskerEngelsk], [b].[BarnetErForsvunnet], [b].[BarnetTrengerTolk], [b].[BarnetsKommunalePersonId], [b].[BarnetsSpråkFK], [b].[BirkID], [b].[BirkidSeq], [b].[BirkidÅr], [b].[Duplikat], [b].[EndretAv], [b].[EndretDato], [b].[ErArbeidssøker], [b].[ErAsylsøker], [b].[ErEnsligMindreårig], [b].[EtnisitetAnnet], [b].[EtnisitetMerknad], [b].[EtnisitetTypeFK], [b].[EtnisitetViktig], [b].[FlyktningFraDato], [b].[FolkeGruppeTypeFK], [b].[ForeldreBeherskerEngelsk], [b].[ForeldreTrengerTolk], [b].[HjemmespråkAnnet], [b].[HjemmespråkFK], [b].[Invandrerbakgrunn], [b].[NasjonalitetTypeFK], [b].[OpprinnelseslandTypeFK], [b].[PersonFK], [b].[refBirkID], [b].[RefOdaBarnNr], [b].[refOdanr], [b].[RegAv], [b].[RegDato], [b].[ReligionAnnet], [b].[ReligionMerknad], [b].[ReligionTypeFK], [b].[ReligionViktig], [b].[Sikkerhetsnivå], [b].[SpråkLandMerknad], [b].[StatborgerskapTypeFK], [b].[Termin], [b].[TrosamfunnAnnet], [b].[TrosamfunnFK], [b].[VerdensdelTypeFK], [b].[VerdensregionTypeFK], [p].[PersonPK], [p].[BekreftetDSFAdresseDato], [p].[ComputedSearchNavnFødtBirk], [p].[Dufnummer], [p].[Død], [p].[EndretAv], [p].[EndretDato], [p].[ErSlettet], [p].[ErSlettetDato], [p].[Etternavn], [p].[EtternavnAnon], [p].[Fornavn], [p].[FornavnAnon], [p].[Fødselsnummer], [p].[Født], [p].[IsPerson], [p].[KjønnTypeFK], [p].[Navn], [p].[OpprinnelseslandTypeFk], [p].[Orgnr], [p].[PartyFK], [p].[Personnummer], [p].[RefAnsattNr], [p].[RefBrukerNavn], [p].[RefOdaFoshjemNrEgneBarn1], [p].[RefOdaFoshjemNrEgneBarn2], [p].[RefOdaFoshjemNrEgneBarn3], [p].[RefOdaFoshjemNrFar], [p].[RefOdaFoshjemNrMor], [p].[RefOdaNr], [p].[RefOdaNrFar], [p].[RefOdaNrMor], [p].[RegAv], [p].[RegDato], [p].[SivilstandTypeFK], [p].[StatborgerskapFK], [p].[Stilling], [p].[UsikkerFødselsdato], [p].[UsikkerFødselsnummer], [p].[Virksomhetsnavn]\r\nFROM [Barn] AS [b]\r\nINNER JOIN [Person] AS [p] ON [b].[PersonFK] = [p].[PersonPK]\r\nWHERE [p].[Fødselsnummer] = @__fnr_0","EventId":{"Id":20101,"Name":"Microsoft.EntityFrameworkCore.Database.Command.CommandExecuted"},"SourceContext":"Microsoft.EntityFrameworkCore.Database.Command","ActionId":"e119396b-16a1-408e-88a8-d6f23b2c84bd","ActionName":"Birk.BarnAPI.Web.Endpoints.BarnEndpoints.GetBarnByFnr.HandleAsync (Birk.BarnAPI.Web)","RequestId":"0HMP9FDTNB7HD:00000001","RequestPath":"/BarnByFnr/19050778587","ConnectionId":"0HMP9FDTNB7HD","ApplicationName":"Barn.Api","CorrelationId":"7ade8785-d241-4bf8-b85f-7c1c3c86a353"}}
