{"Timestamp":"2023-02-07T11:50:00.1414708+01:00","Level":"Information","MessageTemplate":"Now listening on: {address}","Properties":{"address":"https://localhost:7040","EventId":{"Id":14,"Name":"ListeningOnAddress"},"SourceContext":"Microsoft.Hosting.Lifetime","ApplicationName":"Barn.Api"}}
{"Timestamp":"2023-02-07T11:50:00.3588631+01:00","Level":"Information","MessageTemplate":"Now listening on: {address}","Properties":{"address":"http://localhost:5152","EventId":{"Id":14,"Name":"ListeningOnAddress"},"SourceContext":"Microsoft.Hosting.Lifetime","ApplicationName":"Barn.Api"}}
{"Timestamp":"2023-02-07T11:50:00.3616390+01:00","Level":"Information","MessageTemplate":"Application started. Press Ctrl+C to shut down.","Properties":{"SourceContext":"Microsoft.Hosting.Lifetime","ApplicationName":"Barn.Api"}}
{"Timestamp":"2023-02-07T11:50:00.3619021+01:00","Level":"Information","MessageTemplate":"Hosting environment: {EnvName}","Properties":{"EnvName":"Development","SourceContext":"Microsoft.Hosting.Lifetime","ApplicationName":"Barn.Api"}}
{"Timestamp":"2023-02-07T11:50:00.3620281+01:00","Level":"Information","MessageTemplate":"Content root path: {ContentRoot}","Properties":{"ContentRoot":"C:\\Repos\\Birk.Barn.API\\Birk.BarnAPI","SourceContext":"Microsoft.Hosting.Lifetime","ApplicationName":"Barn.Api"}}
{"Timestamp":"2023-02-07T11:54:13.4082375+01:00","Level":"Information","MessageTemplate":"Entering {Method}","Properties":{"Method":"GetBarnByFnr","SourceContext":"Birk.BarnAPI.Web.Endpoints.BarnEndpoints.GetBarnByFnr","ActionId":"c0981c97-e2bb-4c3e-b9e7-c362f1e1b1a6","ActionName":"Birk.BarnAPI.Web.Endpoints.BarnEndpoints.GetBarnByFnr.HandleAsync (Birk.BarnAPI.Web)","RequestId":"0HMO8V4841ABT:00000001","RequestPath":"/BarnByFnr/03022311111","ConnectionId":"0HMO8V4841ABT","ApplicationName":"Barn.Api","CorrelationId":"800"}}
{"Timestamp":"2023-02-07T11:54:17.1696408+01:00","Level":"Information","MessageTemplate":"Executed DbCommand ({elapsed}ms) [Parameters=[{parameters}], CommandType='{commandType}', CommandTimeout='{commandTimeout}']{newLine}{commandText}","Properties":{"elapsed":"156","parameters":"@__fnr_0='?' (Size = 12) (DbType = AnsiString)","commandType":"Text","commandTimeout":30,"newLine":"\r\n","commandText":"SELECT TOP(1) [b].[BarnPK], [b].[Agressonummer], [b].[Anonymisert], [b].[AntallAktiveTiltak], [b].[BarnStatusEndretDato], [b].[BarnStatusTypeFK], [b].[BarnTypeFK], [b].[BarnetBeherskerEngelsk], [b].[BarnetErForsvunnet], [b].[BarnetTrengerTolk], [b].[BarnetsKommunalePersonId], [b].[BarnetsSpråkFK], [b].[BirkID], [b].[BirkidSeq], [b].[BirkidÅr], [b].[Duplikat], [b].[EndretAv], [b].[EndretDato], [b].[ErArbeidssøker], [b].[ErAsylsøker], [b].[ErEnsligMindreårig], [b].[EtnisitetAnnet], [b].[EtnisitetMerknad], [b].[EtnisitetTypeFK], [b].[EtnisitetViktig], [b].[FlyktningFraDato], [b].[FolkeGruppeTypeFK], [b].[ForeldreBeherskerEngelsk], [b].[ForeldreTrengerTolk], [b].[HjemmespråkAnnet], [b].[HjemmespråkFK], [b].[Invandrerbakgrunn], [b].[NasjonalitetTypeFK], [b].[OpprinnelseslandTypeFK], [b].[PersonFK], [b].[refBirkID], [b].[RefOdaBarnNr], [b].[refOdanr], [b].[RegAv], [b].[RegDato], [b].[ReligionAnnet], [b].[ReligionMerknad], [b].[ReligionTypeFK], [b].[ReligionViktig], [b].[Sikkerhetsnivå], [b].[SpråkLandMerknad], [b].[StatborgerskapTypeFK], [b].[Termin], [b].[TrosamfunnAnnet], [b].[TrosamfunnFK], [b].[VerdensdelTypeFK], [b].[VerdensregionTypeFK], [p].[PersonPK], [p].[BekreftetDSFAdresseDato], [p].[ComputedSearchNavnFødtBirk], [p].[Dufnummer], [p].[Død], [p].[EndretAv], [p].[EndretDato], [p].[ErSlettet], [p].[ErSlettetDato], [p].[Etternavn], [p].[EtternavnAnon], [p].[Fornavn], [p].[FornavnAnon], [p].[Fødselsnummer], [p].[Født], [p].[IsPerson], [p].[KjønnTypeFK], [p].[Navn], [p].[OpprinnelseslandTypeFk], [p].[Orgnr], [p].[PartyFK], [p].[Personnummer], [p].[RefAnsattNr], [p].[RefBrukerNavn], [p].[RefOdaFoshjemNrEgneBarn1], [p].[RefOdaFoshjemNrEgneBarn2], [p].[RefOdaFoshjemNrEgneBarn3], [p].[RefOdaFoshjemNrFar], [p].[RefOdaFoshjemNrMor], [p].[RefOdaNr], [p].[RefOdaNrFar], [p].[RefOdaNrMor], [p].[RegAv], [p].[RegDato], [p].[SivilstandTypeFK], [p].[StatborgerskapFK], [p].[Stilling], [p].[UsikkerFødselsdato], [p].[UsikkerFødselsnummer], [p].[Virksomhetsnavn]\r\nFROM [Barn] AS [b]\r\nINNER JOIN [Person] AS [p] ON [b].[PersonFK] = [p].[PersonPK]\r\nWHERE [p].[Fødselsnummer] = @__fnr_0","EventId":{"Id":20101,"Name":"Microsoft.EntityFrameworkCore.Database.Command.CommandExecuted"},"SourceContext":"Microsoft.EntityFrameworkCore.Database.Command","ActionId":"c0981c97-e2bb-4c3e-b9e7-c362f1e1b1a6","ActionName":"Birk.BarnAPI.Web.Endpoints.BarnEndpoints.GetBarnByFnr.HandleAsync (Birk.BarnAPI.Web)","RequestId":"0HMO8V4841ABT:00000001","RequestPath":"/BarnByFnr/03022311111","ConnectionId":"0HMO8V4841ABT","ApplicationName":"Barn.Api","CorrelationId":"800"}}
{"Timestamp":"2023-02-07T11:56:22.6189119+01:00","Level":"Information","MessageTemplate":"Entering {Method}","Properties":{"Method":"GetBarnByFnr","SourceContext":"Birk.BarnAPI.Web.Endpoints.BarnEndpoints.GetBarnByFnr","ActionId":"c0981c97-e2bb-4c3e-b9e7-c362f1e1b1a6","ActionName":"Birk.BarnAPI.Web.Endpoints.BarnEndpoints.GetBarnByFnr.HandleAsync (Birk.BarnAPI.Web)","RequestId":"0HMO8V4841ABT:00000002","RequestPath":"/BarnByFnr/03022311111","ConnectionId":"0HMO8V4841ABT","ApplicationName":"Barn.Api","CorrelationId":"e5130293-3b9f-4c16-902a-7f01106bcc9e"}}
{"Timestamp":"2023-02-07T11:56:22.7421854+01:00","Level":"Information","MessageTemplate":"Executed DbCommand ({elapsed}ms) [Parameters=[{parameters}], CommandType='{commandType}', CommandTimeout='{commandTimeout}']{newLine}{commandText}","Properties":{"elapsed":"35","parameters":"@__fnr_0='?' (Size = 12) (DbType = AnsiString)","commandType":"Text","commandTimeout":30,"newLine":"\r\n","commandText":"SELECT TOP(1) [b].[BarnPK], [b].[Agressonummer], [b].[Anonymisert], [b].[AntallAktiveTiltak], [b].[BarnStatusEndretDato], [b].[BarnStatusTypeFK], [b].[BarnTypeFK], [b].[BarnetBeherskerEngelsk], [b].[BarnetErForsvunnet], [b].[BarnetTrengerTolk], [b].[BarnetsKommunalePersonId], [b].[BarnetsSpråkFK], [b].[BirkID], [b].[BirkidSeq], [b].[BirkidÅr], [b].[Duplikat], [b].[EndretAv], [b].[EndretDato], [b].[ErArbeidssøker], [b].[ErAsylsøker], [b].[ErEnsligMindreårig], [b].[EtnisitetAnnet], [b].[EtnisitetMerknad], [b].[EtnisitetTypeFK], [b].[EtnisitetViktig], [b].[FlyktningFraDato], [b].[FolkeGruppeTypeFK], [b].[ForeldreBeherskerEngelsk], [b].[ForeldreTrengerTolk], [b].[HjemmespråkAnnet], [b].[HjemmespråkFK], [b].[Invandrerbakgrunn], [b].[NasjonalitetTypeFK], [b].[OpprinnelseslandTypeFK], [b].[PersonFK], [b].[refBirkID], [b].[RefOdaBarnNr], [b].[refOdanr], [b].[RegAv], [b].[RegDato], [b].[ReligionAnnet], [b].[ReligionMerknad], [b].[ReligionTypeFK], [b].[ReligionViktig], [b].[Sikkerhetsnivå], [b].[SpråkLandMerknad], [b].[StatborgerskapTypeFK], [b].[Termin], [b].[TrosamfunnAnnet], [b].[TrosamfunnFK], [b].[VerdensdelTypeFK], [b].[VerdensregionTypeFK], [p].[PersonPK], [p].[BekreftetDSFAdresseDato], [p].[ComputedSearchNavnFødtBirk], [p].[Dufnummer], [p].[Død], [p].[EndretAv], [p].[EndretDato], [p].[ErSlettet], [p].[ErSlettetDato], [p].[Etternavn], [p].[EtternavnAnon], [p].[Fornavn], [p].[FornavnAnon], [p].[Fødselsnummer], [p].[Født], [p].[IsPerson], [p].[KjønnTypeFK], [p].[Navn], [p].[OpprinnelseslandTypeFk], [p].[Orgnr], [p].[PartyFK], [p].[Personnummer], [p].[RefAnsattNr], [p].[RefBrukerNavn], [p].[RefOdaFoshjemNrEgneBarn1], [p].[RefOdaFoshjemNrEgneBarn2], [p].[RefOdaFoshjemNrEgneBarn3], [p].[RefOdaFoshjemNrFar], [p].[RefOdaFoshjemNrMor], [p].[RefOdaNr], [p].[RefOdaNrFar], [p].[RefOdaNrMor], [p].[RegAv], [p].[RegDato], [p].[SivilstandTypeFK], [p].[StatborgerskapFK], [p].[Stilling], [p].[UsikkerFødselsdato], [p].[UsikkerFødselsnummer], [p].[Virksomhetsnavn]\r\nFROM [Barn] AS [b]\r\nINNER JOIN [Person] AS [p] ON [b].[PersonFK] = [p].[PersonPK]\r\nWHERE [p].[Fødselsnummer] = @__fnr_0","EventId":{"Id":20101,"Name":"Microsoft.EntityFrameworkCore.Database.Command.CommandExecuted"},"SourceContext":"Microsoft.EntityFrameworkCore.Database.Command","ActionId":"c0981c97-e2bb-4c3e-b9e7-c362f1e1b1a6","ActionName":"Birk.BarnAPI.Web.Endpoints.BarnEndpoints.GetBarnByFnr.HandleAsync (Birk.BarnAPI.Web)","RequestId":"0HMO8V4841ABT:00000002","RequestPath":"/BarnByFnr/03022311111","ConnectionId":"0HMO8V4841ABT","ApplicationName":"Barn.Api","CorrelationId":"e5130293-3b9f-4c16-902a-7f01106bcc9e"}}
{"Timestamp":"2023-02-07T12:00:53.1775320+01:00","Level":"Information","MessageTemplate":"Entering {Method}","Properties":{"Method":"GetBarnByFnr","SourceContext":"Birk.BarnAPI.Web.Endpoints.BarnEndpoints.GetBarnByFnr","ActionId":"c0981c97-e2bb-4c3e-b9e7-c362f1e1b1a6","ActionName":"Birk.BarnAPI.Web.Endpoints.BarnEndpoints.GetBarnByFnr.HandleAsync (Birk.BarnAPI.Web)","RequestId":"0HMO8V4841ABT:00000003","RequestPath":"/BarnByFnr/03022311111","ConnectionId":"0HMO8V4841ABT","ApplicationName":"Barn.Api","CorrelationId":"8c5b9ca8-773c-4d71-98e9-b23c2e123ea3"}}
{"Timestamp":"2023-02-07T12:00:53.2208544+01:00","Level":"Information","MessageTemplate":"Executed DbCommand ({elapsed}ms) [Parameters=[{parameters}], CommandType='{commandType}', CommandTimeout='{commandTimeout}']{newLine}{commandText}","Properties":{"elapsed":"4","parameters":"@__fnr_0='?' (Size = 12) (DbType = AnsiString)","commandType":"Text","commandTimeout":30,"newLine":"\r\n","commandText":"SELECT TOP(1) [b].[BarnPK], [b].[Agressonummer], [b].[Anonymisert], [b].[AntallAktiveTiltak], [b].[BarnStatusEndretDato], [b].[BarnStatusTypeFK], [b].[BarnTypeFK], [b].[BarnetBeherskerEngelsk], [b].[BarnetErForsvunnet], [b].[BarnetTrengerTolk], [b].[BarnetsKommunalePersonId], [b].[BarnetsSpråkFK], [b].[BirkID], [b].[BirkidSeq], [b].[BirkidÅr], [b].[Duplikat], [b].[EndretAv], [b].[EndretDato], [b].[ErArbeidssøker], [b].[ErAsylsøker], [b].[ErEnsligMindreårig], [b].[EtnisitetAnnet], [b].[EtnisitetMerknad], [b].[EtnisitetTypeFK], [b].[EtnisitetViktig], [b].[FlyktningFraDato], [b].[FolkeGruppeTypeFK], [b].[ForeldreBeherskerEngelsk], [b].[ForeldreTrengerTolk], [b].[HjemmespråkAnnet], [b].[HjemmespråkFK], [b].[Invandrerbakgrunn], [b].[NasjonalitetTypeFK], [b].[OpprinnelseslandTypeFK], [b].[PersonFK], [b].[refBirkID], [b].[RefOdaBarnNr], [b].[refOdanr], [b].[RegAv], [b].[RegDato], [b].[ReligionAnnet], [b].[ReligionMerknad], [b].[ReligionTypeFK], [b].[ReligionViktig], [b].[Sikkerhetsnivå], [b].[SpråkLandMerknad], [b].[StatborgerskapTypeFK], [b].[Termin], [b].[TrosamfunnAnnet], [b].[TrosamfunnFK], [b].[VerdensdelTypeFK], [b].[VerdensregionTypeFK], [p].[PersonPK], [p].[BekreftetDSFAdresseDato], [p].[ComputedSearchNavnFødtBirk], [p].[Dufnummer], [p].[Død], [p].[EndretAv], [p].[EndretDato], [p].[ErSlettet], [p].[ErSlettetDato], [p].[Etternavn], [p].[EtternavnAnon], [p].[Fornavn], [p].[FornavnAnon], [p].[Fødselsnummer], [p].[Født], [p].[IsPerson], [p].[KjønnTypeFK], [p].[Navn], [p].[OpprinnelseslandTypeFk], [p].[Orgnr], [p].[PartyFK], [p].[Personnummer], [p].[RefAnsattNr], [p].[RefBrukerNavn], [p].[RefOdaFoshjemNrEgneBarn1], [p].[RefOdaFoshjemNrEgneBarn2], [p].[RefOdaFoshjemNrEgneBarn3], [p].[RefOdaFoshjemNrFar], [p].[RefOdaFoshjemNrMor], [p].[RefOdaNr], [p].[RefOdaNrFar], [p].[RefOdaNrMor], [p].[RegAv], [p].[RegDato], [p].[SivilstandTypeFK], [p].[StatborgerskapFK], [p].[Stilling], [p].[UsikkerFødselsdato], [p].[UsikkerFødselsnummer], [p].[Virksomhetsnavn]\r\nFROM [Barn] AS [b]\r\nINNER JOIN [Person] AS [p] ON [b].[PersonFK] = [p].[PersonPK]\r\nWHERE [p].[Fødselsnummer] = @__fnr_0","EventId":{"Id":20101,"Name":"Microsoft.EntityFrameworkCore.Database.Command.CommandExecuted"},"SourceContext":"Microsoft.EntityFrameworkCore.Database.Command","ActionId":"c0981c97-e2bb-4c3e-b9e7-c362f1e1b1a6","ActionName":"Birk.BarnAPI.Web.Endpoints.BarnEndpoints.GetBarnByFnr.HandleAsync (Birk.BarnAPI.Web)","RequestId":"0HMO8V4841ABT:00000003","RequestPath":"/BarnByFnr/03022311111","ConnectionId":"0HMO8V4841ABT","ApplicationName":"Barn.Api","CorrelationId":"8c5b9ca8-773c-4d71-98e9-b23c2e123ea3"}}
{"Timestamp":"2023-02-07T12:01:03.1044456+01:00","Level":"Information","MessageTemplate":"Entering {Method}","Properties":{"Method":"GetBarnByFnr","SourceContext":"Birk.BarnAPI.Web.Endpoints.BarnEndpoints.GetBarnByFnr","ActionId":"c0981c97-e2bb-4c3e-b9e7-c362f1e1b1a6","ActionName":"Birk.BarnAPI.Web.Endpoints.BarnEndpoints.GetBarnByFnr.HandleAsync (Birk.BarnAPI.Web)","RequestId":"0HMO8V4841ABT:00000004","RequestPath":"/BarnByFnr/03022311111","ConnectionId":"0HMO8V4841ABT","ApplicationName":"Barn.Api","CorrelationId":"800"}}
{"Timestamp":"2023-02-07T12:01:03.1106129+01:00","Level":"Information","MessageTemplate":"Executed DbCommand ({elapsed}ms) [Parameters=[{parameters}], CommandType='{commandType}', CommandTimeout='{commandTimeout}']{newLine}{commandText}","Properties":{"elapsed":"4","parameters":"@__fnr_0='?' (Size = 12) (DbType = AnsiString)","commandType":"Text","commandTimeout":30,"newLine":"\r\n","commandText":"SELECT TOP(1) [b].[BarnPK], [b].[Agressonummer], [b].[Anonymisert], [b].[AntallAktiveTiltak], [b].[BarnStatusEndretDato], [b].[BarnStatusTypeFK], [b].[BarnTypeFK], [b].[BarnetBeherskerEngelsk], [b].[BarnetErForsvunnet], [b].[BarnetTrengerTolk], [b].[BarnetsKommunalePersonId], [b].[BarnetsSpråkFK], [b].[BirkID], [b].[BirkidSeq], [b].[BirkidÅr], [b].[Duplikat], [b].[EndretAv], [b].[EndretDato], [b].[ErArbeidssøker], [b].[ErAsylsøker], [b].[ErEnsligMindreårig], [b].[EtnisitetAnnet], [b].[EtnisitetMerknad], [b].[EtnisitetTypeFK], [b].[EtnisitetViktig], [b].[FlyktningFraDato], [b].[FolkeGruppeTypeFK], [b].[ForeldreBeherskerEngelsk], [b].[ForeldreTrengerTolk], [b].[HjemmespråkAnnet], [b].[HjemmespråkFK], [b].[Invandrerbakgrunn], [b].[NasjonalitetTypeFK], [b].[OpprinnelseslandTypeFK], [b].[PersonFK], [b].[refBirkID], [b].[RefOdaBarnNr], [b].[refOdanr], [b].[RegAv], [b].[RegDato], [b].[ReligionAnnet], [b].[ReligionMerknad], [b].[ReligionTypeFK], [b].[ReligionViktig], [b].[Sikkerhetsnivå], [b].[SpråkLandMerknad], [b].[StatborgerskapTypeFK], [b].[Termin], [b].[TrosamfunnAnnet], [b].[TrosamfunnFK], [b].[VerdensdelTypeFK], [b].[VerdensregionTypeFK], [p].[PersonPK], [p].[BekreftetDSFAdresseDato], [p].[ComputedSearchNavnFødtBirk], [p].[Dufnummer], [p].[Død], [p].[EndretAv], [p].[EndretDato], [p].[ErSlettet], [p].[ErSlettetDato], [p].[Etternavn], [p].[EtternavnAnon], [p].[Fornavn], [p].[FornavnAnon], [p].[Fødselsnummer], [p].[Født], [p].[IsPerson], [p].[KjønnTypeFK], [p].[Navn], [p].[OpprinnelseslandTypeFk], [p].[Orgnr], [p].[PartyFK], [p].[Personnummer], [p].[RefAnsattNr], [p].[RefBrukerNavn], [p].[RefOdaFoshjemNrEgneBarn1], [p].[RefOdaFoshjemNrEgneBarn2], [p].[RefOdaFoshjemNrEgneBarn3], [p].[RefOdaFoshjemNrFar], [p].[RefOdaFoshjemNrMor], [p].[RefOdaNr], [p].[RefOdaNrFar], [p].[RefOdaNrMor], [p].[RegAv], [p].[RegDato], [p].[SivilstandTypeFK], [p].[StatborgerskapFK], [p].[Stilling], [p].[UsikkerFødselsdato], [p].[UsikkerFødselsnummer], [p].[Virksomhetsnavn]\r\nFROM [Barn] AS [b]\r\nINNER JOIN [Person] AS [p] ON [b].[PersonFK] = [p].[PersonPK]\r\nWHERE [p].[Fødselsnummer] = @__fnr_0","EventId":{"Id":20101,"Name":"Microsoft.EntityFrameworkCore.Database.Command.CommandExecuted"},"SourceContext":"Microsoft.EntityFrameworkCore.Database.Command","ActionId":"c0981c97-e2bb-4c3e-b9e7-c362f1e1b1a6","ActionName":"Birk.BarnAPI.Web.Endpoints.BarnEndpoints.GetBarnByFnr.HandleAsync (Birk.BarnAPI.Web)","RequestId":"0HMO8V4841ABT:00000004","RequestPath":"/BarnByFnr/03022311111","ConnectionId":"0HMO8V4841ABT","ApplicationName":"Barn.Api","CorrelationId":"800"}}
{"Timestamp":"2023-02-07T12:08:15.8634598+01:00","Level":"Information","MessageTemplate":"Now listening on: {address}","Properties":{"address":"https://localhost:7040","EventId":{"Id":14,"Name":"ListeningOnAddress"},"SourceContext":"Microsoft.Hosting.Lifetime","ApplicationName":"Barn.Api"}}
{"Timestamp":"2023-02-07T12:08:15.9361856+01:00","Level":"Information","MessageTemplate":"Now listening on: {address}","Properties":{"address":"http://localhost:5152","EventId":{"Id":14,"Name":"ListeningOnAddress"},"SourceContext":"Microsoft.Hosting.Lifetime","ApplicationName":"Barn.Api"}}
{"Timestamp":"2023-02-07T12:08:15.9384419+01:00","Level":"Information","MessageTemplate":"Application started. Press Ctrl+C to shut down.","Properties":{"SourceContext":"Microsoft.Hosting.Lifetime","ApplicationName":"Barn.Api"}}
{"Timestamp":"2023-02-07T12:08:15.9387132+01:00","Level":"Information","MessageTemplate":"Hosting environment: {EnvName}","Properties":{"EnvName":"Development","SourceContext":"Microsoft.Hosting.Lifetime","ApplicationName":"Barn.Api"}}
{"Timestamp":"2023-02-07T12:08:15.9389040+01:00","Level":"Information","MessageTemplate":"Content root path: {ContentRoot}","Properties":{"ContentRoot":"C:\\Repos\\Birk.Barn.API\\Birk.BarnAPI","SourceContext":"Microsoft.Hosting.Lifetime","ApplicationName":"Barn.Api"}}
{"Timestamp":"2023-02-07T12:08:26.4273916+01:00","Level":"Information","MessageTemplate":"Entering {Method}","Properties":{"Method":"GetBarnByFnr","SourceContext":"Birk.BarnAPI.Web.Endpoints.BarnEndpoints.GetBarnByFnr","ActionId":"7b2da903-6f22-4d53-b0f3-29b3e19f545f","ActionName":"Birk.BarnAPI.Web.Endpoints.BarnEndpoints.GetBarnByFnr.HandleAsync (Birk.BarnAPI.Web)","RequestId":"0HMO8VEEBGQOJ:00000001","RequestPath":"/BarnByFnr/03022311111","ConnectionId":"0HMO8VEEBGQOJ","ApplicationName":"Barn.Api","CorrelationId":"801"}}
{"Timestamp":"2023-02-07T12:08:30.4960035+01:00","Level":"Information","MessageTemplate":"Executed DbCommand ({elapsed}ms) [Parameters=[{parameters}], CommandType='{commandType}', CommandTimeout='{commandTimeout}']{newLine}{commandText}","Properties":{"elapsed":"386","parameters":"@__fnr_0='?' (Size = 12) (DbType = AnsiString)","commandType":"Text","commandTimeout":30,"newLine":"\r\n","commandText":"SELECT TOP(1) [b].[BarnPK], [b].[Agressonummer], [b].[Anonymisert], [b].[AntallAktiveTiltak], [b].[BarnStatusEndretDato], [b].[BarnStatusTypeFK], [b].[BarnTypeFK], [b].[BarnetBeherskerEngelsk], [b].[BarnetErForsvunnet], [b].[BarnetTrengerTolk], [b].[BarnetsKommunalePersonId], [b].[BarnetsSpråkFK], [b].[BirkID], [b].[BirkidSeq], [b].[BirkidÅr], [b].[Duplikat], [b].[EndretAv], [b].[EndretDato], [b].[ErArbeidssøker], [b].[ErAsylsøker], [b].[ErEnsligMindreårig], [b].[EtnisitetAnnet], [b].[EtnisitetMerknad], [b].[EtnisitetTypeFK], [b].[EtnisitetViktig], [b].[FlyktningFraDato], [b].[FolkeGruppeTypeFK], [b].[ForeldreBeherskerEngelsk], [b].[ForeldreTrengerTolk], [b].[HjemmespråkAnnet], [b].[HjemmespråkFK], [b].[Invandrerbakgrunn], [b].[NasjonalitetTypeFK], [b].[OpprinnelseslandTypeFK], [b].[PersonFK], [b].[refBirkID], [b].[RefOdaBarnNr], [b].[refOdanr], [b].[RegAv], [b].[RegDato], [b].[ReligionAnnet], [b].[ReligionMerknad], [b].[ReligionTypeFK], [b].[ReligionViktig], [b].[Sikkerhetsnivå], [b].[SpråkLandMerknad], [b].[StatborgerskapTypeFK], [b].[Termin], [b].[TrosamfunnAnnet], [b].[TrosamfunnFK], [b].[VerdensdelTypeFK], [b].[VerdensregionTypeFK], [p].[PersonPK], [p].[BekreftetDSFAdresseDato], [p].[ComputedSearchNavnFødtBirk], [p].[Dufnummer], [p].[Død], [p].[EndretAv], [p].[EndretDato], [p].[ErSlettet], [p].[ErSlettetDato], [p].[Etternavn], [p].[EtternavnAnon], [p].[Fornavn], [p].[FornavnAnon], [p].[Fødselsnummer], [p].[Født], [p].[IsPerson], [p].[KjønnTypeFK], [p].[Navn], [p].[OpprinnelseslandTypeFk], [p].[Orgnr], [p].[PartyFK], [p].[Personnummer], [p].[RefAnsattNr], [p].[RefBrukerNavn], [p].[RefOdaFoshjemNrEgneBarn1], [p].[RefOdaFoshjemNrEgneBarn2], [p].[RefOdaFoshjemNrEgneBarn3], [p].[RefOdaFoshjemNrFar], [p].[RefOdaFoshjemNrMor], [p].[RefOdaNr], [p].[RefOdaNrFar], [p].[RefOdaNrMor], [p].[RegAv], [p].[RegDato], [p].[SivilstandTypeFK], [p].[StatborgerskapFK], [p].[Stilling], [p].[UsikkerFødselsdato], [p].[UsikkerFødselsnummer], [p].[Virksomhetsnavn]\r\nFROM [Barn] AS [b]\r\nINNER JOIN [Person] AS [p] ON [b].[PersonFK] = [p].[PersonPK]\r\nWHERE [p].[Fødselsnummer] = @__fnr_0","EventId":{"Id":20101,"Name":"Microsoft.EntityFrameworkCore.Database.Command.CommandExecuted"},"SourceContext":"Microsoft.EntityFrameworkCore.Database.Command","ActionId":"7b2da903-6f22-4d53-b0f3-29b3e19f545f","ActionName":"Birk.BarnAPI.Web.Endpoints.BarnEndpoints.GetBarnByFnr.HandleAsync (Birk.BarnAPI.Web)","RequestId":"0HMO8VEEBGQOJ:00000001","RequestPath":"/BarnByFnr/03022311111","ConnectionId":"0HMO8VEEBGQOJ","ApplicationName":"Barn.Api","CorrelationId":"801"}}
{"Timestamp":"2023-02-07T12:09:24.1894189+01:00","Level":"Information","MessageTemplate":"Entering {Method}","Properties":{"Method":"GetPersonByFnr","SourceContext":"Birk.BarnAPI.Web.Endpoints.PersonEndpoints.GetPersonByFnr","ActionId":"19912ee2-635a-4b01-913f-bafd74dadb84","ActionName":"Birk.BarnAPI.Web.Endpoints.PersonEndpoints.GetPersonByFnr.HandleAsync (Birk.BarnAPI.Web)","RequestId":"0HMO8VEEBGQOJ:00000002","RequestPath":"/PersonByFnr/03022311111","ConnectionId":"0HMO8VEEBGQOJ","ApplicationName":"Barn.Api","CorrelationId":"801"}}
{"Timestamp":"2023-02-07T12:09:24.2259678+01:00","Level":"Error","MessageTemplate":"try error","Exception":"System.Exception: Exception of type 'System.Exception' was thrown.","Properties":{"SourceContext":"Birk.BarnAPI.Web.Endpoints.PersonEndpoints.GetPersonByFnr","ActionId":"19912ee2-635a-4b01-913f-bafd74dadb84","ActionName":"Birk.BarnAPI.Web.Endpoints.PersonEndpoints.GetPersonByFnr.HandleAsync (Birk.BarnAPI.Web)","RequestId":"0HMO8VEEBGQOJ:00000002","RequestPath":"/PersonByFnr/03022311111","ConnectionId":"0HMO8VEEBGQOJ","ApplicationName":"Barn.Api","CorrelationId":"801"}}
{"Timestamp":"2023-02-07T12:09:24.7258410+01:00","Level":"Information","MessageTemplate":"Executed DbCommand ({elapsed}ms) [Parameters=[{parameters}], CommandType='{commandType}', CommandTimeout='{commandTimeout}']{newLine}{commandText}","Properties":{"elapsed":"351","parameters":"@__fnr_0='?' (Size = 12) (DbType = AnsiString)","commandType":"Text","commandTimeout":30,"newLine":"\r\n","commandText":"SELECT TOP(1) [p].[PersonPK], [p].[BekreftetDSFAdresseDato], [p].[ComputedSearchNavnFødtBirk], [p].[Dufnummer], [p].[Død], [p].[EndretAv], [p].[EndretDato], [p].[ErSlettet], [p].[ErSlettetDato], [p].[Etternavn], [p].[EtternavnAnon], [p].[Fornavn], [p].[FornavnAnon], [p].[Fødselsnummer], [p].[Født], [p].[IsPerson], [p].[KjønnTypeFK], [p].[Navn], [p].[OpprinnelseslandTypeFk], [p].[Orgnr], [p].[PartyFK], [p].[Personnummer], [p].[RefAnsattNr], [p].[RefBrukerNavn], [p].[RefOdaFoshjemNrEgneBarn1], [p].[RefOdaFoshjemNrEgneBarn2], [p].[RefOdaFoshjemNrEgneBarn3], [p].[RefOdaFoshjemNrFar], [p].[RefOdaFoshjemNrMor], [p].[RefOdaNr], [p].[RefOdaNrFar], [p].[RefOdaNrMor], [p].[RegAv], [p].[RegDato], [p].[SivilstandTypeFK], [p].[StatborgerskapFK], [p].[Stilling], [p].[UsikkerFødselsdato], [p].[UsikkerFødselsnummer], [p].[Virksomhetsnavn]\r\nFROM [Person] AS [p]\r\nWHERE [p].[Fødselsnummer] = @__fnr_0","EventId":{"Id":20101,"Name":"Microsoft.EntityFrameworkCore.Database.Command.CommandExecuted"},"SourceContext":"Microsoft.EntityFrameworkCore.Database.Command","ActionId":"19912ee2-635a-4b01-913f-bafd74dadb84","ActionName":"Birk.BarnAPI.Web.Endpoints.PersonEndpoints.GetPersonByFnr.HandleAsync (Birk.BarnAPI.Web)","RequestId":"0HMO8VEEBGQOJ:00000002","RequestPath":"/PersonByFnr/03022311111","ConnectionId":"0HMO8VEEBGQOJ","ApplicationName":"Barn.Api","CorrelationId":"801"}}
{"Timestamp":"2023-02-07T12:09:29.1125096+01:00","Level":"Information","MessageTemplate":"Entering {Method}","Properties":{"Method":"GetPersonByFnr","SourceContext":"Birk.BarnAPI.Web.Endpoints.PersonEndpoints.GetPersonByFnr","ActionId":"19912ee2-635a-4b01-913f-bafd74dadb84","ActionName":"Birk.BarnAPI.Web.Endpoints.PersonEndpoints.GetPersonByFnr.HandleAsync (Birk.BarnAPI.Web)","RequestId":"0HMO8VEEBGQOJ:00000003","RequestPath":"/PersonByFnr/03022311111","ConnectionId":"0HMO8VEEBGQOJ","ApplicationName":"Barn.Api","CorrelationId":"802"}}
{"Timestamp":"2023-02-07T12:09:29.1129125+01:00","Level":"Error","MessageTemplate":"try error","Exception":"System.Exception: Exception of type 'System.Exception' was thrown.","Properties":{"SourceContext":"Birk.BarnAPI.Web.Endpoints.PersonEndpoints.GetPersonByFnr","ActionId":"19912ee2-635a-4b01-913f-bafd74dadb84","ActionName":"Birk.BarnAPI.Web.Endpoints.PersonEndpoints.GetPersonByFnr.HandleAsync (Birk.BarnAPI.Web)","RequestId":"0HMO8VEEBGQOJ:00000003","RequestPath":"/PersonByFnr/03022311111","ConnectionId":"0HMO8VEEBGQOJ","ApplicationName":"Barn.Api","CorrelationId":"802"}}
{"Timestamp":"2023-02-07T12:09:29.3019166+01:00","Level":"Information","MessageTemplate":"Executed DbCommand ({elapsed}ms) [Parameters=[{parameters}], CommandType='{commandType}', CommandTimeout='{commandTimeout}']{newLine}{commandText}","Properties":{"elapsed":"161","parameters":"@__fnr_0='?' (Size = 12) (DbType = AnsiString)","commandType":"Text","commandTimeout":30,"newLine":"\r\n","commandText":"SELECT TOP(1) [p].[PersonPK], [p].[BekreftetDSFAdresseDato], [p].[ComputedSearchNavnFødtBirk], [p].[Dufnummer], [p].[Død], [p].[EndretAv], [p].[EndretDato], [p].[ErSlettet], [p].[ErSlettetDato], [p].[Etternavn], [p].[EtternavnAnon], [p].[Fornavn], [p].[FornavnAnon], [p].[Fødselsnummer], [p].[Født], [p].[IsPerson], [p].[KjønnTypeFK], [p].[Navn], [p].[OpprinnelseslandTypeFk], [p].[Orgnr], [p].[PartyFK], [p].[Personnummer], [p].[RefAnsattNr], [p].[RefBrukerNavn], [p].[RefOdaFoshjemNrEgneBarn1], [p].[RefOdaFoshjemNrEgneBarn2], [p].[RefOdaFoshjemNrEgneBarn3], [p].[RefOdaFoshjemNrFar], [p].[RefOdaFoshjemNrMor], [p].[RefOdaNr], [p].[RefOdaNrFar], [p].[RefOdaNrMor], [p].[RegAv], [p].[RegDato], [p].[SivilstandTypeFK], [p].[StatborgerskapFK], [p].[Stilling], [p].[UsikkerFødselsdato], [p].[UsikkerFødselsnummer], [p].[Virksomhetsnavn]\r\nFROM [Person] AS [p]\r\nWHERE [p].[Fødselsnummer] = @__fnr_0","EventId":{"Id":20101,"Name":"Microsoft.EntityFrameworkCore.Database.Command.CommandExecuted"},"SourceContext":"Microsoft.EntityFrameworkCore.Database.Command","ActionId":"19912ee2-635a-4b01-913f-bafd74dadb84","ActionName":"Birk.BarnAPI.Web.Endpoints.PersonEndpoints.GetPersonByFnr.HandleAsync (Birk.BarnAPI.Web)","RequestId":"0HMO8VEEBGQOJ:00000003","RequestPath":"/PersonByFnr/03022311111","ConnectionId":"0HMO8VEEBGQOJ","ApplicationName":"Barn.Api","CorrelationId":"802"}}
