{"Timestamp":"2023-02-24T22:10:57.2029486+01:00","Level":"Information","MessageTemplate":"Now listening on: {address}","Properties":{"address":"https://localhost:7040","EventId":{"Id":14,"Name":"ListeningOnAddress"},"SourceContext":"Microsoft.Hosting.Lifetime","ApplicationName":"Barn.Api"}}
{"Timestamp":"2023-02-24T22:10:57.2972547+01:00","Level":"Information","MessageTemplate":"Now listening on: {address}","Properties":{"address":"http://localhost:5152","EventId":{"Id":14,"Name":"ListeningOnAddress"},"SourceContext":"Microsoft.Hosting.Lifetime","ApplicationName":"Barn.Api"}}
{"Timestamp":"2023-02-24T22:10:57.3009497+01:00","Level":"Information","MessageTemplate":"Application started. Press Ctrl+C to shut down.","Properties":{"SourceContext":"Microsoft.Hosting.Lifetime","ApplicationName":"Barn.Api"}}
{"Timestamp":"2023-02-24T22:10:57.3013459+01:00","Level":"Information","MessageTemplate":"Hosting environment: {EnvName}","Properties":{"EnvName":"Development","SourceContext":"Microsoft.Hosting.Lifetime","ApplicationName":"Barn.Api"}}
{"Timestamp":"2023-02-24T22:10:57.3015251+01:00","Level":"Information","MessageTemplate":"Content root path: {ContentRoot}","Properties":{"ContentRoot":"C:\\Repos\\Birk.Barn.API\\Birk.BarnAPI","SourceContext":"Microsoft.Hosting.Lifetime","ApplicationName":"Barn.Api"}}
{"Timestamp":"2023-02-24T22:11:14.8498812+01:00","Level":"Information","MessageTemplate":"Entering {Method}","Properties":{"Method":"GetPersonByFnr","SourceContext":"Birk.BarnAPI.Web.Endpoints.PersonEndpoints.GetPersonByFnr","ActionId":"482c661d-9c52-4690-aa54-f88b9a2031df","ActionName":"Birk.BarnAPI.Web.Endpoints.PersonEndpoints.GetPersonByFnr.HandleAsync (Birk.BarnAPI.Web)","RequestId":"0HMOMLEFR2TEA:00000001","RequestPath":"/PersonByFnr/03022311111","ConnectionId":"0HMOMLEFR2TEA","ApplicationName":"Barn.Api","CorrelationId":"802"}}
{"Timestamp":"2023-02-24T22:11:20.5910985+01:00","Level":"Information","MessageTemplate":"Executed DbCommand ({elapsed}ms) [Parameters=[{parameters}], CommandType='{commandType}', CommandTimeout='{commandTimeout}']{newLine}{commandText}","Properties":{"elapsed":"266","parameters":"@__fnr_0='?' (Size = 12) (DbType = AnsiString)","commandType":"Text","commandTimeout":30,"newLine":"\r\n","commandText":"SELECT TOP(1) [p].[PersonPK], [p].[BekreftetDSFAdresseDato], [p].[ComputedSearchNavnFødtBirk], [p].[Dufnummer], [p].[Død], [p].[EndretAv], [p].[EndretDato], [p].[ErSlettet], [p].[ErSlettetDato], [p].[Etternavn], [p].[EtternavnAnon], [p].[Fornavn], [p].[FornavnAnon], [p].[Fødselsnummer], [p].[Født], [p].[IsPerson], [p].[KjønnTypeFK], [p].[Navn], [p].[OpprinnelseslandTypeFk], [p].[Orgnr], [p].[PartyFK], [p].[Personnummer], [p].[RefAnsattNr], [p].[RefBrukerNavn], [p].[RefOdaFoshjemNrEgneBarn1], [p].[RefOdaFoshjemNrEgneBarn2], [p].[RefOdaFoshjemNrEgneBarn3], [p].[RefOdaFoshjemNrFar], [p].[RefOdaFoshjemNrMor], [p].[RefOdaNr], [p].[RefOdaNrFar], [p].[RefOdaNrMor], [p].[RegAv], [p].[RegDato], [p].[SivilstandTypeFK], [p].[StatborgerskapFK], [p].[Stilling], [p].[UsikkerFødselsdato], [p].[UsikkerFødselsnummer], [p].[Virksomhetsnavn]\r\nFROM [Person] AS [p]\r\nWHERE [p].[Fødselsnummer] = @__fnr_0","EventId":{"Id":20101,"Name":"Microsoft.EntityFrameworkCore.Database.Command.CommandExecuted"},"SourceContext":"Microsoft.EntityFrameworkCore.Database.Command","ActionId":"482c661d-9c52-4690-aa54-f88b9a2031df","ActionName":"Birk.BarnAPI.Web.Endpoints.PersonEndpoints.GetPersonByFnr.HandleAsync (Birk.BarnAPI.Web)","RequestId":"0HMOMLEFR2TEA:00000001","RequestPath":"/PersonByFnr/03022311111","ConnectionId":"0HMOMLEFR2TEA","ApplicationName":"Barn.Api","CorrelationId":"802"}}
