{"Timestamp":"2023-05-03T09:23:43.5869257+02:00","Level":"Information","MessageTemplate":"Now listening on: {address}","Properties":{"address":"https://localhost:7040","EventId":{"Id":14,"Name":"ListeningOnAddress"},"SourceContext":"Microsoft.Hosting.Lifetime","ApplicationName":"Barn.Api"}}
{"Timestamp":"2023-05-03T09:23:43.6198060+02:00","Level":"Information","MessageTemplate":"Now listening on: {address}","Properties":{"address":"http://localhost:5152","EventId":{"Id":14,"Name":"ListeningOnAddress"},"SourceContext":"Microsoft.Hosting.Lifetime","ApplicationName":"Barn.Api"}}
{"Timestamp":"2023-05-03T09:23:43.6221697+02:00","Level":"Information","MessageTemplate":"Application started. Press Ctrl+C to shut down.","Properties":{"SourceContext":"Microsoft.Hosting.Lifetime","ApplicationName":"Barn.Api"}}
{"Timestamp":"2023-05-03T09:23:43.6224041+02:00","Level":"Information","MessageTemplate":"Hosting environment: {EnvName}","Properties":{"EnvName":"Development","SourceContext":"Microsoft.Hosting.Lifetime","ApplicationName":"Barn.Api"}}
{"Timestamp":"2023-05-03T09:23:43.6224817+02:00","Level":"Information","MessageTemplate":"Content root path: {ContentRoot}","Properties":{"ContentRoot":"C:\\Repos\\Birk.Barn.API\\Birk.BarnAPI","SourceContext":"Microsoft.Hosting.Lifetime","ApplicationName":"Barn.Api"}}
{"Timestamp":"2023-05-03T09:24:07.0999451+02:00","Level":"Information","MessageTemplate":"Entering {Method}","Properties":{"Method":"GetBarnOgPersonByFnr","SourceContext":"Birk.BarnAPI.Web.Endpoints.BarnEndpoints.GetBarnOgPersonByFnr","ActionId":"49e42849-3683-449a-a6d0-ae74bc919dc9","ActionName":"Birk.BarnAPI.Web.Endpoints.BarnEndpoints.GetBarnOgPersonByFnr.HandleAsync (Birk.BarnAPI.Web)","RequestId":"0HMQBKTAD3MLB:00000013","RequestPath":"/BarnOgPersonByFnr/11111111111","ConnectionId":"0HMQBKTAD3MLB","ApplicationName":"Barn.Api","CorrelationId":"79010563-b2e8-44af-99e6-591cb9f6e82c"}}
{"Timestamp":"2023-05-03T09:24:09.1505639+02:00","Level":"Information","MessageTemplate":"Executed DbCommand ({elapsed}ms) [Parameters=[{parameters}], CommandType='{commandType}', CommandTimeout='{commandTimeout}']{newLine}{commandText}","Properties":{"elapsed":"59","parameters":"@__fnr_0='?' (Size = 12) (DbType = AnsiString)","commandType":"Text","commandTimeout":30,"newLine":"\r\n","commandText":"SELECT TOP(1) [b].[BarnPK] AS [BarnPk], [b].[BarnTypeFK] AS [BarnTypeFk], [b].[BirkID] AS [BirkId], [b].[RegAv], [b].[RegDato], [b].[EndretAv], [b].[EndretDato], [p].[Fornavn], [p].[Etternavn], [p].[KjønnTypeFK] AS [KjønnTypeFk], [p].[Født], [p].[Fødselsnummer], [p].[Personnummer]\r\nFROM [Barn] AS [b]\r\nINNER JOIN [Person] AS [p] ON [b].[PersonFK] = [p].[PersonPK]\r\nWHERE [p].[Fødselsnummer] = @__fnr_0","EventId":{"Id":20101,"Name":"Microsoft.EntityFrameworkCore.Database.Command.CommandExecuted"},"SourceContext":"Microsoft.EntityFrameworkCore.Database.Command","ActionId":"49e42849-3683-449a-a6d0-ae74bc919dc9","ActionName":"Birk.BarnAPI.Web.Endpoints.BarnEndpoints.GetBarnOgPersonByFnr.HandleAsync (Birk.BarnAPI.Web)","RequestId":"0HMQBKTAD3MLB:00000013","RequestPath":"/BarnOgPersonByFnr/11111111111","ConnectionId":"0HMQBKTAD3MLB","ApplicationName":"Barn.Api","CorrelationId":"79010563-b2e8-44af-99e6-591cb9f6e82c"}}
{"Timestamp":"2023-05-03T09:25:39.9831734+02:00","Level":"Information","MessageTemplate":"Entering {Method}","Properties":{"Method":"GetBarnOgPersonByFnr","SourceContext":"Birk.BarnAPI.Web.Endpoints.BarnEndpoints.GetBarnOgPersonByFnr","ActionId":"49e42849-3683-449a-a6d0-ae74bc919dc9","ActionName":"Birk.BarnAPI.Web.Endpoints.BarnEndpoints.GetBarnOgPersonByFnr.HandleAsync (Birk.BarnAPI.Web)","RequestId":"0HMQBKTAD3MLB:00000015","RequestPath":"/BarnOgPersonByFnr/11111111111","ConnectionId":"0HMQBKTAD3MLB","ApplicationName":"Barn.Api","CorrelationId":"a516df46-381e-4f85-919e-ce80abc84b7b"}}
{"Timestamp":"2023-05-03T09:25:40.0545826+02:00","Level":"Information","MessageTemplate":"Executed DbCommand ({elapsed}ms) [Parameters=[{parameters}], CommandType='{commandType}', CommandTimeout='{commandTimeout}']{newLine}{commandText}","Properties":{"elapsed":"7","parameters":"@__fnr_0='?' (Size = 12) (DbType = AnsiString)","commandType":"Text","commandTimeout":30,"newLine":"\r\n","commandText":"SELECT TOP(1) [b].[BarnPK] AS [BarnPk], [b].[BarnTypeFK] AS [BarnTypeFk], [b].[BirkID] AS [BirkId], [b].[RegAv], [b].[RegDato], [b].[EndretAv], [b].[EndretDato], [p].[Fornavn], [p].[Etternavn], [p].[KjønnTypeFK] AS [KjønnTypeFk], [p].[Født], [p].[Fødselsnummer], [p].[Personnummer]\r\nFROM [Barn] AS [b]\r\nINNER JOIN [Person] AS [p] ON [b].[PersonFK] = [p].[PersonPK]\r\nWHERE [p].[Fødselsnummer] = @__fnr_0","EventId":{"Id":20101,"Name":"Microsoft.EntityFrameworkCore.Database.Command.CommandExecuted"},"SourceContext":"Microsoft.EntityFrameworkCore.Database.Command","ActionId":"49e42849-3683-449a-a6d0-ae74bc919dc9","ActionName":"Birk.BarnAPI.Web.Endpoints.BarnEndpoints.GetBarnOgPersonByFnr.HandleAsync (Birk.BarnAPI.Web)","RequestId":"0HMQBKTAD3MLB:00000015","RequestPath":"/BarnOgPersonByFnr/11111111111","ConnectionId":"0HMQBKTAD3MLB","ApplicationName":"Barn.Api","CorrelationId":"a516df46-381e-4f85-919e-ce80abc84b7b"}}
{"Timestamp":"2023-05-03T09:25:57.2055676+02:00","Level":"Information","MessageTemplate":"Entering {Method}","Properties":{"Method":"GetBarnOgPersonByFnr","SourceContext":"Birk.BarnAPI.Web.Endpoints.BarnEndpoints.GetBarnOgPersonByFnr","ActionId":"49e42849-3683-449a-a6d0-ae74bc919dc9","ActionName":"Birk.BarnAPI.Web.Endpoints.BarnEndpoints.GetBarnOgPersonByFnr.HandleAsync (Birk.BarnAPI.Web)","RequestId":"0HMQBKTAD3MLB:00000017","RequestPath":"/BarnOgPersonByFnr/11111111111","ConnectionId":"0HMQBKTAD3MLB","ApplicationName":"Barn.Api","CorrelationId":"483e8f63-85b5-4329-a537-70e8eadd8d90"}}
{"Timestamp":"2023-05-03T09:25:57.2260514+02:00","Level":"Information","MessageTemplate":"Executed DbCommand ({elapsed}ms) [Parameters=[{parameters}], CommandType='{commandType}', CommandTimeout='{commandTimeout}']{newLine}{commandText}","Properties":{"elapsed":"6","parameters":"@__fnr_0='?' (Size = 12) (DbType = AnsiString)","commandType":"Text","commandTimeout":30,"newLine":"\r\n","commandText":"SELECT TOP(1) [b].[BarnPK] AS [BarnPk], [b].[BarnTypeFK] AS [BarnTypeFk], [b].[BirkID] AS [BirkId], [b].[RegAv], [b].[RegDato], [b].[EndretAv], [b].[EndretDato], [p].[Fornavn], [p].[Etternavn], [p].[KjønnTypeFK] AS [KjønnTypeFk], [p].[Født], [p].[Fødselsnummer], [p].[Personnummer]\r\nFROM [Barn] AS [b]\r\nINNER JOIN [Person] AS [p] ON [b].[PersonFK] = [p].[PersonPK]\r\nWHERE [p].[Fødselsnummer] = @__fnr_0","EventId":{"Id":20101,"Name":"Microsoft.EntityFrameworkCore.Database.Command.CommandExecuted"},"SourceContext":"Microsoft.EntityFrameworkCore.Database.Command","ActionId":"49e42849-3683-449a-a6d0-ae74bc919dc9","ActionName":"Birk.BarnAPI.Web.Endpoints.BarnEndpoints.GetBarnOgPersonByFnr.HandleAsync (Birk.BarnAPI.Web)","RequestId":"0HMQBKTAD3MLB:00000017","RequestPath":"/BarnOgPersonByFnr/11111111111","ConnectionId":"0HMQBKTAD3MLB","ApplicationName":"Barn.Api","CorrelationId":"483e8f63-85b5-4329-a537-70e8eadd8d90"}}
{"Timestamp":"2023-05-03T09:26:45.6520875+02:00","Level":"Information","MessageTemplate":"Entering {Method}","Properties":{"Method":"GetBarnOgPersonByFnr","SourceContext":"Birk.BarnAPI.Web.Endpoints.BarnEndpoints.GetBarnOgPersonByFnr","ActionId":"49e42849-3683-449a-a6d0-ae74bc919dc9","ActionName":"Birk.BarnAPI.Web.Endpoints.BarnEndpoints.GetBarnOgPersonByFnr.HandleAsync (Birk.BarnAPI.Web)","RequestId":"0HMQBKTAD3MLB:00000019","RequestPath":"/BarnOgPersonByFnr/11111111111","ConnectionId":"0HMQBKTAD3MLB","ApplicationName":"Barn.Api","CorrelationId":"70242d83-6e4f-4682-9fd2-4d3452ce1c0c"}}
{"Timestamp":"2023-05-03T09:28:48.5252867+02:00","Level":"Information","MessageTemplate":"Executed DbCommand ({elapsed}ms) [Parameters=[{parameters}], CommandType='{commandType}', CommandTimeout='{commandTimeout}']{newLine}{commandText}","Properties":{"elapsed":"3","parameters":"@__fnr_0='?' (Size = 12) (DbType = AnsiString)","commandType":"Text","commandTimeout":30,"newLine":"\r\n","commandText":"SELECT TOP(1) [b].[BarnPK] AS [BarnPk], [b].[BarnTypeFK] AS [BarnTypeFk], [b].[BirkID] AS [BirkId], [b].[RegAv], [b].[RegDato], [b].[EndretAv], [b].[EndretDato], [p].[Fornavn], [p].[Etternavn], [p].[KjønnTypeFK] AS [KjønnTypeFk], [p].[Født], [p].[Fødselsnummer], [p].[Personnummer]\r\nFROM [Barn] AS [b]\r\nINNER JOIN [Person] AS [p] ON [b].[PersonFK] = [p].[PersonPK]\r\nWHERE [p].[Fødselsnummer] = @__fnr_0","EventId":{"Id":20101,"Name":"Microsoft.EntityFrameworkCore.Database.Command.CommandExecuted"},"SourceContext":"Microsoft.EntityFrameworkCore.Database.Command","ActionId":"49e42849-3683-449a-a6d0-ae74bc919dc9","ActionName":"Birk.BarnAPI.Web.Endpoints.BarnEndpoints.GetBarnOgPersonByFnr.HandleAsync (Birk.BarnAPI.Web)","RequestId":"0HMQBKTAD3MLB:00000019","RequestPath":"/BarnOgPersonByFnr/11111111111","ConnectionId":"0HMQBKTAD3MLB","ApplicationName":"Barn.Api","CorrelationId":"70242d83-6e4f-4682-9fd2-4d3452ce1c0c"}}
{"Timestamp":"2023-05-03T09:29:06.2973662+02:00","Level":"Information","MessageTemplate":"Entering {Method}","Properties":{"Method":"GetPersonByFnr","SourceContext":"Birk.BarnAPI.Web.Endpoints.PersonEndpoints.GetPersonByFnr","ActionId":"2d864f06-e1a1-4a52-ac2e-a08b9a060c25","ActionName":"Birk.BarnAPI.Web.Endpoints.PersonEndpoints.GetPersonByFnr.HandleAsync (Birk.BarnAPI.Web)","RequestId":"0HMQBKTAD3MLB:0000001B","RequestPath":"/PersonByFnr/11111111111","ConnectionId":"0HMQBKTAD3MLB","ApplicationName":"Barn.Api","CorrelationId":"55c1fdf2-6914-424a-b757-b525f9b10181"}}
{"Timestamp":"2023-05-03T09:29:06.3546699+02:00","Level":"Information","MessageTemplate":"Executed DbCommand ({elapsed}ms) [Parameters=[{parameters}], CommandType='{commandType}', CommandTimeout='{commandTimeout}']{newLine}{commandText}","Properties":{"elapsed":"10","parameters":"@__fnr_0='?' (Size = 12) (DbType = AnsiString)","commandType":"Text","commandTimeout":30,"newLine":"\r\n","commandText":"SELECT TOP(1) [p].[PersonPK], [p].[BekreftetDSFAdresseDato], [p].[ComputedSearchNavnFødtBirk], [p].[Dufnummer], [p].[Død], [p].[EndretAv], [p].[EndretDato], [p].[ErSlettet], [p].[ErSlettetDato], [p].[Etternavn], [p].[EtternavnAnon], [p].[Fornavn], [p].[FornavnAnon], [p].[Fødselsnummer], [p].[Født], [p].[IsPerson], [p].[KjønnTypeFK], [p].[Navn], [p].[OpprinnelseslandTypeFk], [p].[Orgnr], [p].[PartyFK], [p].[Personnummer], [p].[RefAnsattNr], [p].[RefBrukerNavn], [p].[RefOdaFoshjemNrEgneBarn1], [p].[RefOdaFoshjemNrEgneBarn2], [p].[RefOdaFoshjemNrEgneBarn3], [p].[RefOdaFoshjemNrFar], [p].[RefOdaFoshjemNrMor], [p].[RefOdaNr], [p].[RefOdaNrFar], [p].[RefOdaNrMor], [p].[RegAv], [p].[RegDato], [p].[SivilstandTypeFK], [p].[StatborgerskapFK], [p].[Stilling], [p].[UsikkerFødselsdato], [p].[UsikkerFødselsnummer], [p].[Virksomhetsnavn]\r\nFROM [Person] AS [p]\r\nWHERE [p].[Fødselsnummer] = @__fnr_0","EventId":{"Id":20101,"Name":"Microsoft.EntityFrameworkCore.Database.Command.CommandExecuted"},"SourceContext":"Microsoft.EntityFrameworkCore.Database.Command","ActionId":"2d864f06-e1a1-4a52-ac2e-a08b9a060c25","ActionName":"Birk.BarnAPI.Web.Endpoints.PersonEndpoints.GetPersonByFnr.HandleAsync (Birk.BarnAPI.Web)","RequestId":"0HMQBKTAD3MLB:0000001B","RequestPath":"/PersonByFnr/11111111111","ConnectionId":"0HMQBKTAD3MLB","ApplicationName":"Barn.Api","CorrelationId":"55c1fdf2-6914-424a-b757-b525f9b10181"}}
{"Timestamp":"2023-05-03T09:47:29.1688282+02:00","Level":"Information","MessageTemplate":"Now listening on: {address}","Properties":{"address":"https://localhost:7040","EventId":{"Id":14,"Name":"ListeningOnAddress"},"SourceContext":"Microsoft.Hosting.Lifetime","ApplicationName":"Barn.Api"}}
{"Timestamp":"2023-05-03T09:47:29.2079469+02:00","Level":"Information","MessageTemplate":"Now listening on: {address}","Properties":{"address":"http://localhost:5152","EventId":{"Id":14,"Name":"ListeningOnAddress"},"SourceContext":"Microsoft.Hosting.Lifetime","ApplicationName":"Barn.Api"}}
{"Timestamp":"2023-05-03T09:47:29.2092527+02:00","Level":"Information","MessageTemplate":"Application started. Press Ctrl+C to shut down.","Properties":{"SourceContext":"Microsoft.Hosting.Lifetime","ApplicationName":"Barn.Api"}}
{"Timestamp":"2023-05-03T09:47:29.2094266+02:00","Level":"Information","MessageTemplate":"Hosting environment: {EnvName}","Properties":{"EnvName":"Development","SourceContext":"Microsoft.Hosting.Lifetime","ApplicationName":"Barn.Api"}}
{"Timestamp":"2023-05-03T09:47:29.2095469+02:00","Level":"Information","MessageTemplate":"Content root path: {ContentRoot}","Properties":{"ContentRoot":"C:\\Repos\\Birk.Barn.API\\Birk.BarnAPI","SourceContext":"Microsoft.Hosting.Lifetime","ApplicationName":"Barn.Api"}}
